VPOP,AKTb,AKTt,BRAFb,BRAFt,CRAFb,CRAFt,dmax,ERKb,ERKt,F1,F2,F3,F4,F5,G13,G14,G23,G24,G33,G34,Gspry,Gdusp,k1,k2,k3,k4,k5,k6,k7,k8,ka1,ka2,ka3,ka4,ka5,ke1,ke2,ke3,ke4,ke5,kFB1,kFB2,kFB3,kFB4,kg,ki1,ki2,ki3,ki4,ki5,MEKb,MEKt,p1,p2,p3,p4,p5,PI3Kb,PI3Kt,q2,r1,r2,r3,r4,r5,RASb,RASt,RTK1b,RTK1t,RTK2b,RTK2t,RTK3b,RTK3t,S6b,S6t,tau1,tau2,tau3,tau4,tau5,tau6,tau7,tau8,tauFB1,tauFB2,tauFB3,tauFB4,taug,taui1,taui2,taui3,taui4,taui5,umax,V1,V2,V3,V3b,V4,V5,Vmax,wOR,wRAS,PW
1,0,1,0.9,2.12957,0,1.04341,0.0384956,0,1,1,1,1,1,1,0.52095,0,0,0,0,0,0.597152,1,0.75,0.1,2.23071,2.60912,2.74625,3,1,1,1,4.5,33,35,1,0.148532,0.282456,0.630137,0.882162,1,0.1,0.436051,2.97523,2,0.468373,1,2,0.65,0.65,1,0.00344585,0.341327,1,1,1,1,1,0.425854,1,210,3.43599,1.16773,0.959577,1,10,0.0673559,1.07616,0,0.0262151,0,0.0342619,0,0,0,1,0.5,2.32498,0.671868,0.1,0.408685,0.1,0.25,0.25,10,0.348731,0.1,0.1,0.241479,0.0304,0.028339,0.000779559,0.0254685,1,0.075,4.5,114,487,295,171,1,12,1,0.780515,0.000179637
2,0,1,0.9,0.9,0,0.885524,0.0350933,0,1,1,1,1,1,1,0.645297,0,0,0,0,0,0.421775,1,0.75,0.1,2.23071,2.60912,2.74625,3,1,1,1,4.5,33,35,1,0.148532,0.282456,0.630137,0.882162,1,0.1,0.436051,2.97523,2,0.468373,1,2,0.65,0.65,1,0.000488539,2.59691,1,1,1,1,1,0.0445933,1,210,3.43599,1.16773,0.959577,1,10,0.0922749,0.23467,0,0.745817,0,0.036108,0,0,0,1,0.5,2.32498,0.671868,0.1,0.408685,0.1,0.25,0.25,10,0.348731,0.1,0.1,0.241479,0.0304,0.028339,0.000779559,0.0254685,1,0.075,4.5,114,487,295,171,1,12,0.930074,0.892109,0.00707997
3,0,1,0.9,1.39974,0,1.14688,0.0420373,0,1,1,1,1,1,1,0.184503,0,0,0,0,0,0.399251,0.32282,0.75,0.1,2.23071,2.60912,2.74625,3,1,1,1,4.5,33,35,1,0.148532,0.282456,0.630137,0.882162,1,0.1,0.436051,2.97523,2,0.468373,1,2,0.65,0.65,1,0.00378054,0.707874,1,1,1,1,1,0.00807931,1,210,3.43599,1.16773,0.959577,1,10,0.0179276,0.130908,0,0.0482679,0,0.0337085,0,0,0,1,0.5,2.32498,0.671868,0.1,0.408685,0.1,0.25,0.25,10,0.348731,0.1,0.1,0.241479,0.0304,0.028339,0.000779559,0.0254685,1,0.075,4.5,114,487,295,171,1,12,0.822626,0.861393,0.00707997
4,0,1,0.9,0.9,0,0.963313,0.0411121,0,1,1,1,1,1,1,0.757558,0,0,0,0,0,0.0468355,0.560986,0.75,0.1,2.23071,2.60912,2.74625,3,1,1,1,4.5,33,35,1,0.148532,0.282456,0.630137,0.882162,1,0.1,0.436051,2.97523,2,0.468373,1,2,0.65,0.65,1,0.0352697,0.309403,1,1,1,1,1,0.0411303,1,210,3.43599,1.16773,0.959577,1,10,0.0285047,5.77435,0,2.55957,0,0.418337,0,0,0,1,0.5,2.32498,0.671868,0.1,0.408685,0.1,0.25,0.25,10,0.348731,0.1,0.1,0.241479,0.0304,0.028339,0.000779559,0.0254685,1,0.075,4.5,114,487,295,171,1,12,0.832569,0.758765,3.42093e-13
5,0,1,0.9,0.9,0,0.804623,0.0357164,0,1,1,1,1,1,1,0.238679,0,0,0,0,0,0.0925312,0.692075,0.75,0.1,2.23071,2.60912,2.74625,3,1,1,1,4.5,33,35,1,0.148532,0.282456,0.630137,0.882162,1,0.1,0.436051,2.97523,2,0.468373,1,2,0.65,0.65,1,0.0224957,2.01563,1,1,1,1,1,0.0196102,1,210,3.43599,1.16773,0.959577,1,10,0.0459011,3.67825,0,1.44384,0,11.0093,0,0,0,1,0.5,2.32498,0.671868,0.1,0.408685,0.1,0.25,0.25,10,0.348731,0.1,0.1,0.241479,0.0304,0.028339,0.000779559,0.0254685,1,0.075,4.5,114,487,295,171,1,12,0.960637,0.822141,3.42093e-13
6,0,1,0.9,0.9,0,0.906601,0.0474859,0,1,1,1,1,1,1,0.980571,0,0,0,0,0,1,1,0.75,0.1,2.23071,2.60912,2.74625,3,1,1,1,4.5,33,35,1,0.148532,0.282456,0.630137,0.882162,1,0.1,0.436051,2.97523,2,0.468373,1,2,0.65,0.65,1,0.00569015,0.229244,1,1,1,1,1,0.128831,1,210,3.43599,1.16773,0.959577,1,10,0.0726576,4.0559,0,0.122769,0,0.23291,0,0,0,1,0.5,2.32498,0.671868,0.1,0.408685,0.1,0.25,0.25,10,0.348731,0.1,0.1,0.241479,0.0304,0.028339,0.000779559,0.0254685,1,0.075,4.5,114,487,295,171,1,12,0.968389,0.977892,4.0572e-09
7,0,1,0.9,3.34007,0,0.906733,0.0412859,0,1,1,1,1,1,1,0.435731,0,0,0,0,0,1,0.265184,0.75,0.1,2.23071,2.60912,2.74625,3,1,1,1,4.5,33,35,1,0.148532,0.282456,0.630137,0.882162,1,0.1,0.436051,2.97523,2,0.468373,1,2,0.65,0.65,1,0.00449222,0.314987,1,1,1,1,1,3.58616,3.58616,210,3.43599,1.16773,0.959577,1,10,0.0110008,0.183123,0,1.53855,0,0.0779069,0,0,0,1,0.5,2.32498,0.671868,0.1,0.408685,0.1,0.25,0.25,10,0.348731,0.1,0.1,0.241479,0.0304,0.028339,0.000779559,0.0254685,1,0.075,4.5,114,487,295,171,1,12,1,0.818076,0.000179637
8,0,1,0.9,1.05321,0,0.992492,0.0412391,0,1,1,1,1,1,1,1,0,0,0,0,0,0.250434,0.181007,0.75,0.1,2.23071,2.60912,2.74625,3,1,1,1,4.5,33,35,1,0.148532,0.282456,0.630137,0.882162,1,0.1,0.436051,2.97523,2,0.468373,1,2,0.65,0.65,1,0.998263,0.998263,1,1,1,1,1,0.111185,1,210,3.43599,1.16773,0.959577,1,10,0.11146,1.45965,0,0.397436,0,0.0202327,0,0,0,1,0.5,2.32498,0.671868,0.1,0.408685,0.1,0.25,0.25,10,0.348731,0.1,0.1,0.241479,0.0304,0.028339,0.000779559,0.0254685,1,0.075,4.5,114,487,295,171,1,12,1,0.912658,2.18521e-13
9,0,1,0.9,5.71447,0,0.938293,0.0390191,0,1,1,1,1,1,1,0.851291,0,0,0,0,0,0.309189,0.396057,0.75,0.1,2.23071,2.60912,2.74625,3,1,1,1,4.5,33,35,1,0.148532,0.282456,0.630137,0.882162,1,0.1,0.436051,2.97523,2,0.468373,1,2,0.65,0.65,1,0.0407089,0.527581,1,1,1,1,1,0.0917307,1,210,3.43599,1.16773,0.959577,1,10,0.058182,2.02011,0,0.180197,0,1.19984,0,0,0,1,0.5,2.32498,0.671868,0.1,0.408685,0.1,0.25,0.25,10,0.348731,0.1,0.1,0.241479,0.0304,0.028339,0.000779559,0.0254685,1,0.075,4.5,114,487,295,171,1,12,0.912952,1,2.22739e-13
10,0,1,0.9,2.21668,0,0.895985,0.0349604,0,1,1,1,1,1,1,1,0,0,0,0,0,0.323257,0.712177,0.75,0.1,2.23071,2.60912,2.74625,3,1,1,1,4.5,33,35,1,0.148532,0.282456,0.630137,0.882162,1,0.1,0.436051,2.97523,2,0.468373,1,2,0.65,0.65,1,0.0018561,1.70289,1,1,1,1,1,0.0848609,1,210,3.43599,1.16773,0.959577,1,10,0.212229,2.0973,0,0.590351,0,0.027601,0,0,0,1,0.5,2.32498,0.671868,0.1,0.408685,0.1,0.25,0.25,10,0.348731,0.1,0.1,0.241479,0.0304,0.028339,0.000779559,0.0254685,1,0.075,4.5,114,487,295,171,1,12,1,0.842548,0
11,0,1,0.9,0.9,0,0.909124,0.0414697,0,1,1,1,1,1,1,1,0,0,0,0,0,0.724577,0.798231,0.75,0.1,2.23071,2.60912,2.74625,3,1,1,1,4.5,33,35,1,0.148532,0.282456,0.630137,0.882162,1,0.1,0.436051,2.97523,2,0.468373,1,2,0.65,0.65,1,0.00691898,0.0873201,1,1,1,1,1,0.0234145,1,210,3.43599,1.16773,0.959577,1,10,1.96525,1.96525,0,0.14767,0,0.0304056,0,0,0,1,0.5,2.32498,0.671868,0.1,0.408685,0.1,0.25,0.25,10,0.348731,0.1,0.1,0.241479,0.0304,0.028339,0.000779559,0.0254685,1,0.075,4.5,114,487,295,171,1,12,0.994978,0.7613,0
12,0,1,0.9,1.34543,0,1.09233,0.0440897,0,1,1,1,1,1,1,0.608542,0,0,0,0,0,0.179534,0.316745,0.75,0.1,2.23071,2.60912,2.74625,3,1,1,1,4.5,33,35,1,0.148532,0.282456,0.630137,0.882162,1,0.1,0.436051,2.97523,2,0.468373,1,2,0.65,0.65,1,0.0204742,1.16357,1,1,1,1,1,0.00147647,1,210,3.43599,1.16773,0.959577,1,10,0.0440624,2.14137,0,0.0167889,0,0.0439265,0,0,0,1,0.5,2.32498,0.671868,0.1,0.408685,0.1,0.25,0.25,10,0.348731,0.1,0.1,0.241479,0.0304,0.028339,0.000779559,0.0254685,1,0.075,4.5,114,487,295,171,1,12,1,0.953798,0
13,0,1,0.9,1.27022,0,1.10039,0.0378751,0,1,1,1,1,1,1,0.0639006,0,0,0,0,0,0.104336,1,0.75,0.1,2.23071,2.60912,2.74625,3,1,1,1,4.5,33,35,1,0.148532,0.282456,0.630137,0.882162,1,0.1,0.436051,2.97523,2,0.468373,1,2,0.65,0.65,1,0.000164816,0.469478,1,1,1,1,1,1.5162,1.5162,210,3.43599,1.16773,0.959577,1,10,0.0220336,1.12466,0,1.41072,0,0.155727,0,0,0,1,0.5,2.32498,0.671868,0.1,0.408685,0.1,0.25,0.25,10,0.348731,0.1,0.1,0.241479,0.0304,0.028339,0.000779559,0.0254685,1,0.075,4.5,114,487,295,171,1,12,1,0.729266,0
14,0,1,0.9,1.82676,0,0.962355,0.0449787,0,1,1,1,1,1,1,0.925429,0,0,0,0,0,0.379446,0.278455,0.75,0.1,2.23071,2.60912,2.74625,3,1,1,1,4.5,33,35,1,0.148532,0.282456,0.630137,0.882162,1,0.1,0.436051,2.97523,2,0.468373,1,2,0.65,0.65,1,0.00681435,11.7469,1,1,1,1,1,0.0171535,1,210,3.43599,1.16773,0.959577,1,10,0.0180375,2.219,0,0.514867,0,0.0165122,0,0,0,1,0.5,2.32498,0.671868,0.1,0.408685,0.1,0.25,0.25,10,0.348731,0.1,0.1,0.241479,0.0304,0.028339,0.000779559,0.0254685,1,0.075,4.5,114,487,295,171,1,12,0.992256,0.955488,6.93579e-14
15,0,1,0.9,1.93204,0,0.945695,0.0451223,0,1,1,1,1,1,1,1,0,0,0,0,0,0.256086,0.0643205,0.75,0.1,2.23071,2.60912,2.74625,3,1,1,1,4.5,33,35,1,0.148532,0.282456,0.630137,0.882162,1,0.1,0.436051,2.97523,2,0.468373,1,2,0.65,0.65,1,0.00321305,1.95342,1,1,1,1,1,0.0960183,1,210,3.43599,1.16773,0.959577,1,10,0.0337715,0.645805,0,0.0687624,0,0.00128642,0,0,0,1,0.5,2.32498,0.671868,0.1,0.408685,0.1,0.25,0.25,10,0.348731,0.1,0.1,0.241479,0.0304,0.028339,0.000779559,0.0254685,1,0.075,4.5,114,487,295,171,1,12,0.942744,0.996511,0.000179637
16,0,1,0.9,1.14226,0,1.05699,0.0365115,0,1,1,1,1,1,1,0.691508,0,0,0,0,0,0.840322,0.200984,0.75,0.1,2.23071,2.60912,2.74625,3,1,1,1,4.5,33,35,1,0.148532,0.282456,0.630137,0.882162,1,0.1,0.436051,2.97523,2,0.468373,1,2,0.65,0.65,1,0.0115134,0.438725,1,1,1,1,1,0.104439,1,210,3.43599,1.16773,0.959577,1,10,0.235991,5.25801,0,0.441763,0,0.568508,0,0,0,1,0.5,2.32498,0.671868,0.1,0.408685,0.1,0.25,0.25,10,0.348731,0.1,0.1,0.241479,0.0304,0.028339,0.000779559,0.0254685,1,0.075,4.5,114,487,295,171,1,12,0.998828,0.801452,0
17,0,1,0.9,0.9,0,0.893456,0.0415918,0,1,1,1,1,1,1,0.0874651,0,0,0,0,0,0.388517,0.629212,0.75,0.1,2.23071,2.60912,2.74625,3,1,1,1,4.5,33,35,1,0.148532,0.282456,0.630137,0.882162,1,0.1,0.436051,2.97523,2,0.468373,1,2,0.65,0.65,1,0.00499403,0.674779,1,1,1,1,1,0.0051223,1,210,3.43599,1.16773,0.959577,1,10,0.0178281,1.43632,0,0.270022,0,0.000945263,0,0,0,1,0.5,2.32498,0.671868,0.1,0.408685,0.1,0.25,0.25,10,0.348731,0.1,0.1,0.241479,0.0304,0.028339,0.000779559,0.0254685,1,0.075,4.5,114,487,295,171,1,12,1,0.79946,0.000179637
18,0,1,0.9,4.75882,0,1.09054,0.0365899,0,1,1,1,1,1,1,0.380073,0,0,0,0,0,1,0.22293,0.75,0.1,2.23071,2.60912,2.74625,3,1,1,1,4.5,33,35,1,0.148532,0.282456,0.630137,0.882162,1,0.1,0.436051,2.97523,2,0.468373,1,2,0.65,0.65,1,1.50005,1.50005,1,1,1,1,1,0.381581,1,210,3.43599,1.16773,0.959577,1,10,0.768942,0.910958,0,0.0114515,0,0.0445998,0,0,0,1,0.5,2.32498,0.671868,0.1,0.408685,0.1,0.25,0.25,10,0.348731,0.1,0.1,0.241479,0.0304,0.028339,0.000779559,0.0254685,1,0.075,4.5,114,487,295,171,1,12,1,0.953726,3.42093e-13
19,0,1,0.9,1.59261,0,0.954428,0.0417404,0,1,1,1,1,1,1,0.410811,0,0,0,0,0,0.517946,0.225349,0.75,0.1,2.23071,2.60912,2.74625,3,1,1,1,4.5,33,35,1,0.148532,0.282456,0.630137,0.882162,1,0.1,0.436051,2.97523,2,0.468373,1,2,0.65,0.65,1,0.0379127,5.49122,1,1,1,1,1,0.0534671,1,210,3.43599,1.16773,0.959577,1,10,0.0177035,0.226993,0,0.00332182,0,0.123,0,0,0,1,0.5,2.32498,0.671868,0.1,0.408685,0.1,0.25,0.25,10,0.348731,0.1,0.1,0.241479,0.0304,0.028339,0.000779559,0.0254685,1,0.075,4.5,114,487,295,171,1,12,1,0.889448,1.23335e-08
20,0,1,0.9,2.06411,0,0.944734,0.0409407,0,1,1,1,1,1,1,0.332174,0,0,0,0,0,1,0.429801,0.75,0.1,2.23071,2.60912,2.74625,3,1,1,1,4.5,33,35,1,0.148532,0.282456,0.630137,0.882162,1,0.1,0.436051,2.97523,2,0.468373,1,2,0.65,0.65,1,0.015491,0.5512,1,1,1,1,1,0.00974911,1,210,3.43599,1.16773,0.959577,1,10,0.0707015,2.1692,0,0.167518,0,0.00268913,0,0,0,1,0.5,2.32498,0.671868,0.1,0.408685,0.1,0.25,0.25,10,0.348731,0.1,0.1,0.241479,0.0304,0.028339,0.000779559,0.0254685,1,0.075,4.5,114,487,295,171,1,12,1,0.983289,0.000179637
21,0,1,0.9,2.91137,0,1.17412,0.0483187,0,1,1,1,1,1,1,0.720365,0,0,0,0,0,0.515355,0.134002,0.75,0.1,2.23071,2.60912,2.74625,3,1,1,1,4.5,33,35,1,0.148532,0.282456,0.630137,0.882162,1,0.1,0.436051,2.97523,2,0.468373,1,2,0.65,0.65,1,0.0954951,1.94542,1,1,1,1,1,0.104758,1,210,3.43599,1.16773,0.959577,1,10,0.00899257,1.35371,0,0.00176964,0,0.612701,0,0,0,1,0.5,2.32498,0.671868,0.1,0.408685,0.1,0.25,0.25,10,0.348731,0.1,0.1,0.241479,0.0304,0.028339,0.000779559,0.0254685,1,0.075,4.5,114,487,295,171,1,12,0.975557,0.892608,0.00960555
22,0,1,0.9,1.54223,0,1.02014,0.0449453,0,1,1,1,1,1,1,0.31962,0,0,0,0,0,0.366707,0.23447,0.75,0.1,2.23071,2.60912,2.74625,3,1,1,1,4.5,33,35,1,0.148532,0.282456,0.630137,0.882162,1,0.1,0.436051,2.97523,2,0.468373,1,2,0.65,0.65,1,0.0714879,1.03957,1,1,1,1,1,0.00313967,1,210,3.43599,1.16773,0.959577,1,10,0.0128495,0.233198,0,0.374277,0,0.103382,0,0,0,1,0.5,2.32498,0.671868,0.1,0.408685,0.1,0.25,0.25,10,0.348731,0.1,0.1,0.241479,0.0304,0.028339,0.000779559,0.0254685,1,0.075,4.5,114,487,295,171,1,12,1,0.756657,0
23,0,1,0.9,2.72927,0,0.952603,0.0376723,0,1,1,1,1,1,1,1,0,0,0,0,0,0.107925,0.372148,0.75,0.1,2.23071,2.60912,2.74625,3,1,1,1,4.5,33,35,1,0.148532,0.282456,0.630137,0.882162,1,0.1,0.436051,2.97523,2,0.468373,1,2,0.65,0.65,1,0.0230095,1.13337,1,1,1,1,1,0.0908171,1,210,3.43599,1.16773,0.959577,1,10,0.061967,1.58059,0,0.0137427,0,0.00428831,0,0,0,1,0.5,2.32498,0.671868,0.1,0.408685,0.1,0.25,0.25,10,0.348731,0.1,0.1,0.241479,0.0304,0.028339,0.000779559,0.0254685,1,0.075,4.5,114,487,295,171,1,12,1,0.782946,0.000179637
24,0,1,0.9,0.9,0,1.00234,0.0444366,0,1,1,1,1,1,1,0.117879,0,0,0,0,0,0.793551,1,0.75,0.1,2.23071,2.60912,2.74625,3,1,1,1,4.5,33,35,1,0.148532,0.282456,0.630137,0.882162,1,0.1,0.436051,2.97523,2,0.468373,1,2,0.65,0.65,1,0.00464686,0.402976,1,1,1,1,1,0.0752396,1,210,3.43599,1.16773,0.959577,1,10,0.0214274,0.325688,0,0.459522,0,2.15291,0,0,0,1,0.5,2.32498,0.671868,0.1,0.408685,0.1,0.25,0.25,10,0.348731,0.1,0.1,0.241479,0.0304,0.028339,0.000779559,0.0254685,1,0.075,4.5,114,487,295,171,1,12,1,0.885369,0.000179637
25,0,1,0.9,1.08205,0,0.947864,0.041202,0,1,1,1,1,1,1,0.186175,0,0,0,0,0,0.329425,0.778797,0.75,0.1,2.23071,2.60912,2.74625,3,1,1,1,4.5,33,35,1,0.148532,0.282456,0.630137,0.882162,1,0.1,0.436051,2.97523,2,0.468373,1,2,0.65,0.65,1,0.000222259,1.03069,1,1,1,1,1,0.0246378,1,210,3.43599,1.16773,0.959577,1,10,0.221518,0.316094,0,0.0201105,0,0.0361456,0,0,0,1,0.5,2.32498,0.671868,0.1,0.408685,0.1,0.25,0.25,10,0.348731,0.1,0.1,0.241479,0.0304,0.028339,0.000779559,0.0254685,1,0.075,4.5,114,487,295,171,1,12,0.992501,0.887578,0.000179637
26,0,1,0.9,0.966537,0,0.996846,0.0355021,0,1,1,1,1,1,1,0.273163,0,0,0,0,0,0.576077,0.429821,0.75,0.1,2.23071,2.60912,2.74625,3,1,1,1,4.5,33,35,1,0.148532,0.282456,0.630137,0.882162,1,0.1,0.436051,2.97523,2,0.468373,1,2,0.65,0.65,1,0.187918,1.01973,1,1,1,1,1,0.00684345,1,210,3.43599,1.16773,0.959577,1,10,0.0268186,1.71014,0,0.0215709,0,0.0953776,0,0,0,1,0.5,2.32498,0.671868,0.1,0.408685,0.1,0.25,0.25,10,0.348731,0.1,0.1,0.241479,0.0304,0.028339,0.000779559,0.0254685,1,0.075,4.5,114,487,295,171,1,12,0.98524,0.83837,0
27,0,1,0.9,0.910777,0,0.987333,0.0401597,0,1,1,1,1,1,1,0.891039,0,0,0,0,0,0.898813,0.183537,0.75,0.1,2.23071,2.60912,2.74625,3,1,1,1,4.5,33,35,1,0.148532,0.282456,0.630137,0.882162,1,0.1,0.436051,2.97523,2,0.468373,1,2,0.65,0.65,1,0.000904032,2.36573,1,1,1,1,1,0.143448,1,210,3.43599,1.16773,0.959577,1,10,0.126423,1.75731,0,3.27009,0,0.148115,0,0,0,1,0.5,2.32498,0.671868,0.1,0.408685,0.1,0.25,0.25,10,0.348731,0.1,0.1,0.241479,0.0304,0.028339,0.000779559,0.0254685,1,0.075,4.5,114,487,295,171,1,12,0.904277,1,3.42093e-13
28,0,1,0.9,3.065,0,1.07873,0.037309,0,1,1,1,1,1,1,0.307904,0,0,0,0,0,1,1,0.75,0.1,2.23071,2.60912,2.74625,3,1,1,1,4.5,33,35,1,0.148532,0.282456,0.630137,0.882162,1,0.1,0.436051,2.97523,2,0.468373,1,2,0.65,0.65,1,0.000265318,4.59257,1,1,1,1,1,0.151911,1,210,3.43599,1.16773,0.959577,1,10,0.0274548,0.436871,0,0.233425,0,6.00209,0,0,0,1,0.5,2.32498,0.671868,0.1,0.408685,0.1,0.25,0.25,10,0.348731,0.1,0.1,0.241479,0.0304,0.028339,0.000779559,0.0254685,1,0.075,4.5,114,487,295,171,1,12,0.961024,1,2.18521e-13
29,0,1,0.9,0.997569,0,1.02105,0.0417662,0,1,1,1,1,1,1,0.294832,0,0,0,0,0,0.474735,0.398887,0.75,0.1,2.23071,2.60912,2.74625,3,1,1,1,4.5,33,35,1,0.148532,0.282456,0.630137,0.882162,1,0.1,0.436051,2.97523,2,0.468373,1,2,0.65,0.65,1,0.00501483,3.60318,1,1,1,1,1,0.244601,1,210,3.43599,1.16773,0.959577,1,10,0.00131783,2.40081,0,0.0264868,0,0.201211,0,0,0,1,0.5,2.32498,0.671868,0.1,0.408685,0.1,0.25,0.25,10,0.348731,0.1,0.1,0.241479,0.0304,0.028339,0.000779559,0.0254685,1,0.075,4.5,114,487,295,171,1,12,0.979877,0.874655,0.00263158
30,0,1,0.9,0.9,0,0.970598,0.040093,0,1,1,1,1,1,1,0.549623,0,0,0,0,0,0.0911004,0.275117,0.75,0.1,2.23071,2.60912,2.74625,3,1,1,1,4.5,33,35,1,0.148532,0.282456,0.630137,0.882162,1,0.1,0.436051,2.97523,2,0.468373,1,2,0.65,0.65,1,9.17369e-05,1.54804,1,1,1,1,1,0.146942,1,210,3.43599,1.16773,0.959577,1,10,0.155321,0.762454,0,0.355021,0,0.200456,0,0,0,1,0.5,2.32498,0.671868,0.1,0.408685,0.1,0.25,0.25,10,0.348731,0.1,0.1,0.241479,0.0304,0.028339,0.000779559,0.0254685,1,0.075,4.5,114,487,295,171,1,12,0.933912,0.80274,2.69243e-13
31,0,1,0.9,1.36573,0,0.883246,0.0360204,0,1,1,1,1,1,1,0.151114,0,0,0,0,0,0.132448,0.298544,0.75,0.1,2.23071,2.60912,2.74625,3,1,1,1,4.5,33,35,1,0.148532,0.282456,0.630137,0.882162,1,0.1,0.436051,2.97523,2,0.468373,1,2,0.65,0.65,1,0.000298979,1.6855,1,1,1,1,1,0.0637526,1,210,3.43599,1.16773,0.959577,1,10,0.0772794,3.33864,0,0.114237,0,0.00233869,0,0,0,1,0.5,2.32498,0.671868,0.1,0.408685,0.1,0.25,0.25,10,0.348731,0.1,0.1,0.241479,0.0304,0.028339,0.000779559,0.0254685,1,0.075,4.5,114,487,295,171,1,12,0.988268,0.813768,0.0122678
32,0,1,0.9,1.90144,0,0.919408,0.0433537,0,1,1,1,1,1,1,0.9514,0,0,0,0,0,0.278354,0.538865,0.75,0.1,2.23071,2.60912,2.74625,3,1,1,1,4.5,33,35,1,0.148532,0.282456,0.630137,0.882162,1,0.1,0.436051,2.97523,2,0.468373,1,2,0.65,0.65,1,0.000241009,0.818402,1,1,1,1,1,0.0193302,1,210,3.43599,1.16773,0.959577,1,10,0.0438778,0.501067,0,0.100829,0,0.1114,0,0,0,1,0.5,2.32498,0.671868,0.1,0.408685,0.1,0.25,0.25,10,0.348731,0.1,0.1,0.241479,0.0304,0.028339,0.000779559,0.0254685,1,0.075,4.5,114,487,295,171,1,12,0.931938,0.894443,0.000179637
33,0,1,0.9,1.51033,0,1.14106,0.042731,0,1,1,1,1,1,1,1,0,0,0,0,0,0.515518,1,0.75,0.1,2.23071,2.60912,2.74625,3,1,1,1,4.5,33,35,1,0.148532,0.282456,0.630137,0.882162,1,0.1,0.436051,2.97523,2,0.468373,1,2,0.65,0.65,1,0.0170627,0.873565,1,1,1,1,1,0.0867209,1,210,3.43599,1.16773,0.959577,1,10,0.040255,1.61459,0,0.13074,0,0.127201,0,0,0,1,0.5,2.32498,0.671868,0.1,0.408685,0.1,0.25,0.25,10,0.348731,0.1,0.1,0.241479,0.0304,0.028339,0.000779559,0.0254685,1,0.075,4.5,114,487,295,171,1,12,1,1,0
34,0,1,0.9,0.901263,0,1.17088,0.040368,0,1,1,1,1,1,1,0.349704,0,0,0,0,0,0.322347,1,0.75,0.1,2.23071,2.60912,2.74625,3,1,1,1,4.5,33,35,1,0.148532,0.282456,0.630137,0.882162,1,0.1,0.436051,2.97523,2,0.468373,1,2,0.65,0.65,1,0.00243523,0.97183,1,1,1,1,1,0.0300157,1,210,3.43599,1.16773,0.959577,1,10,0.147612,0.353289,0,0.00280558,0,0.707475,0,0,0,1,0.5,2.32498,0.671868,0.1,0.408685,0.1,0.25,0.25,10,0.348731,0.1,0.1,0.241479,0.0304,0.028339,0.000779559,0.0254685,1,0.075,4.5,114,487,295,171,1,12,1,0.949486,0
35,0,1,0.9,0.9,0,0.901531,0.0446244,0,1,1,1,1,1,1,0.195632,0,0,0,0,0,1,0.784672,0.75,0.1,2.23071,2.60912,2.74625,3,1,1,1,4.5,33,35,1,0.148532,0.282456,0.630137,0.882162,1,0.1,0.436051,2.97523,2,0.468373,1,2,0.65,0.65,1,0.0105743,0.888283,1,1,1,1,1,0.00207947,1,210,3.43599,1.16773,0.959577,1,10,0.010941,1.5516,0,0.00922873,0,0.00361771,0,0,0,1,0.5,2.32498,0.671868,0.1,0.408685,0.1,0.25,0.25,10,0.348731,0.1,0.1,0.241479,0.0304,0.028339,0.000779559,0.0254685,1,0.075,4.5,114,487,295,171,1,12,0.858916,1,0.0148666
36,0,1,0.9,1.21168,0,1.12938,0.0365283,0,1,1,1,1,1,1,0.410031,0,0,0,0,0,1,1,0.75,0.1,2.23071,2.60912,2.74625,3,1,1,1,4.5,33,35,1,0.148532,0.282456,0.630137,0.882162,1,0.1,0.436051,2.97523,2,0.468373,1,2,0.65,0.65,1,0.0154157,1.43138,1,1,1,1,1,0.177599,1,210,3.43599,1.16773,0.959577,1,10,0.0416366,1.52099,0,0.0167253,0,0.101201,0,0,0,1,0.5,2.32498,0.671868,0.1,0.408685,0.1,0.25,0.25,10,0.348731,0.1,0.1,0.241479,0.0304,0.028339,0.000779559,0.0254685,1,0.075,4.5,114,487,295,171,1,12,1,0.787983,0
37,0,1,0.9,0.9,0,0.878224,0.0376719,0,1,1,1,1,1,1,1,0,0,0,0,0,0.725156,0.133228,0.75,0.1,2.23071,2.60912,2.74625,3,1,1,1,4.5,33,35,1,0.148532,0.282456,0.630137,0.882162,1,0.1,0.436051,2.97523,2,0.468373,1,2,0.65,0.65,1,0.00265768,2.08667,1,1,1,1,1,0.298465,1,210,3.43599,1.16773,0.959577,1,10,0.138005,1.69068,0,0.686317,0,0.203622,0,0,0,1,0.5,2.32498,0.671868,0.1,0.408685,0.1,0.25,0.25,10,0.348731,0.1,0.1,0.241479,0.0304,0.028339,0.000779559,0.0254685,1,0.075,4.5,114,487,295,171,1,12,0.827627,0.912138,0.00119048
38,0,1,0.9,3.21847,0,0.865294,0.0406958,0,1,1,1,1,1,1,1,0,0,0,0,0,0.396099,0.261429,0.75,0.1,2.23071,2.60912,2.74625,3,1,1,1,4.5,33,35,1,0.148532,0.282456,0.630137,0.882162,1,0.1,0.436051,2.97523,2,0.468373,1,2,0.65,0.65,1,0.00154785,1.66174,1,1,1,1,1,0.0853324,1,210,3.43599,1.16773,0.959577,1,10,0.0218372,4.65153,0,0.205784,0,0.00947857,0,0,0,1,0.5,2.32498,0.671868,0.1,0.408685,0.1,0.25,0.25,10,0.348731,0.1,0.1,0.241479,0.0304,0.028339,0.000779559,0.0254685,1,0.075,4.5,114,487,295,171,1,12,0.970407,0.894149,0.00289054
39,0,1,0.9,0.9,0,1.06704,0.0400069,0,1,1,1,1,1,1,0.210621,0,0,0,0,0,0.172509,1,0.75,0.1,2.23071,2.60912,2.74625,3,1,1,1,4.5,33,35,1,0.148532,0.282456,0.630137,0.882162,1,0.1,0.436051,2.97523,2,0.468373,1,2,0.65,0.65,1,1.36829,3.31797,1,1,1,1,1,8.03446,8.03446,210,3.43599,1.16773,0.959577,1,10,0.0593588,7.35491,0,0.477096,0,0.0254474,0,0,0,1,0.5,2.32498,0.671868,0.1,0.408685,0.1,0.25,0.25,10,0.348731,0.1,0.1,0.241479,0.0304,0.028339,0.000779559,0.0254685,1,0.075,4.5,114,487,295,171,1,12,0.991399,0.981428,0.00119048
40,0,1,0.9,1.16821,0,0.931552,0.0420006,0,1,1,1,1,1,1,0.337504,0,0,0,0,0,0.951047,1,0.75,0.1,2.23071,2.60912,2.74625,3,1,1,1,4.5,33,35,1,0.148532,0.282456,0.630137,0.882162,1,0.1,0.436051,2.97523,2,0.468373,1,2,0.65,0.65,1,0.0392528,1.56244,1,1,1,1,1,0.0010525,1,210,3.43599,1.16773,0.959577,1,10,0.0386549,1.94363,0,0.0485688,0,0.0599773,0,0,0,1,0.5,2.32498,0.671868,0.1,0.408685,0.1,0.25,0.25,10,0.348731,0.1,0.1,0.241479,0.0304,0.028339,0.000779559,0.0254685,1,0.075,4.5,114,487,295,171,1,12,1,0.971477,0
41,0,1,0.9,2.15709,0,1.01674,0.0395275,0,1,1,1,1,1,1,0.736867,0,0,0,0,0,0.124035,0.788276,0.75,0.1,2.23071,2.60912,2.74625,3,1,1,1,4.5,33,35,1,0.148532,0.282456,0.630137,0.882162,1,0.1,0.436051,2.97523,2,0.468373,1,2,0.65,0.65,1,0.148663,0.325501,1,1,1,1,1,0.0184243,1,210,3.43599,1.16773,0.959577,1,10,0.083796,4.52885,0,0.00845821,0,0.473819,0,0,0,1,0.5,2.32498,0.671868,0.1,0.408685,0.1,0.25,0.25,10,0.348731,0.1,0.1,0.241479,0.0304,0.028339,0.000779559,0.0254685,1,0.075,4.5,114,487,295,171,1,12,0.895908,1,5.19942e-14
42,0,1,0.9,0.9,0,1.05013,0.0445834,0,1,1,1,1,1,1,0.305509,0,0,0,0,0,0.986747,0.26448,0.75,0.1,2.23071,2.60912,2.74625,3,1,1,1,4.5,33,35,1,0.148532,0.282456,0.630137,0.882162,1,0.1,0.436051,2.97523,2,0.468373,1,2,0.65,0.65,1,0.0183932,0.997666,1,1,1,1,1,0.0409366,1,210,3.43599,1.16773,0.959577,1,10,0.0125582,2.21957,0,0.544186,0,0.00128886,0,0,0,1,0.5,2.32498,0.671868,0.1,0.408685,0.1,0.25,0.25,10,0.348731,0.1,0.1,0.241479,0.0304,0.028339,0.000779559,0.0254685,1,0.075,4.5,114,487,295,171,1,12,1,0.854866,0.000179637
43,0,1,0.9,1.40792,0,0.897296,0.0487354,0,1,1,1,1,1,1,0.903608,0,0,0,0,0,0.781431,0.615841,0.75,0.1,2.23071,2.60912,2.74625,3,1,1,1,4.5,33,35,1,0.148532,0.282456,0.630137,0.882162,1,0.1,0.436051,2.97523,2,0.468373,1,2,0.65,0.65,1,0.00966926,0.679126,1,1,1,1,1,0.00900898,1,210,3.43599,1.16773,0.959577,1,10,0.114835,0.381676,0,2.40808,0,3.79197,0,0,0,1,0.5,2.32498,0.671868,0.1,0.408685,0.1,0.25,0.25,10,0.348731,0.1,0.1,0.241479,0.0304,0.028339,0.000779559,0.0254685,1,0.075,4.5,114,487,295,171,1,12,1,1,6.93088e-09
44,0,1,0.9,1.50762,0,0.92878,0.0426221,0,1,1,1,1,1,1,0.498307,0,0,0,0,0,0.332156,0.779378,0.75,0.1,2.23071,2.60912,2.74625,3,1,1,1,4.5,33,35,1,0.148532,0.282456,0.630137,0.882162,1,0.1,0.436051,2.97523,2,0.468373,1,2,0.65,0.65,1,0.00529324,3.33966,1,1,1,1,1,2.83392,2.83392,210,3.43599,1.16773,0.959577,1,10,0.0094041,0.632594,0,0.183073,0,0.00167111,0,0,0,1,0.5,2.32498,0.671868,0.1,0.408685,0.1,0.25,0.25,10,0.348731,0.1,0.1,0.241479,0.0304,0.028339,0.000779559,0.0254685,1,0.075,4.5,114,487,295,171,1,12,1,0.928175,0.000179637
45,0,1,0.9,2.74737,0,0.969502,0.0402843,0,1,1,1,1,1,1,0.443917,0,0,0,0,0,0.551748,1,0.75,0.1,2.23071,2.60912,2.74625,3,1,1,1,4.5,33,35,1,0.148532,0.282456,0.630137,0.882162,1,0.1,0.436051,2.97523,2,0.468373,1,2,0.65,0.65,1,9.08617e-05,2.44124,1,1,1,1,1,0.0315861,1,210,3.43599,1.16773,0.959577,1,10,0.11154,4.07383,0,2.52608,0,0.0719244,0,0,0,1,0.5,2.32498,0.671868,0.1,0.408685,0.1,0.25,0.25,10,0.348731,0.1,0.1,0.241479,0.0304,0.028339,0.000779559,0.0254685,1,0.075,4.5,114,487,295,171,1,12,0.865037,0.887152,9.88619e-13
46,0,1,0.9,5.11134,0,0.895922,0.0467683,0,1,1,1,1,1,1,1,0,0,0,0,0,0.417347,1,0.75,0.1,2.23071,2.60912,2.74625,3,1,1,1,4.5,33,35,1,0.148532,0.282456,0.630137,0.882162,1,0.1,0.436051,2.97523,2,0.468373,1,2,0.65,0.65,1,0.00558053,0.171105,1,1,1,1,1,0.258827,1,210,3.43599,1.16773,0.959577,1,10,0.0531368,1.22631,0,0.36267,0,0.0236108,0,0,0,1,0.5,2.32498,0.671868,0.1,0.408685,0.1,0.25,0.25,10,0.348731,0.1,0.1,0.241479,0.0304,0.028339,0.000779559,0.0254685,1,0.075,4.5,114,487,295,171,1,12,0.990721,1,0.000179637
47,0,1,0.9,4.94339,0,0.991197,0.0368737,0,1,1,1,1,1,1,0.426145,0,0,0,0,0,0.322274,0.334759,0.75,0.1,2.23071,2.60912,2.74625,3,1,1,1,4.5,33,35,1,0.148532,0.282456,0.630137,0.882162,1,0.1,0.436051,2.97523,2,0.468373,1,2,0.65,0.65,1,0.0228933,0.402435,1,1,1,1,1,1.06457,1.06457,210,3.43599,1.16773,0.959577,1,10,0.0643528,1.02907,0,2.93464,0,0.0334908,0,0,0,1,0.5,2.32498,0.671868,0.1,0.408685,0.1,0.25,0.25,10,0.348731,0.1,0.1,0.241479,0.0304,0.028339,0.000779559,0.0254685,1,0.075,4.5,114,487,295,171,1,12,0.954465,0.840379,0.00936579
48,0,1,0.9,9.88441,0,1.02051,0.0470261,0,1,1,1,1,1,1,0.699539,0,0,0,0,0,0.6257,0.387087,0.75,0.1,2.23071,2.60912,2.74625,3,1,1,1,4.5,33,35,1,0.148532,0.282456,0.630137,0.882162,1,0.1,0.436051,2.97523,2,0.468373,1,2,0.65,0.65,1,0.000812075,0.340784,1,1,1,1,1,0.00654515,1,210,3.43599,1.16773,0.959577,1,10,0.0108456,5.17308,0,0.058496,0,0.273038,0,0,0,1,0.5,2.32498,0.671868,0.1,0.408685,0.1,0.25,0.25,10,0.348731,0.1,0.1,0.241479,0.0304,0.028339,0.000779559,0.0254685,1,0.075,4.5,114,487,295,171,1,12,1,1,4.0572e-09
49,0,1,0.9,0.9,0,0.912069,0.0429,0,1,1,1,1,1,1,0.568816,0,0,0,0,0,1,0.543524,0.75,0.1,2.23071,2.60912,2.74625,3,1,1,1,4.5,33,35,1,0.148532,0.282456,0.630137,0.882162,1,0.1,0.436051,2.97523,2,0.468373,1,2,0.65,0.65,1,0.0113911,1.18589,1,1,1,1,1,0.451071,1,210,3.43599,1.16773,0.959577,1,10,0.0692246,1.79676,0,0.0714436,0,0.522516,0,0,0,1,0.5,2.32498,0.671868,0.1,0.408685,0.1,0.25,0.25,10,0.348731,0.1,0.1,0.241479,0.0304,0.028339,0.000779559,0.0254685,1,0.075,4.5,114,487,295,171,1,12,1,0.820387,0
50,0,1,0.9,0.9,0,1.01174,0.0491039,0,1,1,1,1,1,1,1,0,0,0,0,0,0.445295,0.509174,0.75,0.1,2.23071,2.60912,2.74625,3,1,1,1,4.5,33,35,1,0.148532,0.282456,0.630137,0.882162,1,0.1,0.436051,2.97523,2,0.468373,1,2,0.65,0.65,1,0.0217723,1.26731,1,1,1,1,1,0.537501,1,210,3.43599,1.16773,0.959577,1,10,0.0486863,2.92501,0,0.632911,0,0.0189799,0,0,0,1,0.5,2.32498,0.671868,0.1,0.408685,0.1,0.25,0.25,10,0.348731,0.1,0.1,0.241479,0.0304,0.028339,0.000779559,0.0254685,1,0.075,4.5,114,487,295,171,1,12,0.993163,0.96845,1.23335e-08
51,0,1,0.9,1.46615,0,1.02826,0.0357957,0,1,1,1,1,1,1,1,0,0,0,0,0,0.353016,0.0324003,0.75,0.1,2.23071,2.60912,2.74625,3,1,1,1,4.5,33,35,1,0.148532,0.282456,0.630137,0.882162,1,0.1,0.436051,2.97523,2,0.468373,1,2,0.65,0.65,1,0.00920194,2.1493,1,1,1,1,1,0.000718595,1,210,3.43599,1.16773,0.959577,1,10,0.0409323,0.98878,0,2.95632,0,0.0552285,0,0,0,1,0.5,2.32498,0.671868,0.1,0.408685,0.1,0.25,0.25,10,0.348731,0.1,0.1,0.241479,0.0304,0.028339,0.000779559,0.0254685,1,0.075,4.5,114,487,295,171,1,12,1,0.928376,0.00508012
52,0,1,0.9,0.9,0,0.966016,0.0407338,0,1,1,1,1,1,1,1,0,0,0,0,0,0.432722,0.137792,0.75,0.1,2.23071,2.60912,2.74625,3,1,1,1,4.5,33,35,1,0.148532,0.282456,0.630137,0.882162,1,0.1,0.436051,2.97523,2,0.468373,1,2,0.65,0.65,1,0.0017326,3.30418,1,1,1,1,1,0.17817,1,210,3.43599,1.16773,0.959577,1,10,0.0133129,3.35996,0,0.338562,0,3.22027,0,0,0,1,0.5,2.32498,0.671868,0.1,0.408685,0.1,0.25,0.25,10,0.348731,0.1,0.1,0.241479,0.0304,0.028339,0.000779559,0.0254685,1,0.075,4.5,114,487,295,171,1,12,0.871429,0.827969,0.00119048
53,0,1,0.9,0.9,0,0.814585,0.0434924,0,1,1,1,1,1,1,1,0,0,0,0,0,0.356955,0.305429,0.75,0.1,2.23071,2.60912,2.74625,3,1,1,1,4.5,33,35,1,0.148532,0.282456,0.630137,0.882162,1,0.1,0.436051,2.97523,2,0.468373,1,2,0.65,0.65,1,0.0340082,1.11599,1,1,1,1,1,0.162274,1,210,3.43599,1.16773,0.959577,1,10,0.263581,1.67145,0,2.29978,0,0.000929641,0,0,0,1,0.5,2.32498,0.671868,0.1,0.408685,0.1,0.25,0.25,10,0.348731,0.1,0.1,0.241479,0.0304,0.028339,0.000779559,0.0254685,1,0.075,4.5,114,487,295,171,1,12,1,0.758951,0
54,0,1,0.9,2.88022,0,1.08714,0.0483194,0,1,1,1,1,1,1,0.0215916,0,0,0,0,0,0.894833,0.064361,0.75,0.1,2.23071,2.60912,2.74625,3,1,1,1,4.5,33,35,1,0.148532,0.282456,0.630137,0.882162,1,0.1,0.436051,2.97523,2,0.468373,1,2,0.65,0.65,1,0.000647227,1.408,1,1,1,1,1,0.00319166,1,210,3.43599,1.16773,0.959577,1,10,0.154454,4.18592,0,0.222968,0,1.64086,0,0,0,1,0.5,2.32498,0.671868,0.1,0.408685,0.1,0.25,0.25,10,0.348731,0.1,0.1,0.241479,0.0304,0.028339,0.000779559,0.0254685,1,0.075,4.5,114,487,295,171,1,12,1,0.934647,4.0572e-09
55,0,1,0.9,0.9,0,1.0334,0.0340225,0,1,1,1,1,1,1,0.333672,0,0,0,0,0,1,0.701409,0.75,0.1,2.23071,2.60912,2.74625,3,1,1,1,4.5,33,35,1,0.148532,0.282456,0.630137,0.882162,1,0.1,0.436051,2.97523,2,0.468373,1,2,0.65,0.65,1,0.0650489,0.211579,1,1,1,1,1,0.581109,1,210,3.43599,1.16773,0.959577,1,10,0.139498,2.14893,0,0.00740873,0,0.00182311,0,0,0,1,0.5,2.32498,0.671868,0.1,0.408685,0.1,0.25,0.25,10,0.348731,0.1,0.1,0.241479,0.0304,0.028339,0.000779559,0.0254685,1,0.075,4.5,114,487,295,171,1,12,1,1,0
56,0,1,0.9,1.49368,0,0.948874,0.0402722,0,1,1,1,1,1,1,0.777834,0,0,0,0,0,1,0.343046,0.75,0.1,2.23071,2.60912,2.74625,3,1,1,1,4.5,33,35,1,0.148532,0.282456,0.630137,0.882162,1,0.1,0.436051,2.97523,2,0.468373,1,2,0.65,0.65,1,0.049235,0.592849,1,1,1,1,1,0.218896,1,210,3.43599,1.16773,0.959577,1,10,0.132449,1.28322,0,0.0198885,0,0.599643,0,0,0,1,0.5,2.32498,0.671868,0.1,0.408685,0.1,0.25,0.25,10,0.348731,0.1,0.1,0.241479,0.0304,0.028339,0.000779559,0.0254685,1,0.075,4.5,114,487,295,171,1,12,0.962012,0.97337,0
57,0,1,0.9,0.9,0,1.06925,0.0462115,0,1,1,1,1,1,1,0.460153,0,0,0,0,0,0.199877,0.602608,0.75,0.1,2.23071,2.60912,2.74625,3,1,1,1,4.5,33,35,1,0.148532,0.282456,0.630137,0.882162,1,0.1,0.436051,2.97523,2,0.468373,1,2,0.65,0.65,1,0.00484913,0.895593,1,1,1,1,1,0.11546,1,210,3.43599,1.16773,0.959577,1,10,0.00873357,0.95406,0,0.983551,0,0.136212,0,0,0,1,0.5,2.32498,0.671868,0.1,0.408685,0.1,0.25,0.25,10,0.348731,0.1,0.1,0.241479,0.0304,0.028339,0.000779559,0.0254685,1,0.075,4.5,114,487,295,171,1,12,0.847213,0.997471,0.00960555
58,0,1,0.9,0.9,0,1.05392,0.0447379,0,1,1,1,1,1,1,0.775621,0,0,0,0,0,1,0.328986,0.75,0.1,2.23071,2.60912,2.74625,3,1,1,1,4.5,33,35,1,0.148532,0.282456,0.630137,0.882162,1,0.1,0.436051,2.97523,2,0.468373,1,2,0.65,0.65,1,7.92852e-05,2.04959,1,1,1,1,1,0.031367,1,210,3.43599,1.16773,0.959577,1,10,0.0200631,1.48957,0,1.15214,0,0.00415463,0,0,0,1,0.5,2.32498,0.671868,0.1,0.408685,0.1,0.25,0.25,10,0.348731,0.1,0.1,0.241479,0.0304,0.028339,0.000779559,0.0254685,1,0.075,4.5,114,487,295,171,1,12,0.969397,0.966058,0.0122678
59,0,1,0.9,0.9,0,1.02282,0.0367433,0,1,1,1,1,1,1,0.383966,0,0,0,0,0,0.360621,1,0.75,0.1,2.23071,2.60912,2.74625,3,1,1,1,4.5,33,35,1,0.148532,0.282456,0.630137,0.882162,1,0.1,0.436051,2.97523,2,0.468373,1,2,0.65,0.65,1,0.0208693,2.09722,1,1,1,1,1,0.313229,1,210,3.43599,1.16773,0.959577,1,10,0.156716,0.485874,0,0.242641,0,0.326799,0,0,0,1,0.5,2.32498,0.671868,0.1,0.408685,0.1,0.25,0.25,10,0.348731,0.1,0.1,0.241479,0.0304,0.028339,0.000779559,0.0254685,1,0.075,4.5,114,487,295,171,1,12,1,0.954382,0
60,0,1,0.9,2.38285,0,0.950583,0.0381118,0,1,1,1,1,1,1,0.112495,0,0,0,0,0,1,0.641739,0.75,0.1,2.23071,2.60912,2.74625,3,1,1,1,4.5,33,35,1,0.148532,0.282456,0.630137,0.882162,1,0.1,0.436051,2.97523,2,0.468373,1,2,0.65,0.65,1,0.203968,0.576123,1,1,1,1,1,3.41739,3.41739,210,3.43599,1.16773,0.959577,1,10,0.406276,0.662786,0,0.139604,0,0.00110812,0,0,0,1,0.5,2.32498,0.671868,0.1,0.408685,0.1,0.25,0.25,10,0.348731,0.1,0.1,0.241479,0.0304,0.028339,0.000779559,0.0254685,1,0.075,4.5,114,487,295,171,1,12,0.825511,0.921357,0.00119048
61,0,1,0.9,4.46129,0,1.00867,0.0317977,0,1,1,1,1,1,1,0.309661,0,0,0,0,0,1,0.785385,0.75,0.1,2.23071,2.60912,2.74625,3,1,1,1,4.5,33,35,1,0.148532,0.282456,0.630137,0.882162,1,0.1,0.436051,2.97523,2,0.468373,1,2,0.65,0.65,1,0.0018606,0.173865,1,1,1,1,1,0.267637,1,210,3.43599,1.16773,0.959577,1,10,0.0742357,0.264074,0,0.663308,0,0.0103299,0,0,0,1,0.5,2.32498,0.671868,0.1,0.408685,0.1,0.25,0.25,10,0.348731,0.1,0.1,0.241479,0.0304,0.028339,0.000779559,0.0254685,1,0.075,4.5,114,487,295,171,1,12,1,0.796652,0.000179637
62,0,1,0.9,0.9,0,0.93202,0.0317184,0,1,1,1,1,1,1,0.280683,0,0,0,0,0,0.099321,0.0816767,0.75,0.1,2.23071,2.60912,2.74625,3,1,1,1,4.5,33,35,1,0.148532,0.282456,0.630137,0.882162,1,0.1,0.436051,2.97523,2,0.468373,1,2,0.65,0.65,1,0.266195,0.699401,1,1,1,1,1,0.0483237,1,210,3.43599,1.16773,0.959577,1,10,0.0499612,2.33177,0,0.0553072,0,1.79424,0,0,0,1,0.5,2.32498,0.671868,0.1,0.408685,0.1,0.25,0.25,10,0.348731,0.1,0.1,0.241479,0.0304,0.028339,0.000779559,0.0254685,1,0.075,4.5,114,487,295,171,1,12,0.971445,0.907198,0
63,0,1,0.9,0.9,0,0.86933,0.0384937,0,1,1,1,1,1,1,0.277777,0,0,0,0,0,0.376188,0.496644,0.75,0.1,2.23071,2.60912,2.74625,3,1,1,1,4.5,33,35,1,0.148532,0.282456,0.630137,0.882162,1,0.1,0.436051,2.97523,2,0.468373,1,2,0.65,0.65,1,0.0253815,0.919168,1,1,1,1,1,0.0972088,1,210,3.43599,1.16773,0.959577,1,10,0.111588,1.87399,0,0.241115,0,0.00212227,0,0,0,1,0.5,2.32498,0.671868,0.1,0.408685,0.1,0.25,0.25,10,0.348731,0.1,0.1,0.241479,0.0304,0.028339,0.000779559,0.0254685,1,0.075,4.5,114,487,295,171,1,12,0.97432,0.706035,6.93088e-09
64,0,1,0.9,1.71856,0,1.00793,0.0417504,0,1,1,1,1,1,1,0.784708,0,0,0,0,0,1,0.318112,0.75,0.1,2.23071,2.60912,2.74625,3,1,1,1,4.5,33,35,1,0.148532,0.282456,0.630137,0.882162,1,0.1,0.436051,2.97523,2,0.468373,1,2,0.65,0.65,1,0.000252116,0.520191,1,1,1,1,1,0.0219921,1,210,3.43599,1.16773,0.959577,1,10,0.0260985,0.597428,0,0.0186461,0,0.514401,0,0,0,1,0.5,2.32498,0.671868,0.1,0.408685,0.1,0.25,0.25,10,0.348731,0.1,0.1,0.241479,0.0304,0.028339,0.000779559,0.0254685,1,0.075,4.5,114,487,295,171,1,12,0.839765,0.902856,4.01339e-13
65,0,1,0.9,0.9,0,0.904438,0.0395293,0,1,1,1,1,1,1,0.508531,0,0,0,0,0,0.517915,0.595374,0.75,0.1,2.23071,2.60912,2.74625,3,1,1,1,4.5,33,35,1,0.148532,0.282456,0.630137,0.882162,1,0.1,0.436051,2.97523,2,0.468373,1,2,0.65,0.65,1,0.0749707,1.56677,1,1,1,1,1,1.29399,1.29399,210,3.43599,1.16773,0.959577,1,10,0.0357954,1.49434,0,0.531653,0,0.019859,0,0,0,1,0.5,2.32498,0.671868,0.1,0.408685,0.1,0.25,0.25,10,0.348731,0.1,0.1,0.241479,0.0304,0.028339,0.000779559,0.0254685,1,0.075,4.5,114,487,295,171,1,12,1,0.936054,0
66,0,1,0.9,1.02029,0,1.0431,0.0494826,0,1,1,1,1,1,1,0.17414,0,0,0,0,0,0.712973,0.169965,0.75,0.1,2.23071,2.60912,2.74625,3,1,1,1,4.5,33,35,1,0.148532,0.282456,0.630137,0.882162,1,0.1,0.436051,2.97523,2,0.468373,1,2,0.65,0.65,1,0.0655603,0.768776,1,1,1,1,1,0.194658,1,210,3.43599,1.16773,0.959577,1,10,0.0136746,1.4469,0,0.0117204,0,0.0193905,0,0,0,1,0.5,2.32498,0.671868,0.1,0.408685,0.1,0.25,0.25,10,0.348731,0.1,0.1,0.241479,0.0304,0.028339,0.000779559,0.0254685,1,0.075,4.5,114,487,295,171,1,12,0.902676,1,0.000463612
67,0,1,0.9,0.9,0,0.992037,0.0406186,0,1,1,1,1,1,1,1,0,0,0,0,0,0.118112,0.0855234,0.75,0.1,2.23071,2.60912,2.74625,3,1,1,1,4.5,33,35,1,0.148532,0.282456,0.630137,0.882162,1,0.1,0.436051,2.97523,2,0.468373,1,2,0.65,0.65,1,0.00753494,0.42688,1,1,1,1,1,0.0855454,1,210,3.43599,1.16773,0.959577,1,10,0.0591115,0.967896,0,0.511474,0,0.671531,0,0,0,1,0.5,2.32498,0.671868,0.1,0.408685,0.1,0.25,0.25,10,0.348731,0.1,0.1,0.241479,0.0304,0.028339,0.000779559,0.0254685,1,0.075,4.5,114,487,295,171,1,12,1,0.77069,0
68,0,1,0.9,0.9,0,1.01522,0.0422597,0,1,1,1,1,1,1,0.523251,0,0,0,0,0,0.618316,0.576865,0.75,0.1,2.23071,2.60912,2.74625,3,1,1,1,4.5,33,35,1,0.148532,0.282456,0.630137,0.882162,1,0.1,0.436051,2.97523,2,0.468373,1,2,0.65,0.65,1,0.000439729,1.90874,1,1,1,1,1,0.313018,1,210,3.43599,1.16773,0.959577,1,10,0.0382257,0.845913,0,4.16022,0,0.0200581,0,0,0,1,0.5,2.32498,0.671868,0.1,0.408685,0.1,0.25,0.25,10,0.348731,0.1,0.1,0.241479,0.0304,0.028339,0.000779559,0.0254685,1,0.075,4.5,114,487,295,171,1,12,1,0.934068,0.000179637
69,0,1,0.9,1.83905,0,0.917692,0.0405264,0,1,1,1,1,1,1,0.288656,0,0,0,0,0,1,0.385314,0.75,0.1,2.23071,2.60912,2.74625,3,1,1,1,4.5,33,35,1,0.148532,0.282456,0.630137,0.882162,1,0.1,0.436051,2.97523,2,0.468373,1,2,0.65,0.65,1,0.00179823,0.721701,1,1,1,1,1,0.0314171,1,210,3.43599,1.16773,0.959577,1,10,0.161723,1.31833,0,1.05906,0,0.0693148,0,0,0,1,0.5,2.32498,0.671868,0.1,0.408685,0.1,0.25,0.25,10,0.348731,0.1,0.1,0.241479,0.0304,0.028339,0.000779559,0.0254685,1,0.075,4.5,114,487,295,171,1,12,1,0.796711,1.23335e-08
70,0,1,0.9,2.1954,0,0.988897,0.0361771,0,1,1,1,1,1,1,0.473333,0,0,0,0,0,0.966019,0.755094,0.75,0.1,2.23071,2.60912,2.74625,3,1,1,1,4.5,33,35,1,0.148532,0.282456,0.630137,0.882162,1,0.1,0.436051,2.97523,2,0.468373,1,2,0.65,0.65,1,0.114224,11.2696,1,1,1,1,1,0.0789925,1,210,3.43599,1.16773,0.959577,1,10,0.197378,5.36251,0,0.0713932,0,0.120329,0,0,0,1,0.5,2.32498,0.671868,0.1,0.408685,0.1,0.25,0.25,10,0.348731,0.1,0.1,0.241479,0.0304,0.028339,0.000779559,0.0254685,1,0.075,4.5,114,487,295,171,1,12,1,0.793017,0.00119048
71,0,1,0.9,3.06084,0,0.978388,0.0389001,0,1,1,1,1,1,1,1,0,0,0,0,0,0.978785,1,0.75,0.1,2.23071,2.60912,2.74625,3,1,1,1,4.5,33,35,1,0.148532,0.282456,0.630137,0.882162,1,0.1,0.436051,2.97523,2,0.468373,1,2,0.65,0.65,1,0.00053942,5.34516,1,1,1,1,1,0.00453969,1,210,3.43599,1.16773,0.959577,1,10,0.0245479,1.4325,0,0.0522539,0,0.0949765,0,0,0,1,0.5,2.32498,0.671868,0.1,0.408685,0.1,0.25,0.25,10,0.348731,0.1,0.1,0.241479,0.0304,0.028339,0.000779559,0.0254685,1,0.075,4.5,114,487,295,171,1,12,1,1,0
72,0,1,0.9,0.9,0,0.975996,0.0390411,0,1,1,1,1,1,1,0.0834547,0,0,0,0,0,0.102955,0.32244,0.75,0.1,2.23071,2.60912,2.74625,3,1,1,1,4.5,33,35,1,0.148532,0.282456,0.630137,0.882162,1,0.1,0.436051,2.97523,2,0.468373,1,2,0.65,0.65,1,0.00217735,0.456622,1,1,1,1,1,0.00781934,1,210,3.43599,1.16773,0.959577,1,10,0.0205276,0.448619,0,0.127648,0,0.252235,0,0,0,1,0.5,2.32498,0.671868,0.1,0.408685,0.1,0.25,0.25,10,0.348731,0.1,0.1,0.241479,0.0304,0.028339,0.000779559,0.0254685,1,0.075,4.5,114,487,295,171,1,12,1,0.961737,0.000179637
73,0,1,0.9,0.9,0,1.05421,0.0328727,0,1,1,1,1,1,1,0.168864,0,0,0,0,0,0.782961,0.304331,0.75,0.1,2.23071,2.60912,2.74625,3,1,1,1,4.5,33,35,1,0.148532,0.282456,0.630137,0.882162,1,0.1,0.436051,2.97523,2,0.468373,1,2,0.65,0.65,1,0.0560087,1.96293,1,1,1,1,1,0.0280749,1,210,3.43599,1.16773,0.959577,1,10,0.0540069,1.43194,0,43.9289,0,0.0891549,0,0,0,1,0.5,2.32498,0.671868,0.1,0.408685,0.1,0.25,0.25,10,0.348731,0.1,0.1,0.241479,0.0304,0.028339,0.000779559,0.0254685,1,0.075,4.5,114,487,295,171,1,12,0.991506,0.942866,0
74,0,1,0.9,1.83348,0,0.927149,0.0409302,0,1,1,1,1,1,1,0.116092,0,0,0,0,0,0.339411,1,0.75,0.1,2.23071,2.60912,2.74625,3,1,1,1,4.5,33,35,1,0.148532,0.282456,0.630137,0.882162,1,0.1,0.436051,2.97523,2,0.468373,1,2,0.65,0.65,1,0.00176387,1.34526,1,1,1,1,1,0.00102785,1,210,3.43599,1.16773,0.959577,1,10,0.0613151,2.52182,0,10.4284,0,0.0193176,0,0,0,1,0.5,2.32498,0.671868,0.1,0.408685,0.1,0.25,0.25,10,0.348731,0.1,0.1,0.241479,0.0304,0.028339,0.000779559,0.0254685,1,0.075,4.5,114,487,295,171,1,12,0.988396,0.835369,0
75,0,1,0.9,4.08461,0,0.918906,0.0390686,0,1,1,1,1,1,1,1,0,0,0,0,0,0.878498,1,0.75,0.1,2.23071,2.60912,2.74625,3,1,1,1,4.5,33,35,1,0.148532,0.282456,0.630137,0.882162,1,0.1,0.436051,2.97523,2,0.468373,1,2,0.65,0.65,1,0.142601,0.307751,1,1,1,1,1,0.267277,1,210,3.43599,1.16773,0.959577,1,10,0.0200918,1.27042,0,0.475164,0,1.40507,0,0,0,1,0.5,2.32498,0.671868,0.1,0.408685,0.1,0.25,0.25,10,0.348731,0.1,0.1,0.241479,0.0304,0.028339,0.000779559,0.0254685,1,0.075,4.5,114,487,295,171,1,12,1,0.900177,0
76,0,1,0.9,2.92428,0,0.836187,0.0423154,0,1,1,1,1,1,1,0.522063,0,0,0,0,0,0.164397,1,0.75,0.1,2.23071,2.60912,2.74625,3,1,1,1,4.5,33,35,1,0.148532,0.282456,0.630137,0.882162,1,0.1,0.436051,2.97523,2,0.468373,1,2,0.65,0.65,1,0.0111688,1.25709,1,1,1,1,1,0.0225438,1,210,3.43599,1.16773,0.959577,1,10,0.0260489,0.955121,0,0.384807,0,0.0121033,0,0,0,1,0.5,2.32498,0.671868,0.1,0.408685,0.1,0.25,0.25,10,0.348731,0.1,0.1,0.241479,0.0304,0.028339,0.000779559,0.0254685,1,0.075,4.5,114,487,295,171,1,12,0.815317,0.87898,0
77,0,1,0.9,0.9,0,1.01862,0.0325879,0,1,1,1,1,1,1,1,0,0,0,0,0,0.673938,0.461317,0.75,0.1,2.23071,2.60912,2.74625,3,1,1,1,4.5,33,35,1,0.148532,0.282456,0.630137,0.882162,1,0.1,0.436051,2.97523,2,0.468373,1,2,0.65,0.65,1,1.19013,1.19013,1,1,1,1,1,0.0468365,1,210,3.43599,1.16773,0.959577,1,10,0.0564593,0.374871,0,0.541878,0,0.0270255,0,0,0,1,0.5,2.32498,0.671868,0.1,0.408685,0.1,0.25,0.25,10,0.348731,0.1,0.1,0.241479,0.0304,0.028339,0.000779559,0.0254685,1,0.075,4.5,114,487,295,171,1,12,0.922015,1,0
78,0,1,0.9,1.08548,0,1.0191,0.0348972,0,1,1,1,1,1,1,0.20661,0,0,0,0,0,0.209399,0.539661,0.75,0.1,2.23071,2.60912,2.74625,3,1,1,1,4.5,33,35,1,0.148532,0.282456,0.630137,0.882162,1,0.1,0.436051,2.97523,2,0.468373,1,2,0.65,0.65,1,0.0141477,0.987532,1,1,1,1,1,0.0378992,1,210,3.43599,1.16773,0.959577,1,10,0.044376,2.60692,0,14.2419,0,0.0167053,0,0,0,1,0.5,2.32498,0.671868,0.1,0.408685,0.1,0.25,0.25,10,0.348731,0.1,0.1,0.241479,0.0304,0.028339,0.000779559,0.0254685,1,0.075,4.5,114,487,295,171,1,12,0.886461,0.955085,0
79,0,1,0.9,0.9,0,0.946118,0.0468976,0,1,1,1,1,1,1,1,0,0,0,0,0,0.345364,1,0.75,0.1,2.23071,2.60912,2.74625,3,1,1,1,4.5,33,35,1,0.148532,0.282456,0.630137,0.882162,1,0.1,0.436051,2.97523,2,0.468373,1,2,0.65,0.65,1,0.0617052,0.654011,1,1,1,1,1,0.144297,1,210,3.43599,1.16773,0.959577,1,10,0.0623008,1.43269,0,0.517442,0,8.42203,0,0,0,1,0.5,2.32498,0.671868,0.1,0.408685,0.1,0.25,0.25,10,0.348731,0.1,0.1,0.241479,0.0304,0.028339,0.000779559,0.0254685,1,0.075,4.5,114,487,295,171,1,12,1,0.866427,4.0572e-09
80,0,1,0.9,1.47168,0,0.949611,0.0396291,0,1,1,1,1,1,1,0.932789,0,0,0,0,0,1,0.185356,0.75,0.1,2.23071,2.60912,2.74625,3,1,1,1,4.5,33,35,1,0.148532,0.282456,0.630137,0.882162,1,0.1,0.436051,2.97523,2,0.468373,1,2,0.65,0.65,1,0.017195,2.09678,1,1,1,1,1,0.0155259,1,210,3.43599,1.16773,0.959577,1,10,0.00516869,2.85518,0,0.131329,0,0.099473,0,0,0,1,0.5,2.32498,0.671868,0.1,0.408685,0.1,0.25,0.25,10,0.348731,0.1,0.1,0.241479,0.0304,0.028339,0.000779559,0.0254685,1,0.075,4.5,114,487,295,171,1,12,0.937733,0.926992,7.05497e-14
81,0,1,0.9,1.48777,0,0.879252,0.0366426,0,1,1,1,1,1,1,0.707277,0,0,0,0,0,0.140623,0.1486,0.75,0.1,2.23071,2.60912,2.74625,3,1,1,1,4.5,33,35,1,0.148532,0.282456,0.630137,0.882162,1,0.1,0.436051,2.97523,2,0.468373,1,2,0.65,0.65,1,0.0352847,1.21956,1,1,1,1,1,0.123931,1,210,3.43599,1.16773,0.959577,1,10,0.0473948,1.60823,0,0.0119607,0,0.0149767,0,0,0,1,0.5,2.32498,0.671868,0.1,0.408685,0.1,0.25,0.25,10,0.348731,0.1,0.1,0.241479,0.0304,0.028339,0.000779559,0.0254685,1,0.075,4.5,114,487,295,171,1,12,0.883481,0.86061,5.19942e-14
82,0,1,0.9,0.9,0,1.09996,0.0373776,0,1,1,1,1,1,1,0.60173,0,0,0,0,0,0.494353,1,0.75,0.1,2.23071,2.60912,2.74625,3,1,1,1,4.5,33,35,1,0.148532,0.282456,0.630137,0.882162,1,0.1,0.436051,2.97523,2,0.468373,1,2,0.65,0.65,1,0.0193299,0.748096,1,1,1,1,1,0.106479,1,210,3.43599,1.16773,0.959577,1,10,0.030897,2.96151,0,6.48964,0,0.343892,0,0,0,1,0.5,2.32498,0.671868,0.1,0.408685,0.1,0.25,0.25,10,0.348731,0.1,0.1,0.241479,0.0304,0.028339,0.000779559,0.0254685,1,0.075,4.5,114,487,295,171,1,12,1,0.926008,0
83,0,1,0.9,0.9,0,0.970995,0.0481378,0,1,1,1,1,1,1,0.270198,0,0,0,0,0,0.203277,0.343739,0.75,0.1,2.23071,2.60912,2.74625,3,1,1,1,4.5,33,35,1,0.148532,0.282456,0.630137,0.882162,1,0.1,0.436051,2.97523,2,0.468373,1,2,0.65,0.65,1,0.0185295,0.61195,1,1,1,1,1,2.47538,2.47538,210,3.43599,1.16773,0.959577,1,10,0.0330429,1.61101,0,0.223007,0,0.0974599,0,0,0,1,0.5,2.32498,0.671868,0.1,0.408685,0.1,0.25,0.25,10,0.348731,0.1,0.1,0.241479,0.0304,0.028339,0.000779559,0.0254685,1,0.075,4.5,114,487,295,171,1,12,0.872123,0.830446,0.00960555
84,0,1,0.9,0.9,0,1.00597,0.0411101,0,1,1,1,1,1,1,0.462354,0,0,0,0,0,1,0.44,0.75,0.1,2.23071,2.60912,2.74625,3,1,1,1,4.5,33,35,1,0.148532,0.282456,0.630137,0.882162,1,0.1,0.436051,2.97523,2,0.468373,1,2,0.65,0.65,1,0.0450276,2.8982,1,1,1,1,1,0.00481667,1,210,3.43599,1.16773,0.959577,1,10,0.0484981,0.817522,0,0.521016,0,0.100786,0,0,0,1,0.5,2.32498,0.671868,0.1,0.408685,0.1,0.25,0.25,10,0.348731,0.1,0.1,0.241479,0.0304,0.028339,0.000779559,0.0254685,1,0.075,4.5,114,487,295,171,1,12,1,0.956057,0
85,0,1,0.9,2.1413,0,0.952979,0.0371859,0,1,1,1,1,1,1,0.309764,0,0,0,0,0,0.814312,0.615205,0.75,0.1,2.23071,2.60912,2.74625,3,1,1,1,4.5,33,35,1,0.148532,0.282456,0.630137,0.882162,1,0.1,0.436051,2.97523,2,0.468373,1,2,0.65,0.65,1,0.00684874,1.39494,1,1,1,1,1,1.44965,1.44965,210,3.43599,1.16773,0.959577,1,10,0.0431831,1.3373,0,1.19112,0,0.0877375,0,0,0,1,0.5,2.32498,0.671868,0.1,0.408685,0.1,0.25,0.25,10,0.348731,0.1,0.1,0.241479,0.0304,0.028339,0.000779559,0.0254685,1,0.075,4.5,114,487,295,171,1,12,1,0.852462,0
86,0,1,0.9,2.55279,0,1.07718,0.0415434,0,1,1,1,1,1,1,0.161919,0,0,0,0,0,0.0792713,0.441104,0.75,0.1,2.23071,2.60912,2.74625,3,1,1,1,4.5,33,35,1,0.148532,0.282456,0.630137,0.882162,1,0.1,0.436051,2.97523,2,0.468373,1,2,0.65,0.65,1,0.0100756,0.648589,1,1,1,1,1,0.00290045,1,210,3.43599,1.16773,0.959577,1,10,0.0712575,0.837059,0,0.0109028,0,0.222713,0,0,0,1,0.5,2.32498,0.671868,0.1,0.408685,0.1,0.25,0.25,10,0.348731,0.1,0.1,0.241479,0.0304,0.028339,0.000779559,0.0254685,1,0.075,4.5,114,487,295,171,1,12,0.884305,0.936085,6.16528e-13
87,0,1,0.9,0.9,0,0.843823,0.039528,0,1,1,1,1,1,1,0.124446,0,0,0,0,0,1,0.310451,0.75,0.1,2.23071,2.60912,2.74625,3,1,1,1,4.5,33,35,1,0.148532,0.282456,0.630137,0.882162,1,0.1,0.436051,2.97523,2,0.468373,1,2,0.65,0.65,1,0.0292706,18.7432,1,1,1,1,1,0.0130454,1,210,3.43599,1.16773,0.959577,1,10,0.088859,0.301774,0,1.53625,0,0.0504055,0,0,0,1,0.5,2.32498,0.671868,0.1,0.408685,0.1,0.25,0.25,10,0.348731,0.1,0.1,0.241479,0.0304,0.028339,0.000779559,0.0254685,1,0.075,4.5,114,487,295,171,1,12,1,0.880656,6.93088e-09
88,0,1,0.9,9.48647,0,1.06352,0.0421051,0,1,1,1,1,1,1,0.770785,0,0,0,0,0,0.177293,0.104292,0.75,0.1,2.23071,2.60912,2.74625,3,1,1,1,4.5,33,35,1,0.148532,0.282456,0.630137,0.882162,1,0.1,0.436051,2.97523,2,0.468373,1,2,0.65,0.65,1,0.0130684,11.5055,1,1,1,1,1,0.0600012,1,210,3.43599,1.16773,0.959577,1,10,0.0349566,1.09854,0,0.560247,0,0.140216,0,0,0,1,0.5,2.32498,0.671868,0.1,0.408685,0.1,0.25,0.25,10,0.348731,0.1,0.1,0.241479,0.0304,0.028339,0.000779559,0.0254685,1,0.075,4.5,114,487,295,171,1,12,1,0.777475,0.00263158
89,0,1,0.9,1.11387,0,0.865502,0.0427486,0,1,1,1,1,1,1,0.451578,0,0,0,0,0,0.165614,0.0386271,0.75,0.1,2.23071,2.60912,2.74625,3,1,1,1,4.5,33,35,1,0.148532,0.282456,0.630137,0.882162,1,0.1,0.436051,2.97523,2,0.468373,1,2,0.65,0.65,1,0.0415941,2.29956,1,1,1,1,1,0.00114404,1,210,3.43599,1.16773,0.959577,1,10,0.0335769,0.768436,0,10.6182,0,0.133894,0,0,0,1,0.5,2.32498,0.671868,0.1,0.408685,0.1,0.25,0.25,10,0.348731,0.1,0.1,0.241479,0.0304,0.028339,0.000779559,0.0254685,1,0.075,4.5,114,487,295,171,1,12,1,0.856029,3.00021e-13
90,0,1,0.9,2.74499,0,0.877175,0.0368594,0,1,1,1,1,1,1,0.448118,0,0,0,0,0,0.969237,0.179462,0.75,0.1,2.23071,2.60912,2.74625,3,1,1,1,4.5,33,35,1,0.148532,0.282456,0.630137,0.882162,1,0.1,0.436051,2.97523,2,0.468373,1,2,0.65,0.65,1,0.0221776,0.938363,1,1,1,1,1,0.00109302,1,210,3.43599,1.16773,0.959577,1,10,0.010399,0.319312,0,0.0772273,0,0.129622,0,0,0,1,0.5,2.32498,0.671868,0.1,0.408685,0.1,0.25,0.25,10,0.348731,0.1,0.1,0.241479,0.0304,0.028339,0.000779559,0.0254685,1,0.075,4.5,114,487,295,171,1,12,1,1,0.000179637
91,0,1,0.9,5.5764,0,0.96749,0.040128,0,1,1,1,1,1,1,0.217582,0,0,0,0,0,1,0.196671,0.75,0.1,2.23071,2.60912,2.74625,3,1,1,1,4.5,33,35,1,0.148532,0.282456,0.630137,0.882162,1,0.1,0.436051,2.97523,2,0.468373,1,2,0.65,0.65,1,0.0454246,0.139496,1,1,1,1,1,0.512475,1,210,3.43599,1.16773,0.959577,1,10,0.0643944,2.17245,0,0.0600044,0,0.110036,0,0,0,1,0.5,2.32498,0.671868,0.1,0.408685,0.1,0.25,0.25,10,0.348731,0.1,0.1,0.241479,0.0304,0.028339,0.000779559,0.0254685,1,0.075,4.5,114,487,295,171,1,12,1,0.842668,0
92,0,1,0.9,4.27967,0,0.876382,0.0405773,0,1,1,1,1,1,1,0.118004,0,0,0,0,0,0.58032,0.502716,0.75,0.1,2.23071,2.60912,2.74625,3,1,1,1,4.5,33,35,1,0.148532,0.282456,0.630137,0.882162,1,0.1,0.436051,2.97523,2,0.468373,1,2,0.65,0.65,1,0.0277494,5.45442,1,1,1,1,1,0.616639,1,210,3.43599,1.16773,0.959577,1,10,0.0153263,2.46103,0,41.3798,0,0.404526,0,0,0,1,0.5,2.32498,0.671868,0.1,0.408685,0.1,0.25,0.25,10,0.348731,0.1,0.1,0.241479,0.0304,0.028339,0.000779559,0.0254685,1,0.075,4.5,114,487,295,171,1,12,1,0.975781,0.00119048
93,0,1,0.9,0.9,0,1.11078,0.0405446,0,1,1,1,1,1,1,0.903889,0,0,0,0,0,0.131419,0.347057,0.75,0.1,2.23071,2.60912,2.74625,3,1,1,1,4.5,33,35,1,0.148532,0.282456,0.630137,0.882162,1,0.1,0.436051,2.97523,2,0.468373,1,2,0.65,0.65,1,0.0113546,0.955439,1,1,1,1,1,0.0275798,1,210,3.43599,1.16773,0.959577,1,10,0.0253821,2.43564,0,0.470914,0,0.807236,0,0,0,1,0.5,2.32498,0.671868,0.1,0.408685,0.1,0.25,0.25,10,0.348731,0.1,0.1,0.241479,0.0304,0.028339,0.000779559,0.0254685,1,0.075,4.5,114,487,295,171,1,12,1,0.782116,0
94,0,1,0.9,1.12508,0,0.859557,0.0387697,0,1,1,1,1,1,1,0.142758,0,0,0,0,0,0.203752,0.363959,0.75,0.1,2.23071,2.60912,2.74625,3,1,1,1,4.5,33,35,1,0.148532,0.282456,0.630137,0.882162,1,0.1,0.436051,2.97523,2,0.468373,1,2,0.65,0.65,1,0.0169355,1.37249,1,1,1,1,1,0.00324435,1,210,3.43599,1.16773,0.959577,1,10,0.0401339,1.52653,0,0.688772,0,0.635117,0,0,0,1,0.5,2.32498,0.671868,0.1,0.408685,0.1,0.25,0.25,10,0.348731,0.1,0.1,0.241479,0.0304,0.028339,0.000779559,0.0254685,1,0.075,4.5,114,487,295,171,1,12,1,0.847519,0
95,0,1,0.9,2.19633,0,1.06579,0.0410243,0,1,1,1,1,1,1,0.148296,0,0,0,0,0,0.3117,1,0.75,0.1,2.23071,2.60912,2.74625,3,1,1,1,4.5,33,35,1,0.148532,0.282456,0.630137,0.882162,1,0.1,0.436051,2.97523,2,0.468373,1,2,0.65,0.65,1,0.0298348,0.310346,1,1,1,1,1,0.16131,1,210,3.43599,1.16773,0.959577,1,10,0.0156169,1.22957,0,1.15135,0,0.0525261,0,0,0,1,0.5,2.32498,0.671868,0.1,0.408685,0.1,0.25,0.25,10,0.348731,0.1,0.1,0.241479,0.0304,0.028339,0.000779559,0.0254685,1,0.075,4.5,114,487,295,171,1,12,1,0.863038,0.000179637
96,0,1,0.9,0.9,0,1.07016,0.0423906,0,1,1,1,1,1,1,0.778666,0,0,0,0,0,0.15779,1,0.75,0.1,2.23071,2.60912,2.74625,3,1,1,1,4.5,33,35,1,0.148532,0.282456,0.630137,0.882162,1,0.1,0.436051,2.97523,2,0.468373,1,2,0.65,0.65,1,0.042363,2.19692,1,1,1,1,1,0.319199,1,210,3.43599,1.16773,0.959577,1,10,0.142486,1.46679,0,0.0251896,0,0.256186,0,0,0,1,0.5,2.32498,0.671868,0.1,0.408685,0.1,0.25,0.25,10,0.348731,0.1,0.1,0.241479,0.0304,0.028339,0.000779559,0.0254685,1,0.075,4.5,114,487,295,171,1,12,0.936192,0.754259,4.01339e-13
97,0,1,0.9,0.9,0,0.861138,0.0402104,0,1,1,1,1,1,1,0.034569,0,0,0,0,0,1,1,0.75,0.1,2.23071,2.60912,2.74625,3,1,1,1,4.5,33,35,1,0.148532,0.282456,0.630137,0.882162,1,0.1,0.436051,2.97523,2,0.468373,1,2,0.65,0.65,1,0.00122543,1.90809,1,1,1,1,1,0.0364715,1,210,3.43599,1.16773,0.959577,1,10,0.0553722,0.948341,0,1.39984,0,0.0176373,0,0,0,1,0.5,2.32498,0.671868,0.1,0.408685,0.1,0.25,0.25,10,0.348731,0.1,0.1,0.241479,0.0304,0.028339,0.000779559,0.0254685,1,0.075,4.5,114,487,295,171,1,12,0.861832,0.830725,0
98,0,1,0.9,0.9,0,1.15842,0.0409253,0,1,1,1,1,1,1,0.816482,0,0,0,0,0,1,0.0672134,0.75,0.1,2.23071,2.60912,2.74625,3,1,1,1,4.5,33,35,1,0.148532,0.282456,0.630137,0.882162,1,0.1,0.436051,2.97523,2,0.468373,1,2,0.65,0.65,1,0.00503803,0.98188,1,1,1,1,1,0.162689,1,210,3.43599,1.16773,0.959577,1,10,0.0906974,2.15987,0,2.27421,0,0.105473,0,0,0,1,0.5,2.32498,0.671868,0.1,0.408685,0.1,0.25,0.25,10,0.348731,0.1,0.1,0.241479,0.0304,0.028339,0.000779559,0.0254685,1,0.075,4.5,114,487,295,171,1,12,0.991006,0.900958,0
99,0,1,0.9,0.9,0,0.872193,0.0379548,0,1,1,1,1,1,1,0.51793,0,0,0,0,0,0.155078,1,0.75,0.1,2.23071,2.60912,2.74625,3,1,1,1,4.5,33,35,1,0.148532,0.282456,0.630137,0.882162,1,0.1,0.436051,2.97523,2,0.468373,1,2,0.65,0.65,1,0.012546,2.23484,1,1,1,1,1,4.2515,4.2515,210,3.43599,1.16773,0.959577,1,10,0.055593,5.68841,0,0.029133,0,0.20675,0,0,0,1,0.5,2.32498,0.671868,0.1,0.408685,0.1,0.25,0.25,10,0.348731,0.1,0.1,0.241479,0.0304,0.028339,0.000779559,0.0254685,1,0.075,4.5,114,487,295,171,1,12,0.897316,0.798288,0.00119048
100,0,1,0.9,1.79761,0,0.938562,0.0396538,0,1,1,1,1,1,1,0.10496,0,0,0,0,0,0.302904,0.320319,0.75,0.1,2.23071,2.60912,2.74625,3,1,1,1,4.5,33,35,1,0.148532,0.282456,0.630137,0.882162,1,0.1,0.436051,2.97523,2,0.468373,1,2,0.65,0.65,1,0.00569361,0.626473,1,1,1,1,1,0.0117947,1,210,3.43599,1.16773,0.959577,1,10,0.0685531,3.08656,0,1.49579,0,0.00453932,0,0,0,1,0.5,2.32498,0.671868,0.1,0.408685,0.1,0.25,0.25,10,0.348731,0.1,0.1,0.241479,0.0304,0.028339,0.000779559,0.0254685,1,0.075,4.5,114,487,295,171,1,12,0.979933,0.975416,0.000179637
101,0,1,0.9,0.9,0,1.23333,0.0329189,0,1,1,1,1,1,1,0.0717714,0,0,0,0,0,0.0334463,0.129199,0.75,0.1,2.23071,2.60912,2.74625,3,1,1,1,4.5,33,35,1,0.148532,0.282456,0.630137,0.882162,1,0.1,0.436051,2.97523,2,0.468373,1,2,0.65,0.65,1,0.0198825,1.08158,1,1,1,1,1,0.0911935,1,210,3.43599,1.16773,0.959577,1,10,0.0355846,2.60642,0,0.00984944,0,0.305535,0,0,0,1,0.5,2.32498,0.671868,0.1,0.408685,0.1,0.25,0.25,10,0.348731,0.1,0.1,0.241479,0.0304,0.028339,0.000779559,0.0254685,1,0.075,4.5,114,487,295,171,1,12,1,0.888189,0
102,0,1,0.9,1.36697,0,1.1664,0.0434167,0,1,1,1,1,1,1,0.111692,0,0,0,0,0,0.354045,0.699455,0.75,0.1,2.23071,2.60912,2.74625,3,1,1,1,4.5,33,35,1,0.148532,0.282456,0.630137,0.882162,1,0.1,0.436051,2.97523,2,0.468373,1,2,0.65,0.65,1,0.000942693,1.00299,1,1,1,1,1,21.7387,21.7387,210,3.43599,1.16773,0.959577,1,10,0.0314247,3.71455,0,0.488168,0,0.00386735,0,0,0,1,0.5,2.32498,0.671868,0.1,0.408685,0.1,0.25,0.25,10,0.348731,0.1,0.1,0.241479,0.0304,0.028339,0.000779559,0.0254685,1,0.075,4.5,114,487,295,171,1,12,1,0.928423,0.000179637
103,0,1,0.9,3.63277,0,0.86793,0.0464743,0,1,1,1,1,1,1,0.165223,0,0,0,0,0,0.882387,0.747017,0.75,0.1,2.23071,2.60912,2.74625,3,1,1,1,4.5,33,35,1,0.148532,0.282456,0.630137,0.882162,1,0.1,0.436051,2.97523,2,0.468373,1,2,0.65,0.65,1,0.00038265,6.25175,1,1,1,1,1,0.0112752,1,210,3.43599,1.16773,0.959577,1,10,0.232804,2.01556,0,0.702062,0,0.0055658,0,0,0,1,0.5,2.32498,0.671868,0.1,0.408685,0.1,0.25,0.25,10,0.348731,0.1,0.1,0.241479,0.0304,0.028339,0.000779559,0.0254685,1,0.075,4.5,114,487,295,171,1,12,0.9998,0.853477,1.40763e-06
104,0,1,0.9,1.54273,0,1.03181,0.04468,0,1,1,1,1,1,1,1,0,0,0,0,0,1,0.672818,0.75,0.1,2.23071,2.60912,2.74625,3,1,1,1,4.5,33,35,1,0.148532,0.282456,0.630137,0.882162,1,0.1,0.436051,2.97523,2,0.468373,1,2,0.65,0.65,1,0.137075,1.4875,1,1,1,1,1,0.0238741,1,210,3.43599,1.16773,0.959577,1,10,0.166592,12.7311,0,0.00579372,0,0.00636624,0,0,0,1,0.5,2.32498,0.671868,0.1,0.408685,0.1,0.25,0.25,10,0.348731,0.1,0.1,0.241479,0.0304,0.028339,0.000779559,0.0254685,1,0.075,4.5,114,487,295,171,1,12,1,1,0
105,0,1,0.9,1.02681,0,0.938764,0.0382225,0,1,1,1,1,1,1,0.108176,0,0,0,0,0,0.0394142,0.101519,0.75,0.1,2.23071,2.60912,2.74625,3,1,1,1,4.5,33,35,1,0.148532,0.282456,0.630137,0.882162,1,0.1,0.436051,2.97523,2,0.468373,1,2,0.65,0.65,1,0.000534226,2.4561,1,1,1,1,1,0.200264,1,210,3.43599,1.16773,0.959577,1,10,0.078735,2.12591,0,0.150876,0,0.200315,0,0,0,1,0.5,2.32498,0.671868,0.1,0.408685,0.1,0.25,0.25,10,0.348731,0.1,0.1,0.241479,0.0304,0.028339,0.000779559,0.0254685,1,0.075,4.5,114,487,295,171,1,12,0.959724,1,9.88619e-13
106,0,1,0.9,0.9,0,1.03704,0.0447409,0,1,1,1,1,1,1,0.415077,0,0,0,0,0,0.946811,1,0.75,0.1,2.23071,2.60912,2.74625,3,1,1,1,4.5,33,35,1,0.148532,0.282456,0.630137,0.882162,1,0.1,0.436051,2.97523,2,0.468373,1,2,0.65,0.65,1,0.0072785,4.01427,1,1,1,1,1,0.354751,1,210,3.43599,1.16773,0.959577,1,10,0.0421874,1.17736,0,0.0227252,0,0.297778,0,0,0,1,0.5,2.32498,0.671868,0.1,0.408685,0.1,0.25,0.25,10,0.348731,0.1,0.1,0.241479,0.0304,0.028339,0.000779559,0.0254685,1,0.075,4.5,114,487,295,171,1,12,0.936719,0.818412,6.16528e-13
107,0,1,0.9,1.28632,0,1.13169,0.039267,0,1,1,1,1,1,1,1,0,0,0,0,0,0.103516,0.44637,0.75,0.1,2.23071,2.60912,2.74625,3,1,1,1,4.5,33,35,1,0.148532,0.282456,0.630137,0.882162,1,0.1,0.436051,2.97523,2,0.468373,1,2,0.65,0.65,1,0.00182577,0.27875,1,1,1,1,1,5.15096,5.15096,210,3.43599,1.16773,0.959577,1,10,0.021923,0.485957,0,0.711855,0,0.216353,0,0,0,1,0.5,2.32498,0.671868,0.1,0.408685,0.1,0.25,0.25,10,0.348731,0.1,0.1,0.241479,0.0304,0.028339,0.000779559,0.0254685,1,0.075,4.5,114,487,295,171,1,12,1,0.814816,0.000179637
108,0,1,0.9,1.94487,0,1.06902,0.0443499,0,1,1,1,1,1,1,0.819644,0,0,0,0,0,0.145568,0.187183,0.75,0.1,2.23071,2.60912,2.74625,3,1,1,1,4.5,33,35,1,0.148532,0.282456,0.630137,0.882162,1,0.1,0.436051,2.97523,2,0.468373,1,2,0.65,0.65,1,0.00109869,2.95526,1,1,1,1,1,0.0326609,1,210,3.43599,1.16773,0.959577,1,10,0.00989217,3.99296,0,0.410378,0,0.0154084,0,0,0,1,0.5,2.32498,0.671868,0.1,0.408685,0.1,0.25,0.25,10,0.348731,0.1,0.1,0.241479,0.0304,0.028339,0.000779559,0.0254685,1,0.075,4.5,114,487,295,171,1,12,0.910099,0.793588,0
109,0,1,0.9,1.25604,0,0.973297,0.0394215,0,1,1,1,1,1,1,1,0,0,0,0,0,1,1,0.75,0.1,2.23071,2.60912,2.74625,3,1,1,1,4.5,33,35,1,0.148532,0.282456,0.630137,0.882162,1,0.1,0.436051,2.97523,2,0.468373,1,2,0.65,0.65,1,0.176605,1.51155,1,1,1,1,1,0.0451366,1,210,3.43599,1.16773,0.959577,1,10,0.171165,0.971286,0,0.250808,0,0.0566656,0,0,0,1,0.5,2.32498,0.671868,0.1,0.408685,0.1,0.25,0.25,10,0.348731,0.1,0.1,0.241479,0.0304,0.028339,0.000779559,0.0254685,1,0.075,4.5,114,487,295,171,1,12,0.980884,1,0
110,0,1,0.9,1.51755,0,0.989411,0.042449,0,1,1,1,1,1,1,0.331547,0,0,0,0,0,1,0.163234,0.75,0.1,2.23071,2.60912,2.74625,3,1,1,1,4.5,33,35,1,0.148532,0.282456,0.630137,0.882162,1,0.1,0.436051,2.97523,2,0.468373,1,2,0.65,0.65,1,0.00120579,2.10128,1,1,1,1,1,0.0468783,1,210,3.43599,1.16773,0.959577,1,10,0.0436081,0.885115,0,0.12152,0,0.25457,0,0,0,1,0.5,2.32498,0.671868,0.1,0.408685,0.1,0.25,0.25,10,0.348731,0.1,0.1,0.241479,0.0304,0.028339,0.000779559,0.0254685,1,0.075,4.5,114,487,295,171,1,12,0.988016,0.922582,0
111,0,1,0.9,0.9,0,1.04917,0.0416747,0,1,1,1,1,1,1,1,0,0,0,0,0,0.335096,0.684844,0.75,0.1,2.23071,2.60912,2.74625,3,1,1,1,4.5,33,35,1,0.148532,0.282456,0.630137,0.882162,1,0.1,0.436051,2.97523,2,0.468373,1,2,0.65,0.65,1,0.0085962,0.54245,1,1,1,1,1,0.0270786,1,210,3.43599,1.16773,0.959577,1,10,0.115078,1.82167,0,0.0598262,0,1.06958,0,0,0,1,0.5,2.32498,0.671868,0.1,0.408685,0.1,0.25,0.25,10,0.348731,0.1,0.1,0.241479,0.0304,0.028339,0.000779559,0.0254685,1,0.075,4.5,114,487,295,171,1,12,1,0.843512,0
112,0,1,0.9,2.42499,0,1.09506,0.0321344,0,1,1,1,1,1,1,1,0,0,0,0,0,1,0.789006,0.75,0.1,2.23071,2.60912,2.74625,3,1,1,1,4.5,33,35,1,0.148532,0.282456,0.630137,0.882162,1,0.1,0.436051,2.97523,2,0.468373,1,2,0.65,0.65,1,0.0273337,2.44883,1,1,1,1,1,0.363296,1,210,3.43599,1.16773,0.959577,1,10,0.218799,1.36128,0,0.0413946,0,0.270097,0,0,0,1,0.5,2.32498,0.671868,0.1,0.408685,0.1,0.25,0.25,10,0.348731,0.1,0.1,0.241479,0.0304,0.028339,0.000779559,0.0254685,1,0.075,4.5,114,487,295,171,1,12,0.992018,0.867649,0
113,0,1,0.9,1.21685,0,1.07341,0.0422979,0,1,1,1,1,1,1,0.182413,0,0,0,0,0,0.635602,0.056195,0.75,0.1,2.23071,2.60912,2.74625,3,1,1,1,4.5,33,35,1,0.148532,0.282456,0.630137,0.882162,1,0.1,0.436051,2.97523,2,0.468373,1,2,0.65,0.65,1,0.0054473,3.37125,1,1,1,1,1,0.0249988,1,210,3.43599,1.16773,0.959577,1,10,0.0116539,1.68455,0,0.179108,0,0.078578,0,0,0,1,0.5,2.32498,0.671868,0.1,0.408685,0.1,0.25,0.25,10,0.348731,0.1,0.1,0.241479,0.0304,0.028339,0.000779559,0.0254685,1,0.075,4.5,114,487,295,171,1,12,0.956058,0.941999,7.84038e-14
114,0,1,0.9,0.9,0,1.09078,0.0375374,0,1,1,1,1,1,1,0.075846,0,0,0,0,0,0.234985,0.0498705,0.75,0.1,2.23071,2.60912,2.74625,3,1,1,1,4.5,33,35,1,0.148532,0.282456,0.630137,0.882162,1,0.1,0.436051,2.97523,2,0.468373,1,2,0.65,0.65,1,0.0875725,1.32016,1,1,1,1,1,0.0251155,1,210,3.43599,1.16773,0.959577,1,10,0.0230464,1.2368,0,0.0616764,0,0.0256096,0,0,0,1,0.5,2.32498,0.671868,0.1,0.408685,0.1,0.25,0.25,10,0.348731,0.1,0.1,0.241479,0.0304,0.028339,0.000779559,0.0254685,1,0.075,4.5,114,487,295,171,1,12,1,0.912918,0
115,0,1,0.9,1.49755,0,0.965021,0.0406856,0,1,1,1,1,1,1,1,0,0,0,0,0,1,0.197975,0.75,0.1,2.23071,2.60912,2.74625,3,1,1,1,4.5,33,35,1,0.148532,0.282456,0.630137,0.882162,1,0.1,0.436051,2.97523,2,0.468373,1,2,0.65,0.65,1,0.0124428,2.47445,1,1,1,1,1,0.0521384,1,210,3.43599,1.16773,0.959577,1,10,0.0374415,2.29663,0,0.0031881,0,0.00215624,0,0,0,1,0.5,2.32498,0.671868,0.1,0.408685,0.1,0.25,0.25,10,0.348731,0.1,0.1,0.241479,0.0304,0.028339,0.000779559,0.0254685,1,0.075,4.5,114,487,295,171,1,12,0.938538,0.780942,0.000179637
116,0,1,0.9,0.9,0,1.11096,0.0369432,0,1,1,1,1,1,1,1,0,0,0,0,0,0.240475,1,0.75,0.1,2.23071,2.60912,2.74625,3,1,1,1,4.5,33,35,1,0.148532,0.282456,0.630137,0.882162,1,0.1,0.436051,2.97523,2,0.468373,1,2,0.65,0.65,1,0.363963,0.389832,1,1,1,1,1,0.0138329,1,210,3.43599,1.16773,0.959577,1,10,0.0248555,2.24255,0,0.020057,0,0.249354,0,0,0,1,0.5,2.32498,0.671868,0.1,0.408685,0.1,0.25,0.25,10,0.348731,0.1,0.1,0.241479,0.0304,0.028339,0.000779559,0.0254685,1,0.075,4.5,114,487,295,171,1,12,0.9175,0.87853,5.19942e-14
117,0,1,0.9,1.31191,0,0.983051,0.0480136,0,1,1,1,1,1,1,0.171704,0,0,0,0,0,0.536165,1,0.75,0.1,2.23071,2.60912,2.74625,3,1,1,1,4.5,33,35,1,0.148532,0.282456,0.630137,0.882162,1,0.1,0.436051,2.97523,2,0.468373,1,2,0.65,0.65,1,0.0120701,1.7292,1,1,1,1,1,0.250666,1,210,3.43599,1.16773,0.959577,1,10,0.0149884,3.8461,0,0.0807568,0,0.00352695,0,0,0,1,0.5,2.32498,0.671868,0.1,0.408685,0.1,0.25,0.25,10,0.348731,0.1,0.1,0.241479,0.0304,0.028339,0.000779559,0.0254685,1,0.075,4.5,114,487,295,171,1,12,0.986774,0.963488,0.000179637
118,0,1,0.9,0.9,0,1.01318,0.0421041,0,1,1,1,1,1,1,1,0,0,0,0,0,0.815181,0.465104,0.75,0.1,2.23071,2.60912,2.74625,3,1,1,1,4.5,33,35,1,0.148532,0.282456,0.630137,0.882162,1,0.1,0.436051,2.97523,2,0.468373,1,2,0.65,0.65,1,0.00221603,1.7891,1,1,1,1,1,0.146226,1,210,3.43599,1.16773,0.959577,1,10,0.0538418,5.63648,0,0.0176935,0,0.0559163,0,0,0,1,0.5,2.32498,0.671868,0.1,0.408685,0.1,0.25,0.25,10,0.348731,0.1,0.1,0.241479,0.0304,0.028339,0.000779559,0.0254685,1,0.075,4.5,114,487,295,171,1,12,1,0.953839,5.26041e-13
119,0,1,0.9,2.50048,0,0.884612,0.0364764,0,1,1,1,1,1,1,0.922854,0,0,0,0,0,0.872977,0.487827,0.75,0.1,2.23071,2.60912,2.74625,3,1,1,1,4.5,33,35,1,0.148532,0.282456,0.630137,0.882162,1,0.1,0.436051,2.97523,2,0.468373,1,2,0.65,0.65,1,0.00818759,0.103823,1,1,1,1,1,0.00899093,1,210,3.43599,1.16773,0.959577,1,10,0.0304273,1.28975,0,0.708616,0,0.231099,0,0,0,1,0.5,2.32498,0.671868,0.1,0.408685,0.1,0.25,0.25,10,0.348731,0.1,0.1,0.241479,0.0304,0.028339,0.000779559,0.0254685,1,0.075,4.5,114,487,295,171,1,12,0.956797,0.820973,1.23335e-08
120,0,1,0.9,1.43086,0,1.14818,0.0427305,0,1,1,1,1,1,1,0.383044,0,0,0,0,0,0.509168,0.516858,0.75,0.1,2.23071,2.60912,2.74625,3,1,1,1,4.5,33,35,1,0.148532,0.282456,0.630137,0.882162,1,0.1,0.436051,2.97523,2,0.468373,1,2,0.65,0.65,1,0.00102689,9.40778,1,1,1,1,1,0.00806534,1,210,3.43599,1.16773,0.959577,1,10,0.0265959,0.417828,0,0.0750071,0,2.79651,0,0,0,1,0.5,2.32498,0.671868,0.1,0.408685,0.1,0.25,0.25,10,0.348731,0.1,0.1,0.241479,0.0304,0.028339,0.000779559,0.0254685,1,0.075,4.5,114,487,295,171,1,12,1,0.804908,6.16528e-13
121,0,1,0.9,3.44375,0,1.08825,0.0414178,0,1,1,1,1,1,1,0.926169,0,0,0,0,0,0.474834,0.344965,0.75,0.1,2.23071,2.60912,2.74625,3,1,1,1,4.5,33,35,1,0.148532,0.282456,0.630137,0.882162,1,0.1,0.436051,2.97523,2,0.468373,1,2,0.65,0.65,1,0.00206589,2.70562,1,1,1,1,1,0.000528644,1,210,3.43599,1.16773,0.959577,1,10,0.0511228,4.05302,0,0.839331,0,0.0579421,0,0,0,1,0.5,2.32498,0.671868,0.1,0.408685,0.1,0.25,0.25,10,0.348731,0.1,0.1,0.241479,0.0304,0.028339,0.000779559,0.0254685,1,0.075,4.5,114,487,295,171,1,12,0.967904,0.829764,2.08e-13
122,0,1,0.9,5.70788,0,0.899908,0.0439842,0,1,1,1,1,1,1,0.315472,0,0,0,0,0,0.246719,0.358392,0.75,0.1,2.23071,2.60912,2.74625,3,1,1,1,4.5,33,35,1,0.148532,0.282456,0.630137,0.882162,1,0.1,0.436051,2.97523,2,0.468373,1,2,0.65,0.65,1,0.029434,0.905524,1,1,1,1,1,0.119594,1,210,3.43599,1.16773,0.959577,1,10,0.0663406,0.620226,0,0.0546382,0,0.0325214,0,0,0,1,0.5,2.32498,0.671868,0.1,0.408685,0.1,0.25,0.25,10,0.348731,0.1,0.1,0.241479,0.0304,0.028339,0.000779559,0.0254685,1,0.075,4.5,114,487,295,171,1,12,0.893603,0.884663,0.0171524
123,0,1,0.9,2.57105,0,0.876691,0.0367809,0,1,1,1,1,1,1,0.418074,0,0,0,0,0,0.142966,0.322759,0.75,0.1,2.23071,2.60912,2.74625,3,1,1,1,4.5,33,35,1,0.148532,0.282456,0.630137,0.882162,1,0.1,0.436051,2.97523,2,0.468373,1,2,0.65,0.65,1,0.00119274,1.2938,1,1,1,1,1,0.585709,1,210,3.43599,1.16773,0.959577,1,10,0.0204056,9.80266,0,0.156227,0,0.378529,0,0,0,1,0.5,2.32498,0.671868,0.1,0.408685,0.1,0.25,0.25,10,0.348731,0.1,0.1,0.241479,0.0304,0.028339,0.000779559,0.0254685,1,0.075,4.5,114,487,295,171,1,12,0.984932,0.885602,2.18521e-13
124,0,1,0.9,1.13015,0,1.14277,0.0371502,0,1,1,1,1,1,1,1,0,0,0,0,0,0.906107,1,0.75,0.1,2.23071,2.60912,2.74625,3,1,1,1,4.5,33,35,1,0.148532,0.282456,0.630137,0.882162,1,0.1,0.436051,2.97523,2,0.468373,1,2,0.65,0.65,1,0.000202682,0.536511,1,1,1,1,1,0.0927439,1,210,3.43599,1.16773,0.959577,1,10,0.0432494,11.4853,0,0.150599,0,0.0469979,0,0,0,1,0.5,2.32498,0.671868,0.1,0.408685,0.1,0.25,0.25,10,0.348731,0.1,0.1,0.241479,0.0304,0.028339,0.000779559,0.0254685,1,0.075,4.5,114,487,295,171,1,12,1,0.87204,0
125,0,1,0.9,1.74826,0,1.01261,0.0359802,0,1,1,1,1,1,1,0.918678,0,0,0,0,0,0.354033,0.092791,0.75,0.1,2.23071,2.60912,2.74625,3,1,1,1,4.5,33,35,1,0.148532,0.282456,0.630137,0.882162,1,0.1,0.436051,2.97523,2,0.468373,1,2,0.65,0.65,1,0.000554708,2.16902,1,1,1,1,1,0.0670704,1,210,3.43599,1.16773,0.959577,1,10,0.0204518,1.36374,0,0.593656,0,0.341394,0,0,0,1,0.5,2.32498,0.671868,0.1,0.408685,0.1,0.25,0.25,10,0.348731,0.1,0.1,0.241479,0.0304,0.028339,0.000779559,0.0254685,1,0.075,4.5,114,487,295,171,1,12,0.80745,0.845729,0.00119048
126,0,1,0.9,1.23822,0,0.880112,0.0374927,0,1,1,1,1,1,1,0.23776,0,0,0,0,0,0.135448,0.815435,0.75,0.1,2.23071,2.60912,2.74625,3,1,1,1,4.5,33,35,1,0.148532,0.282456,0.630137,0.882162,1,0.1,0.436051,2.97523,2,0.468373,1,2,0.65,0.65,1,0.0134168,0.454281,1,1,1,1,1,0.0633694,1,210,3.43599,1.16773,0.959577,1,10,0.0392914,0.297068,0,0.146579,0,0.0325617,0,0,0,1,0.5,2.32498,0.671868,0.1,0.408685,0.1,0.25,0.25,10,0.348731,0.1,0.1,0.241479,0.0304,0.028339,0.000779559,0.0254685,1,0.075,4.5,114,487,295,171,1,12,0.927508,0.685523,0.0044812
127,0,1,0.9,0.9,0,1.11308,0.0435855,0,1,1,1,1,1,1,0.186289,0,0,0,0,0,1,0.633339,0.75,0.1,2.23071,2.60912,2.74625,3,1,1,1,4.5,33,35,1,0.148532,0.282456,0.630137,0.882162,1,0.1,0.436051,2.97523,2,0.468373,1,2,0.65,0.65,1,0.105151,0.556853,1,1,1,1,1,0.229044,1,210,3.43599,1.16773,0.959577,1,10,0.0765399,2.44243,0,1.82461,0,1.88642,0,0,0,1,0.5,2.32498,0.671868,0.1,0.408685,0.1,0.25,0.25,10,0.348731,0.1,0.1,0.241479,0.0304,0.028339,0.000779559,0.0254685,1,0.075,4.5,114,487,295,171,1,12,1,0.825328,0
128,0,1,0.9,0.9,0,1.01442,0.0479226,0,1,1,1,1,1,1,0.221318,0,0,0,0,0,0.164734,0.758991,0.75,0.1,2.23071,2.60912,2.74625,3,1,1,1,4.5,33,35,1,0.148532,0.282456,0.630137,0.882162,1,0.1,0.436051,2.97523,2,0.468373,1,2,0.65,0.65,1,0.00329388,0.71181,1,1,1,1,1,0.00238948,1,210,3.43599,1.16773,0.959577,1,10,0.0442302,3.06993,0,0.00154504,0,0.239539,0,0,0,1,0.5,2.32498,0.671868,0.1,0.408685,0.1,0.25,0.25,10,0.348731,0.1,0.1,0.241479,0.0304,0.028339,0.000779559,0.0254685,1,0.075,4.5,114,487,295,171,1,12,0.973846,0.924096,4.0572e-09
129,0,1,0.9,0.9,0,1.05535,0.0456635,0,1,1,1,1,1,1,1,0,0,0,0,0,1,0.274924,0.75,0.1,2.23071,2.60912,2.74625,3,1,1,1,4.5,33,35,1,0.148532,0.282456,0.630137,0.882162,1,0.1,0.436051,2.97523,2,0.468373,1,2,0.65,0.65,1,0.00331219,0.140689,1,1,1,1,1,0.008645,1,210,3.43599,1.16773,0.959577,1,10,0.0296676,2.67073,0,0.666333,0,0.107872,0,0,0,1,0.5,2.32498,0.671868,0.1,0.408685,0.1,0.25,0.25,10,0.348731,0.1,0.1,0.241479,0.0304,0.028339,0.000779559,0.0254685,1,0.075,4.5,114,487,295,171,1,12,0.937951,0.860716,4.0572e-09
130,0,1,0.9,0.9,0,0.966493,0.0367161,0,1,1,1,1,1,1,1,0,0,0,0,0,0.544581,0.543767,0.75,0.1,2.23071,2.60912,2.74625,3,1,1,1,4.5,33,35,1,0.148532,0.282456,0.630137,0.882162,1,0.1,0.436051,2.97523,2,0.468373,1,2,0.65,0.65,1,0.0520352,1.25926,1,1,1,1,1,0.165428,1,210,3.43599,1.16773,0.959577,1,10,0.00887204,1.71193,0,11.4143,0,2.08335,0,0,0,1,0.5,2.32498,0.671868,0.1,0.408685,0.1,0.25,0.25,10,0.348731,0.1,0.1,0.241479,0.0304,0.028339,0.000779559,0.0254685,1,0.075,4.5,114,487,295,171,1,12,1,0.859111,0
131,0,1,0.9,0.9,0,0.929507,0.0374212,0,1,1,1,1,1,1,1,0,0,0,0,0,0.125594,1,0.75,0.1,2.23071,2.60912,2.74625,3,1,1,1,4.5,33,35,1,0.148532,0.282456,0.630137,0.882162,1,0.1,0.436051,2.97523,2,0.468373,1,2,0.65,0.65,1,0.0100068,0.40672,1,1,1,1,1,3.70965,3.70965,210,3.43599,1.16773,0.959577,1,10,0.0535644,3.38673,0,0.445893,0,0.207827,0,0,0,1,0.5,2.32498,0.671868,0.1,0.408685,0.1,0.25,0.25,10,0.348731,0.1,0.1,0.241479,0.0304,0.028339,0.000779559,0.0254685,1,0.075,4.5,114,487,295,171,1,12,1,0.849991,0
132,0,1,0.9,0.9,0,1.06418,0.0391446,0,1,1,1,1,1,1,0.406504,0,0,0,0,0,1,0.509649,0.75,0.1,2.23071,2.60912,2.74625,3,1,1,1,4.5,33,35,1,0.148532,0.282456,0.630137,0.882162,1,0.1,0.436051,2.97523,2,0.468373,1,2,0.65,0.65,1,0.00095343,0.369294,1,1,1,1,1,0.00278442,1,210,3.43599,1.16773,0.959577,1,10,0.0321526,1.07533,0,0.266439,0,0.526577,0,0,0,1,0.5,2.32498,0.671868,0.1,0.408685,0.1,0.25,0.25,10,0.348731,0.1,0.1,0.241479,0.0304,0.028339,0.000779559,0.0254685,1,0.075,4.5,114,487,295,171,1,12,1,0.979399,0
133,0,1,0.9,1.81192,0,1.03329,0.0380116,0,1,1,1,1,1,1,0.210504,0,0,0,0,0,0.358676,0.203479,0.75,0.1,2.23071,2.60912,2.74625,3,1,1,1,4.5,33,35,1,0.148532,0.282456,0.630137,0.882162,1,0.1,0.436051,2.97523,2,0.468373,1,2,0.65,0.65,1,0.00324699,1.61525,1,1,1,1,1,0.113266,1,210,3.43599,1.16773,0.959577,1,10,0.0610642,1.50503,0,0.188878,0,0.499858,0,0,0,1,0.5,2.32498,0.671868,0.1,0.408685,0.1,0.25,0.25,10,0.348731,0.1,0.1,0.241479,0.0304,0.028339,0.000779559,0.0254685,1,0.075,4.5,114,487,295,171,1,12,1,0.81651,2.18521e-13
134,0,1,0.9,1.26483,0,1.12511,0.0447934,0,1,1,1,1,1,1,0.347955,0,0,0,0,0,0.15586,0.0555346,0.75,0.1,2.23071,2.60912,2.74625,3,1,1,1,4.5,33,35,1,0.148532,0.282456,0.630137,0.882162,1,0.1,0.436051,2.97523,2,0.468373,1,2,0.65,0.65,1,0.000289731,2.53931,1,1,1,1,1,0.127467,1,210,3.43599,1.16773,0.959577,1,10,0.130373,2.22214,0,0.843077,0,0.059127,0,0,0,1,0.5,2.32498,0.671868,0.1,0.408685,0.1,0.25,0.25,10,0.348731,0.1,0.1,0.241479,0.0304,0.028339,0.000779559,0.0254685,1,0.075,4.5,114,487,295,171,1,12,0.993783,0.825491,6.48645e-13
135,0,1,0.9,0.9,0,0.907951,0.0374568,0,1,1,1,1,1,1,0.36226,0,0,0,0,0,0.0562139,0.823219,0.75,0.1,2.23071,2.60912,2.74625,3,1,1,1,4.5,33,35,1,0.148532,0.282456,0.630137,0.882162,1,0.1,0.436051,2.97523,2,0.468373,1,2,0.65,0.65,1,0.00237272,3.15513,1,1,1,1,1,0.0696876,1,210,3.43599,1.16773,0.959577,1,10,0.0657059,0.964341,0,0.366156,0,0.247972,0,0,0,1,0.5,2.32498,0.671868,0.1,0.408685,0.1,0.25,0.25,10,0.348731,0.1,0.1,0.241479,0.0304,0.028339,0.000779559,0.0254685,1,0.075,4.5,114,487,295,171,1,12,0.904536,0.831203,9.88619e-13
136,0,1,0.9,0.9,0,1.1793,0.0416114,0,1,1,1,1,1,1,0.391502,0,0,0,0,0,1,1,0.75,0.1,2.23071,2.60912,2.74625,3,1,1,1,4.5,33,35,1,0.148532,0.282456,0.630137,0.882162,1,0.1,0.436051,2.97523,2,0.468373,1,2,0.65,0.65,1,0.0664071,0.555839,1,1,1,1,1,0.0387621,1,210,3.43599,1.16773,0.959577,1,10,0.0180649,1.84802,0,1.42805,0,0.029879,0,0,0,1,0.5,2.32498,0.671868,0.1,0.408685,0.1,0.25,0.25,10,0.348731,0.1,0.1,0.241479,0.0304,0.028339,0.000779559,0.0254685,1,0.075,4.5,114,487,295,171,1,12,0.847799,0.971984,0
137,0,1,0.9,0.9,0,1.082,0.0392448,0,1,1,1,1,1,1,1,0,0,0,0,0,0.978401,0.527566,0.75,0.1,2.23071,2.60912,2.74625,3,1,1,1,4.5,33,35,1,0.148532,0.282456,0.630137,0.882162,1,0.1,0.436051,2.97523,2,0.468373,1,2,0.65,0.65,1,0.0159651,4.18379,1,1,1,1,1,0.024493,1,210,3.43599,1.16773,0.959577,1,10,0.0198002,0.360033,0,2.50554,0,0.0139339,0,0,0,1,0.5,2.32498,0.671868,0.1,0.408685,0.1,0.25,0.25,10,0.348731,0.1,0.1,0.241479,0.0304,0.028339,0.000779559,0.0254685,1,0.075,4.5,114,487,295,171,1,12,0.868373,1,0.0139823
138,0,1,0.9,1.94171,0,1.08449,0.0427318,0,1,1,1,1,1,1,0.346528,0,0,0,0,0,0.16488,0.407099,0.75,0.1,2.23071,2.60912,2.74625,3,1,1,1,4.5,33,35,1,0.148532,0.282456,0.630137,0.882162,1,0.1,0.436051,2.97523,2,0.468373,1,2,0.65,0.65,1,0.000178316,0.800049,1,1,1,1,1,0.0986995,1,210,3.43599,1.16773,0.959577,1,10,0.0619334,0.389345,0,0.0163203,0,0.645591,0,0,0,1,0.5,2.32498,0.671868,0.1,0.408685,0.1,0.25,0.25,10,0.348731,0.1,0.1,0.241479,0.0304,0.028339,0.000779559,0.0254685,1,0.075,4.5,114,487,295,171,1,12,1,0.869934,1.23335e-08
139,0,1,0.9,0.9,0,0.850317,0.0386616,0,1,1,1,1,1,1,0.407998,0,0,0,0,0,0.205562,1,0.75,0.1,2.23071,2.60912,2.74625,3,1,1,1,4.5,33,35,1,0.148532,0.282456,0.630137,0.882162,1,0.1,0.436051,2.97523,2,0.468373,1,2,0.65,0.65,1,0.000990308,1.26191,1,1,1,1,1,0.069982,1,210,3.43599,1.16773,0.959577,1,10,0.023036,2.04886,0,0.791982,0,0.00264704,0,0,0,1,0.5,2.32498,0.671868,0.1,0.408685,0.1,0.25,0.25,10,0.348731,0.1,0.1,0.241479,0.0304,0.028339,0.000779559,0.0254685,1,0.075,4.5,114,487,295,171,1,12,1,0.866052,0.000179637
140,0,1,0.9,0.9,0,1.09932,0.0424066,0,1,1,1,1,1,1,0.17566,0,0,0,0,0,0.749942,1,0.75,0.1,2.23071,2.60912,2.74625,3,1,1,1,4.5,33,35,1,0.148532,0.282456,0.630137,0.882162,1,0.1,0.436051,2.97523,2,0.468373,1,2,0.65,0.65,1,0.00118909,0.269128,1,1,1,1,1,0.111562,1,210,3.43599,1.16773,0.959577,1,10,0.052642,0.857626,0,0.037177,0,0.348603,0,0,0,1,0.5,2.32498,0.671868,0.1,0.408685,0.1,0.25,0.25,10,0.348731,0.1,0.1,0.241479,0.0304,0.028339,0.000779559,0.0254685,1,0.075,4.5,114,487,295,171,1,12,1,1,1.23335e-08
141,0,1,0.9,0.9,0,1.15353,0.0367446,0,1,1,1,1,1,1,0.151466,0,0,0,0,0,0.068211,0.641937,0.75,0.1,2.23071,2.60912,2.74625,3,1,1,1,4.5,33,35,1,0.148532,0.282456,0.630137,0.882162,1,0.1,0.436051,2.97523,2,0.468373,1,2,0.65,0.65,1,0.0102015,11.0757,1,1,1,1,1,0.00851805,1,210,3.43599,1.16773,0.959577,1,10,0.0189619,0.424213,0,0.233807,0,0.263192,0,0,0,1,0.5,2.32498,0.671868,0.1,0.408685,0.1,0.25,0.25,10,0.348731,0.1,0.1,0.241479,0.0304,0.028339,0.000779559,0.0254685,1,0.075,4.5,114,487,295,171,1,12,1,0.888316,0
142,0,1,0.9,2.52769,0,0.890238,0.0370103,0,1,1,1,1,1,1,0.176728,0,0,0,0,0,1,0.0568903,0.75,0.1,2.23071,2.60912,2.74625,3,1,1,1,4.5,33,35,1,0.148532,0.282456,0.630137,0.882162,1,0.1,0.436051,2.97523,2,0.468373,1,2,0.65,0.65,1,0.000654199,11.5672,1,1,1,1,1,0.00257291,1,210,3.43599,1.16773,0.959577,1,10,0.0804689,0.637435,0,0.11307,0,0.203012,0,0,0,1,0.5,2.32498,0.671868,0.1,0.408685,0.1,0.25,0.25,10,0.348731,0.1,0.1,0.241479,0.0304,0.028339,0.000779559,0.0254685,1,0.075,4.5,114,487,295,171,1,12,0.902075,1,5.19942e-14
143,0,1,0.9,1.03972,0,1.21603,0.0382699,0,1,1,1,1,1,1,1,0,0,0,0,0,1,1,0.75,0.1,2.23071,2.60912,2.74625,3,1,1,1,4.5,33,35,1,0.148532,0.282456,0.630137,0.882162,1,0.1,0.436051,2.97523,2,0.468373,1,2,0.65,0.65,1,0.0343805,0.487823,1,1,1,1,1,0.00515349,1,210,3.43599,1.16773,0.959577,1,10,0.0307345,1.40257,0,0.476315,0,0.0587901,0,0,0,1,0.5,2.32498,0.671868,0.1,0.408685,0.1,0.25,0.25,10,0.348731,0.1,0.1,0.241479,0.0304,0.028339,0.000779559,0.0254685,1,0.075,4.5,114,487,295,171,1,12,1,1,1.23335e-08
144,0,1,0.9,1.51246,0,1.03008,0.0395416,0,1,1,1,1,1,1,0.564004,0,0,0,0,0,0.848921,0.764089,0.75,0.1,2.23071,2.60912,2.74625,3,1,1,1,4.5,33,35,1,0.148532,0.282456,0.630137,0.882162,1,0.1,0.436051,2.97523,2,0.468373,1,2,0.65,0.65,1,0.021017,2.20912,1,1,1,1,1,0.0140156,1,210,3.43599,1.16773,0.959577,1,10,0.0307515,2.93698,0,13.16,0,0.380978,0,0,0,1,0.5,2.32498,0.671868,0.1,0.408685,0.1,0.25,0.25,10,0.348731,0.1,0.1,0.241479,0.0304,0.028339,0.000779559,0.0254685,1,0.075,4.5,114,487,295,171,1,12,1,0.944536,5.19942e-14
145,0,1,0.9,0.9,0,0.874859,0.0444398,0,1,1,1,1,1,1,0.142058,0,0,0,0,0,1,0.470176,0.75,0.1,2.23071,2.60912,2.74625,3,1,1,1,4.5,33,35,1,0.148532,0.282456,0.630137,0.882162,1,0.1,0.436051,2.97523,2,0.468373,1,2,0.65,0.65,1,0.00373562,0.0869536,1,1,1,1,1,0.0604511,1,210,3.43599,1.16773,0.959577,1,10,0.0059304,0.863708,0,0.455194,0,0.0855835,0,0,0,1,0.5,2.32498,0.671868,0.1,0.408685,0.1,0.25,0.25,10,0.348731,0.1,0.1,0.241479,0.0304,0.028339,0.000779559,0.0254685,1,0.075,4.5,114,487,295,171,1,12,1,0.979718,0.000179637
146,0,1,0.9,0.9,0,1.0943,0.0410278,0,1,1,1,1,1,1,0.766794,0,0,0,0,0,0.191938,0.28304,0.75,0.1,2.23071,2.60912,2.74625,3,1,1,1,4.5,33,35,1,0.148532,0.282456,0.630137,0.882162,1,0.1,0.436051,2.97523,2,0.468373,1,2,0.65,0.65,1,0.00129218,1.23267,1,1,1,1,1,0.00798583,1,210,3.43599,1.16773,0.959577,1,10,0.0324753,0.511004,0,0.0279877,0,0.234113,0,0,0,1,0.5,2.32498,0.671868,0.1,0.408685,0.1,0.25,0.25,10,0.348731,0.1,0.1,0.241479,0.0304,0.028339,0.000779559,0.0254685,1,0.075,4.5,114,487,295,171,1,12,0.819026,0.945235,0.00263158
147,0,1,0.9,3.40642,0,1.07613,0.0407452,0,1,1,1,1,1,1,0.118811,0,0,0,0,0,1,0.473498,0.75,0.1,2.23071,2.60912,2.74625,3,1,1,1,4.5,33,35,1,0.148532,0.282456,0.630137,0.882162,1,0.1,0.436051,2.97523,2,0.468373,1,2,0.65,0.65,1,0.00191095,2.58682,1,1,1,1,1,0.040024,1,210,3.43599,1.16773,0.959577,1,10,0.0561717,0.658275,0,0.182476,0,0.0846525,0,0,0,1,0.5,2.32498,0.671868,0.1,0.408685,0.1,0.25,0.25,10,0.348731,0.1,0.1,0.241479,0.0304,0.028339,0.000779559,0.0254685,1,0.075,4.5,114,487,295,171,1,12,1,1,0.000179637
148,0,1,0.9,0.9,0,1.09519,0.0414687,0,1,1,1,1,1,1,0.240744,0,0,0,0,0,1,1,0.75,0.1,2.23071,2.60912,2.74625,3,1,1,1,4.5,33,35,1,0.148532,0.282456,0.630137,0.882162,1,0.1,0.436051,2.97523,2,0.468373,1,2,0.65,0.65,1,0.0020155,1.07675,1,1,1,1,1,0.387134,1,210,3.43599,1.16773,0.959577,1,10,0.0451419,1.09345,0,0.0128261,0,0.0732135,0,0,0,1,0.5,2.32498,0.671868,0.1,0.408685,0.1,0.25,0.25,10,0.348731,0.1,0.1,0.241479,0.0304,0.028339,0.000779559,0.0254685,1,0.075,4.5,114,487,295,171,1,12,0.969507,0.970539,0.000179637
149,0,1,0.9,0.935362,0,0.813125,0.0352369,0,1,1,1,1,1,1,0.640466,0,0,0,0,0,0.657539,0.297634,0.75,0.1,2.23071,2.60912,2.74625,3,1,1,1,4.5,33,35,1,0.148532,0.282456,0.630137,0.882162,1,0.1,0.436051,2.97523,2,0.468373,1,2,0.65,0.65,1,0.00433737,0.9535,1,1,1,1,1,0.0278354,1,210,3.43599,1.16773,0.959577,1,10,0.0636261,1.00099,0,0.104664,0,0.0451694,0,0,0,1,0.5,2.32498,0.671868,0.1,0.408685,0.1,0.25,0.25,10,0.348731,0.1,0.1,0.241479,0.0304,0.028339,0.000779559,0.0254685,1,0.075,4.5,114,487,295,171,1,12,0.84434,0.910122,0.00119048
150,0,1,0.9,0.9,0,0.947499,0.0395071,0,1,1,1,1,1,1,0.856579,0,0,0,0,0,1,1,0.75,0.1,2.23071,2.60912,2.74625,3,1,1,1,4.5,33,35,1,0.148532,0.282456,0.630137,0.882162,1,0.1,0.436051,2.97523,2,0.468373,1,2,0.65,0.65,1,0.00805156,0.378958,1,1,1,1,1,0.127445,1,210,3.43599,1.16773,0.959577,1,10,0.399144,1.11981,0,0.0630194,0,0.0641708,0,0,0,1,0.5,2.32498,0.671868,0.1,0.408685,0.1,0.25,0.25,10,0.348731,0.1,0.1,0.241479,0.0304,0.028339,0.000779559,0.0254685,1,0.075,4.5,114,487,295,171,1,12,1,0.896025,0
151,0,1,0.9,0.9,0,1.05229,0.0424968,0,1,1,1,1,1,1,0.76316,0,0,0,0,0,1,1,0.75,0.1,2.23071,2.60912,2.74625,3,1,1,1,4.5,33,35,1,0.148532,0.282456,0.630137,0.882162,1,0.1,0.436051,2.97523,2,0.468373,1,2,0.65,0.65,1,0.115039,0.602509,1,1,1,1,1,0.033932,1,210,3.43599,1.16773,0.959577,1,10,0.0082932,2.53854,0,13.2628,0,0.21377,0,0,0,1,0.5,2.32498,0.671868,0.1,0.408685,0.1,0.25,0.25,10,0.348731,0.1,0.1,0.241479,0.0304,0.028339,0.000779559,0.0254685,1,0.075,4.5,114,487,295,171,1,12,0.937922,0.84863,5.26041e-13
152,0,1,0.9,4.53425,0,1.07159,0.0382738,0,1,1,1,1,1,1,1,0,0,0,0,0,0.295954,0.51458,0.75,0.1,2.23071,2.60912,2.74625,3,1,1,1,4.5,33,35,1,0.148532,0.282456,0.630137,0.882162,1,0.1,0.436051,2.97523,2,0.468373,1,2,0.65,0.65,1,0.0738088,0.589171,1,1,1,1,1,0.596385,1,210,3.43599,1.16773,0.959577,1,10,0.0266245,0.897051,0,0.112662,0,0.199225,0,0,0,1,0.5,2.32498,0.671868,0.1,0.408685,0.1,0.25,0.25,10,0.348731,0.1,0.1,0.241479,0.0304,0.028339,0.000779559,0.0254685,1,0.075,4.5,114,487,295,171,1,12,0.913376,0.896277,2.22739e-13
153,0,1,0.9,0.9,0,0.87468,0.0373095,0,1,1,1,1,1,1,1,0,0,0,0,0,0.429483,0.701865,0.75,0.1,2.23071,2.60912,2.74625,3,1,1,1,4.5,33,35,1,0.148532,0.282456,0.630137,0.882162,1,0.1,0.436051,2.97523,2,0.468373,1,2,0.65,0.65,1,0.0170791,1.19083,1,1,1,1,1,0.00265575,1,210,3.43599,1.16773,0.959577,1,10,0.316724,2.41302,0,0.531461,0,0.364412,0,0,0,1,0.5,2.32498,0.671868,0.1,0.408685,0.1,0.25,0.25,10,0.348731,0.1,0.1,0.241479,0.0304,0.028339,0.000779559,0.0254685,1,0.075,4.5,114,487,295,171,1,12,0.874413,0.894277,0.00119048
154,0,1,0.9,1.81021,0,1.03574,0.0424698,0,1,1,1,1,1,1,0.266326,0,0,0,0,0,0.659809,0.629011,0.75,0.1,2.23071,2.60912,2.74625,3,1,1,1,4.5,33,35,1,0.148532,0.282456,0.630137,0.882162,1,0.1,0.436051,2.97523,2,0.468373,1,2,0.65,0.65,1,0.00338514,17.9604,1,1,1,1,1,2.30685,2.30685,210,3.43599,1.16773,0.959577,1,10,0.102345,0.843309,0,1.87247,0,1.22654,0,0,0,1,0.5,2.32498,0.671868,0.1,0.408685,0.1,0.25,0.25,10,0.348731,0.1,0.1,0.241479,0.0304,0.028339,0.000779559,0.0254685,1,0.075,4.5,114,487,295,171,1,12,1,0.933217,0.00263158
155,0,1,0.9,0.9,0,0.972047,0.0380644,0,1,1,1,1,1,1,0.488351,0,0,0,0,0,0.66631,0.854001,0.75,0.1,2.23071,2.60912,2.74625,3,1,1,1,4.5,33,35,1,0.148532,0.282456,0.630137,0.882162,1,0.1,0.436051,2.97523,2,0.468373,1,2,0.65,0.65,1,0.284704,0.313078,1,1,1,1,1,0.0823858,1,210,3.43599,1.16773,0.959577,1,10,0.141426,0.29684,0,0.0496275,0,0.0443892,0,0,0,1,0.5,2.32498,0.671868,0.1,0.408685,0.1,0.25,0.25,10,0.348731,0.1,0.1,0.241479,0.0304,0.028339,0.000779559,0.0254685,1,0.075,4.5,114,487,295,171,1,12,1,0.810503,0
156,0,1,0.9,1.70843,0,1.01543,0.0395755,0,1,1,1,1,1,1,0.379354,0,0,0,0,0,0.468034,0.136929,0.75,0.1,2.23071,2.60912,2.74625,3,1,1,1,4.5,33,35,1,0.148532,0.282456,0.630137,0.882162,1,0.1,0.436051,2.97523,2,0.468373,1,2,0.65,0.65,1,0.0193053,0.145936,1,1,1,1,1,0.0188044,1,210,3.43599,1.16773,0.959577,1,10,0.0728549,2.07219,0,0.121184,0,0.138581,0,0,0,1,0.5,2.32498,0.671868,0.1,0.408685,0.1,0.25,0.25,10,0.348731,0.1,0.1,0.241479,0.0304,0.028339,0.000779559,0.0254685,1,0.075,4.5,114,487,295,171,1,12,1,0.71975,0
157,0,1,0.9,3.71683,0,0.95655,0.0386846,0,1,1,1,1,1,1,1,0,0,0,0,0,0.458292,0.336004,0.75,0.1,2.23071,2.60912,2.74625,3,1,1,1,4.5,33,35,1,0.148532,0.282456,0.630137,0.882162,1,0.1,0.436051,2.97523,2,0.468373,1,2,0.65,0.65,1,0.0672646,2.17758,1,1,1,1,1,0.0107902,1,210,3.43599,1.16773,0.959577,1,10,0.107453,0.209287,0,0.00638488,0,0.202278,0,0,0,1,0.5,2.32498,0.671868,0.1,0.408685,0.1,0.25,0.25,10,0.348731,0.1,0.1,0.241479,0.0304,0.028339,0.000779559,0.0254685,1,0.075,4.5,114,487,295,171,1,12,0.994094,1,0
158,0,1,0.9,1.29275,0,0.881989,0.0439615,0,1,1,1,1,1,1,1,0,0,0,0,0,0.273421,1,0.75,0.1,2.23071,2.60912,2.74625,3,1,1,1,4.5,33,35,1,0.148532,0.282456,0.630137,0.882162,1,0.1,0.436051,2.97523,2,0.468373,1,2,0.65,0.65,1,0.102879,0.874177,1,1,1,1,1,0.0453342,1,210,3.43599,1.16773,0.959577,1,10,0.0361541,2.41643,0,0.0297513,0,0.00510783,0,0,0,1,0.5,2.32498,0.671868,0.1,0.408685,0.1,0.25,0.25,10,0.348731,0.1,0.1,0.241479,0.0304,0.028339,0.000779559,0.0254685,1,0.075,4.5,114,487,295,171,1,12,1,0.857067,0
159,0,1,0.9,0.9,0,1.07788,0.044254,0,1,1,1,1,1,1,0.698063,0,0,0,0,0,0.0950213,0.118436,0.75,0.1,2.23071,2.60912,2.74625,3,1,1,1,4.5,33,35,1,0.148532,0.282456,0.630137,0.882162,1,0.1,0.436051,2.97523,2,0.468373,1,2,0.65,0.65,1,0.0310713,4.98148,1,1,1,1,1,0.00786713,1,210,3.43599,1.16773,0.959577,1,10,0.130285,4.6605,0,0.68018,0,0.121317,0,0,0,1,0.5,2.32498,0.671868,0.1,0.408685,0.1,0.25,0.25,10,0.348731,0.1,0.1,0.241479,0.0304,0.028339,0.000779559,0.0254685,1,0.075,4.5,114,487,295,171,1,12,0.97434,1,0.00263158
160,0,1,0.9,0.9,0,0.84719,0.0389584,0,1,1,1,1,1,1,0.883685,0,0,0,0,0,0.342414,0.340195,0.75,0.1,2.23071,2.60912,2.74625,3,1,1,1,4.5,33,35,1,0.148532,0.282456,0.630137,0.882162,1,0.1,0.436051,2.97523,2,0.468373,1,2,0.65,0.65,1,0.00095349,1.91573,1,1,1,1,1,0.152161,1,210,3.43599,1.16773,0.959577,1,10,0.00937214,0.445708,0,0.998414,0,0.0889114,0,0,0,1,0.5,2.32498,0.671868,0.1,0.408685,0.1,0.25,0.25,10,0.348731,0.1,0.1,0.241479,0.0304,0.028339,0.000779559,0.0254685,1,0.075,4.5,114,487,295,171,1,12,1,0.944311,0.000179637
161,0,1,0.9,0.924245,0,1.02688,0.0354737,0,1,1,1,1,1,1,0.195032,0,0,0,0,0,0.203059,1,0.75,0.1,2.23071,2.60912,2.74625,3,1,1,1,4.5,33,35,1,0.148532,0.282456,0.630137,0.882162,1,0.1,0.436051,2.97523,2,0.468373,1,2,0.65,0.65,1,0.00697195,0.378788,1,1,1,1,1,0.0177214,1,210,3.43599,1.16773,0.959577,1,10,0.0755151,0.868292,0,0.120532,0,0.0174071,0,0,0,1,0.5,2.32498,0.671868,0.1,0.408685,0.1,0.25,0.25,10,0.348731,0.1,0.1,0.241479,0.0304,0.028339,0.000779559,0.0254685,1,0.075,4.5,114,487,295,171,1,12,1,0.909645,0.000179637
162,0,1,0.9,1.7067,0,0.944362,0.0418407,0,1,1,1,1,1,1,0.121269,0,0,0,0,0,0.149066,0.567811,0.75,0.1,2.23071,2.60912,2.74625,3,1,1,1,4.5,33,35,1,0.148532,0.282456,0.630137,0.882162,1,0.1,0.436051,2.97523,2,0.468373,1,2,0.65,0.65,1,0.0120199,0.252682,1,1,1,1,1,0.0468899,1,210,3.43599,1.16773,0.959577,1,10,0.150547,14.7665,0,0.0533266,0,3.69581,0,0,0,1,0.5,2.32498,0.671868,0.1,0.408685,0.1,0.25,0.25,10,0.348731,0.1,0.1,0.241479,0.0304,0.028339,0.000779559,0.0254685,1,0.075,4.5,114,487,295,171,1,12,1,1,0
163,0,1,0.9,1.41447,0,1.03621,0.0387039,0,1,1,1,1,1,1,0.9574,0,0,0,0,0,0.322316,0.445509,0.75,0.1,2.23071,2.60912,2.74625,3,1,1,1,4.5,33,35,1,0.148532,0.282456,0.630137,0.882162,1,0.1,0.436051,2.97523,2,0.468373,1,2,0.65,0.65,1,0.00950211,2.05827,1,1,1,1,1,0.0115845,1,210,3.43599,1.16773,0.959577,1,10,0.0875147,3.39902,0,0.357699,0,0.00097615,0,0,0,1,0.5,2.32498,0.671868,0.1,0.408685,0.1,0.25,0.25,10,0.348731,0.1,0.1,0.241479,0.0304,0.028339,0.000779559,0.0254685,1,0.075,4.5,114,487,295,171,1,12,0.989843,0.931531,0.0090977
164,0,1,0.9,1.0069,0,1.05106,0.0463094,0,1,1,1,1,1,1,1,0,0,0,0,0,1,1,0.75,0.1,2.23071,2.60912,2.74625,3,1,1,1,4.5,33,35,1,0.148532,0.282456,0.630137,0.882162,1,0.1,0.436051,2.97523,2,0.468373,1,2,0.65,0.65,1,0.00974766,2.67644,1,1,1,1,1,0.0641835,1,210,3.43599,1.16773,0.959577,1,10,0.0644452,1.05949,0,0.342564,0,0.0684842,0,0,0,1,0.5,2.32498,0.671868,0.1,0.408685,0.1,0.25,0.25,10,0.348731,0.1,0.1,0.241479,0.0304,0.028339,0.000779559,0.0254685,1,0.075,4.5,114,487,295,171,1,12,0.982161,0.889379,6.93088e-09
165,0,1,0.9,0.9,0,0.994614,0.0431014,0,1,1,1,1,1,1,0.273069,0,0,0,0,0,1,0.0790921,0.75,0.1,2.23071,2.60912,2.74625,3,1,1,1,4.5,33,35,1,0.148532,0.282456,0.630137,0.882162,1,0.1,0.436051,2.97523,2,0.468373,1,2,0.65,0.65,1,0.0333788,0.517646,1,1,1,1,1,0.0814907,1,210,3.43599,1.16773,0.959577,1,10,0.121014,1.54727,0,0.173548,0,2.07041,0,0,0,1,0.5,2.32498,0.671868,0.1,0.408685,0.1,0.25,0.25,10,0.348731,0.1,0.1,0.241479,0.0304,0.028339,0.000779559,0.0254685,1,0.075,4.5,114,487,295,171,1,12,0.753951,0.743869,0.00263158
166,0,1,0.9,1.22087,0,1.08344,0.0367454,0,1,1,1,1,1,1,1,0,0,0,0,0,0.0315675,1,0.75,0.1,2.23071,2.60912,2.74625,3,1,1,1,4.5,33,35,1,0.148532,0.282456,0.630137,0.882162,1,0.1,0.436051,2.97523,2,0.468373,1,2,0.65,0.65,1,0.00064064,1.66592,1,1,1,1,1,0.0255673,1,210,3.43599,1.16773,0.959577,1,10,0.0475025,0.470639,0,1.26582,0,0.00322921,0,0,0,1,0.5,2.32498,0.671868,0.1,0.408685,0.1,0.25,0.25,10,0.348731,0.1,0.1,0.241479,0.0304,0.028339,0.000779559,0.0254685,1,0.075,4.5,114,487,295,171,1,12,0.855047,0.876528,0
167,0,1,0.9,1.14597,0,0.993037,0.0379046,0,1,1,1,1,1,1,0.144458,0,0,0,0,0,0.304177,0.18939,0.75,0.1,2.23071,2.60912,2.74625,3,1,1,1,4.5,33,35,1,0.148532,0.282456,0.630137,0.882162,1,0.1,0.436051,2.97523,2,0.468373,1,2,0.65,0.65,1,0.000421461,2.4354,1,1,1,1,1,0.444732,1,210,3.43599,1.16773,0.959577,1,10,0.0357326,0.720178,0,0.043478,0,0.0360583,0,0,0,1,0.5,2.32498,0.671868,0.1,0.408685,0.1,0.25,0.25,10,0.348731,0.1,0.1,0.241479,0.0304,0.028339,0.000779559,0.0254685,1,0.075,4.5,114,487,295,171,1,12,0.882165,0.756927,0.00916667
168,0,1,0.9,1.57459,0,1.10179,0.0369602,0,1,1,1,1,1,1,0.54131,0,0,0,0,0,0.192187,1,0.75,0.1,2.23071,2.60912,2.74625,3,1,1,1,4.5,33,35,1,0.148532,0.282456,0.630137,0.882162,1,0.1,0.436051,2.97523,2,0.468373,1,2,0.65,0.65,1,0.027131,0.415114,1,1,1,1,1,0.000791799,1,210,3.43599,1.16773,0.959577,1,10,0.151211,1.16702,0,0.168798,0,0.0748922,0,0,0,1,0.5,2.32498,0.671868,0.1,0.408685,0.1,0.25,0.25,10,0.348731,0.1,0.1,0.241479,0.0304,0.028339,0.000779559,0.0254685,1,0.075,4.5,114,487,295,171,1,12,1,0.926185,0
169,0,1,0.9,0.9,0,0.965634,0.0439337,0,1,1,1,1,1,1,1,0,0,0,0,0,0.618543,0.412947,0.75,0.1,2.23071,2.60912,2.74625,3,1,1,1,4.5,33,35,1,0.148532,0.282456,0.630137,0.882162,1,0.1,0.436051,2.97523,2,0.468373,1,2,0.65,0.65,1,0.00448818,0.702947,1,1,1,1,1,0.411204,1,210,3.43599,1.16773,0.959577,1,10,0.00548191,6.7662,0,0.30549,0,0.0580169,0,0,0,1,0.5,2.32498,0.671868,0.1,0.408685,0.1,0.25,0.25,10,0.348731,0.1,0.1,0.241479,0.0304,0.028339,0.000779559,0.0254685,1,0.075,4.5,114,487,295,171,1,12,1,1,0
170,0,1,0.9,1.24453,0,0.827197,0.0356694,0,1,1,1,1,1,1,1,0,0,0,0,0,0.186303,0.962998,0.75,0.1,2.23071,2.60912,2.74625,3,1,1,1,4.5,33,35,1,0.148532,0.282456,0.630137,0.882162,1,0.1,0.436051,2.97523,2,0.468373,1,2,0.65,0.65,1,0.520985,2.12463,1,1,1,1,1,3.49748,3.49748,210,3.43599,1.16773,0.959577,1,10,0.0358994,0.259797,0,30.4172,0,0.808129,0,0,0,1,0.5,2.32498,0.671868,0.1,0.408685,0.1,0.25,0.25,10,0.348731,0.1,0.1,0.241479,0.0304,0.028339,0.000779559,0.0254685,1,0.075,4.5,114,487,295,171,1,12,0.911984,0.99683,2.08e-13
171,0,1,0.9,5.81084,0,0.967085,0.0433484,0,1,1,1,1,1,1,0.652841,0,0,0,0,0,0.363255,0.395987,0.75,0.1,2.23071,2.60912,2.74625,3,1,1,1,4.5,33,35,1,0.148532,0.282456,0.630137,0.882162,1,0.1,0.436051,2.97523,2,0.468373,1,2,0.65,0.65,1,0.000484861,1.5383,1,1,1,1,1,0.0565447,1,210,3.43599,1.16773,0.959577,1,10,0.148205,0.298184,0,2.8932,0,0.0161138,0,0,0,1,0.5,2.32498,0.671868,0.1,0.408685,0.1,0.25,0.25,10,0.348731,0.1,0.1,0.241479,0.0304,0.028339,0.000779559,0.0254685,1,0.075,4.5,114,487,295,171,1,12,0.819318,0.987047,0.00916667
172,0,1,0.9,0.9,0,0.83976,0.0347303,0,1,1,1,1,1,1,0.670722,0,0,0,0,0,0.51564,1,0.75,0.1,2.23071,2.60912,2.74625,3,1,1,1,4.5,33,35,1,0.148532,0.282456,0.630137,0.882162,1,0.1,0.436051,2.97523,2,0.468373,1,2,0.65,0.65,1,0.000749405,0.416433,1,1,1,1,1,0.112062,1,210,3.43599,1.16773,0.959577,1,10,0.0284658,0.907034,0,0.249513,0,0.135815,0,0,0,1,0.5,2.32498,0.671868,0.1,0.408685,0.1,0.25,0.25,10,0.348731,0.1,0.1,0.241479,0.0304,0.028339,0.000779559,0.0254685,1,0.075,4.5,114,487,295,171,1,12,1,0.845491,0.000179637
173,0,1,0.9,4.84784,0,1.26426,0.0368477,0,1,1,1,1,1,1,0.0935461,0,0,0,0,0,0.18271,0.312026,0.75,0.1,2.23071,2.60912,2.74625,3,1,1,1,4.5,33,35,1,0.148532,0.282456,0.630137,0.882162,1,0.1,0.436051,2.97523,2,0.468373,1,2,0.65,0.65,1,0.00840684,1.87451,1,1,1,1,1,0.0490488,1,210,3.43599,1.16773,0.959577,1,10,0.056315,3.37894,0,0.108855,0,0.127,0,0,0,1,0.5,2.32498,0.671868,0.1,0.408685,0.1,0.25,0.25,10,0.348731,0.1,0.1,0.241479,0.0304,0.028339,0.000779559,0.0254685,1,0.075,4.5,114,487,295,171,1,12,1,0.876858,2.08e-13
174,0,1,0.9,0.960129,0,0.952641,0.0414824,0,1,1,1,1,1,1,1,0,0,0,0,0,0.539923,0.169567,0.75,0.1,2.23071,2.60912,2.74625,3,1,1,1,4.5,33,35,1,0.148532,0.282456,0.630137,0.882162,1,0.1,0.436051,2.97523,2,0.468373,1,2,0.65,0.65,1,0.000513777,2.59937,1,1,1,1,1,0.00474521,1,210,3.43599,1.16773,0.959577,1,10,0.145573,14.2327,0,0.0261972,0,0.126526,0,0,0,1,0.5,2.32498,0.671868,0.1,0.408685,0.1,0.25,0.25,10,0.348731,0.1,0.1,0.241479,0.0304,0.028339,0.000779559,0.0254685,1,0.075,4.5,114,487,295,171,1,12,1,0.791756,0.00263158
175,0,1,0.9,0.9,0,1.02164,0.0356798,0,1,1,1,1,1,1,0.175988,0,0,0,0,0,1,0.633488,0.75,0.1,2.23071,2.60912,2.74625,3,1,1,1,4.5,33,35,1,0.148532,0.282456,0.630137,0.882162,1,0.1,0.436051,2.97523,2,0.468373,1,2,0.65,0.65,1,0.0296123,2.2301,1,1,1,1,1,0.12099,1,210,3.43599,1.16773,0.959577,1,10,0.131418,0.586229,0,0.47915,0,26.5918,0,0,0,1,0.5,2.32498,0.671868,0.1,0.408685,0.1,0.25,0.25,10,0.348731,0.1,0.1,0.241479,0.0304,0.028339,0.000779559,0.0254685,1,0.075,4.5,114,487,295,171,1,12,0.769078,0.876823,0.00119048
176,0,1,0.9,3.90309,0,0.821237,0.0448999,0,1,1,1,1,1,1,0.314244,0,0,0,0,0,0.19817,0.317819,0.75,0.1,2.23071,2.60912,2.74625,3,1,1,1,4.5,33,35,1,0.148532,0.282456,0.630137,0.882162,1,0.1,0.436051,2.97523,2,0.468373,1,2,0.65,0.65,1,0.00278181,0.265846,1,1,1,1,1,0.019758,1,210,3.43599,1.16773,0.959577,1,10,0.0457836,4.72571,0,0.0425795,0,0.0342962,0,0,0,1,0.5,2.32498,0.671868,0.1,0.408685,0.1,0.25,0.25,10,0.348731,0.1,0.1,0.241479,0.0304,0.028339,0.000779559,0.0254685,1,0.075,4.5,114,487,295,171,1,12,0.880381,0.949777,6.16528e-13
177,0,1,0.9,3.31456,0,1.03159,0.0442498,0,1,1,1,1,1,1,1,0,0,0,0,0,0.881944,0.149673,0.75,0.1,2.23071,2.60912,2.74625,3,1,1,1,4.5,33,35,1,0.148532,0.282456,0.630137,0.882162,1,0.1,0.436051,2.97523,2,0.468373,1,2,0.65,0.65,1,0.00773367,0.666029,1,1,1,1,1,12.2969,12.2969,210,3.43599,1.16773,0.959577,1,10,0.00339908,3.30926,0,0.171131,0,1.96842,0,0,0,1,0.5,2.32498,0.671868,0.1,0.408685,0.1,0.25,0.25,10,0.348731,0.1,0.1,0.241479,0.0304,0.028339,0.000779559,0.0254685,1,0.075,4.5,114,487,295,171,1,12,1,0.726752,0
178,0,1,0.9,0.9,0,1.24978,0.0368737,0,1,1,1,1,1,1,0.49281,0,0,0,0,0,0.484952,0.178287,0.75,0.1,2.23071,2.60912,2.74625,3,1,1,1,4.5,33,35,1,0.148532,0.282456,0.630137,0.882162,1,0.1,0.436051,2.97523,2,0.468373,1,2,0.65,0.65,1,0.00075718,0.946898,1,1,1,1,1,0.00572302,1,210,3.43599,1.16773,0.959577,1,10,0.0679563,13.5165,0,0.000752748,0,0.0758488,0,0,0,1,0.5,2.32498,0.671868,0.1,0.408685,0.1,0.25,0.25,10,0.348731,0.1,0.1,0.241479,0.0304,0.028339,0.000779559,0.0254685,1,0.075,4.5,114,487,295,171,1,12,1,0.798119,0
179,0,1,0.9,0.9,0,1.0457,0.0391762,0,1,1,1,1,1,1,1,0,0,0,0,0,1,0.247055,0.75,0.1,2.23071,2.60912,2.74625,3,1,1,1,4.5,33,35,1,0.148532,0.282456,0.630137,0.882162,1,0.1,0.436051,2.97523,2,0.468373,1,2,0.65,0.65,1,0.229547,2.02872,1,1,1,1,1,0.15709,1,210,3.43599,1.16773,0.959577,1,10,0.0509482,0.369553,0,1.12244,0,0.515257,0,0,0,1,0.5,2.32498,0.671868,0.1,0.408685,0.1,0.25,0.25,10,0.348731,0.1,0.1,0.241479,0.0304,0.028339,0.000779559,0.0254685,1,0.075,4.5,114,487,295,171,1,12,1,0.827251,0
180,0,1,0.9,2.93793,0,0.831281,0.0405674,0,1,1,1,1,1,1,0.121611,0,0,0,0,0,0.602698,0.340143,0.75,0.1,2.23071,2.60912,2.74625,3,1,1,1,4.5,33,35,1,0.148532,0.282456,0.630137,0.882162,1,0.1,0.436051,2.97523,2,0.468373,1,2,0.65,0.65,1,0.0280201,1.92553,1,1,1,1,1,0.00522861,1,210,3.43599,1.16773,0.959577,1,10,0.0109226,0.342064,0,0.207087,0,8.0364,0,0,0,1,0.5,2.32498,0.671868,0.1,0.408685,0.1,0.25,0.25,10,0.348731,0.1,0.1,0.241479,0.0304,0.028339,0.000779559,0.0254685,1,0.075,4.5,114,487,295,171,1,12,0.970321,0.785352,0
181,0,1,0.9,0.9,0,0.941319,0.0408742,0,1,1,1,1,1,1,1,0,0,0,0,0,0.275126,0.633632,0.75,0.1,2.23071,2.60912,2.74625,3,1,1,1,4.5,33,35,1,0.148532,0.282456,0.630137,0.882162,1,0.1,0.436051,2.97523,2,0.468373,1,2,0.65,0.65,1,1.56748e-05,0.94094,1,1,1,1,1,0.0139137,1,210,3.43599,1.16773,0.959577,1,10,0.123929,1.4304,0,0.343681,0,0.0557309,0,0,0,1,0.5,2.32498,0.671868,0.1,0.408685,0.1,0.25,0.25,10,0.348731,0.1,0.1,0.241479,0.0304,0.028339,0.000779559,0.0254685,1,0.075,4.5,114,487,295,171,1,12,1,0.969973,0
182,0,1,0.9,1.19661,0,1.0742,0.0344026,0,1,1,1,1,1,1,0.197342,0,0,0,0,0,1,0.613408,0.75,0.1,2.23071,2.60912,2.74625,3,1,1,1,4.5,33,35,1,0.148532,0.282456,0.630137,0.882162,1,0.1,0.436051,2.97523,2,0.468373,1,2,0.65,0.65,1,0.010936,1.03597,1,1,1,1,1,0.055831,1,210,3.43599,1.16773,0.959577,1,10,0.0235896,1.85057,0,0.149258,0,0.277034,0,0,0,1,0.5,2.32498,0.671868,0.1,0.408685,0.1,0.25,0.25,10,0.348731,0.1,0.1,0.241479,0.0304,0.028339,0.000779559,0.0254685,1,0.075,4.5,114,487,295,171,1,12,0.976013,0.944136,0
183,0,1,0.9,0.9,0,1.08936,0.0342318,0,1,1,1,1,1,1,1,0,0,0,0,0,0.924517,0.465112,0.75,0.1,2.23071,2.60912,2.74625,3,1,1,1,4.5,33,35,1,0.148532,0.282456,0.630137,0.882162,1,0.1,0.436051,2.97523,2,0.468373,1,2,0.65,0.65,1,0.00391033,1.2256,1,1,1,1,1,0.0171112,1,210,3.43599,1.16773,0.959577,1,10,0.204578,0.584943,0,3.80852,0,0.00605078,0,0,0,1,0.5,2.32498,0.671868,0.1,0.408685,0.1,0.25,0.25,10,0.348731,0.1,0.1,0.241479,0.0304,0.028339,0.000779559,0.0254685,1,0.075,4.5,114,487,295,171,1,12,0.891224,0.768953,0
184,0,1,0.9,1.02105,0,0.959634,0.0400612,0,1,1,1,1,1,1,0.665846,0,0,0,0,0,0.403069,0.0675171,0.75,0.1,2.23071,2.60912,2.74625,3,1,1,1,4.5,33,35,1,0.148532,0.282456,0.630137,0.882162,1,0.1,0.436051,2.97523,2,0.468373,1,2,0.65,0.65,1,0.0293683,1.64697,1,1,1,1,1,0.00234146,1,210,3.43599,1.16773,0.959577,1,10,0.0229207,1.14451,0,0.193653,0,4.51284,0,0,0,1,0.5,2.32498,0.671868,0.1,0.408685,0.1,0.25,0.25,10,0.348731,0.1,0.1,0.241479,0.0304,0.028339,0.000779559,0.0254685,1,0.075,4.5,114,487,295,171,1,12,0.898467,1,2.08e-13
185,0,1,0.9,2.79785,0,1.15288,0.0397915,0,1,1,1,1,1,1,0.4321,0,0,0,0,0,1,1,0.75,0.1,2.23071,2.60912,2.74625,3,1,1,1,4.5,33,35,1,0.148532,0.282456,0.630137,0.882162,1,0.1,0.436051,2.97523,2,0.468373,1,2,0.65,0.65,1,0.00105156,1.92084,1,1,1,1,1,0.413582,1,210,3.43599,1.16773,0.959577,1,10,0.126257,3.88301,0,0.736319,0,6.02337,0,0,0,1,0.5,2.32498,0.671868,0.1,0.408685,0.1,0.25,0.25,10,0.348731,0.1,0.1,0.241479,0.0304,0.028339,0.000779559,0.0254685,1,0.075,4.5,114,487,295,171,1,12,1,0.718345,2.22739e-13
186,0,1,0.9,3.06103,0,0.947314,0.0313656,0,1,1,1,1,1,1,0.91906,0,0,0,0,0,1,0.292448,0.75,0.1,2.23071,2.60912,2.74625,3,1,1,1,4.5,33,35,1,0.148532,0.282456,0.630137,0.882162,1,0.1,0.436051,2.97523,2,0.468373,1,2,0.65,0.65,1,0.114948,0.221002,1,1,1,1,1,0.355313,1,210,3.43599,1.16773,0.959577,1,10,0.0168681,0.328145,0,0.34706,0,0.00279085,0,0,0,1,0.5,2.32498,0.671868,0.1,0.408685,0.1,0.25,0.25,10,0.348731,0.1,0.1,0.241479,0.0304,0.028339,0.000779559,0.0254685,1,0.075,4.5,114,487,295,171,1,12,0.916315,0.709119,0
187,0,1,0.9,0.930098,0,0.912529,0.0385558,0,1,1,1,1,1,1,0.0813686,0,0,0,0,0,0.299114,0.382817,0.75,0.1,2.23071,2.60912,2.74625,3,1,1,1,4.5,33,35,1,0.148532,0.282456,0.630137,0.882162,1,0.1,0.436051,2.97523,2,0.468373,1,2,0.65,0.65,1,0.0200339,0.2716,1,1,1,1,1,0.0178604,1,210,3.43599,1.16773,0.959577,1,10,0.17515,1.04657,0,0.387614,0,0.279142,0,0,0,1,0.5,2.32498,0.671868,0.1,0.408685,0.1,0.25,0.25,10,0.348731,0.1,0.1,0.241479,0.0304,0.028339,0.000779559,0.0254685,1,0.075,4.5,114,487,295,171,1,12,1,0.875648,0
188,0,1,0.9,0.966571,0,0.9166,0.0393783,0,1,1,1,1,1,1,0.313801,0,0,0,0,0,0.224801,0.118069,0.75,0.1,2.23071,2.60912,2.74625,3,1,1,1,4.5,33,35,1,0.148532,0.282456,0.630137,0.882162,1,0.1,0.436051,2.97523,2,0.468373,1,2,0.65,0.65,1,0.0239077,1.57492,1,1,1,1,1,0.132886,1,210,3.43599,1.16773,0.959577,1,10,0.041721,1.32246,0,0.478521,0,1.0912,0,0,0,1,0.5,2.32498,0.671868,0.1,0.408685,0.1,0.25,0.25,10,0.348731,0.1,0.1,0.241479,0.0304,0.028339,0.000779559,0.0254685,1,0.075,4.5,114,487,295,171,1,12,0.890238,0.922871,2.08e-13
189,0,1,0.9,0.925895,0,1.0767,0.0383135,0,1,1,1,1,1,1,1,0,0,0,0,0,0.729984,1,0.75,0.1,2.23071,2.60912,2.74625,3,1,1,1,4.5,33,35,1,0.148532,0.282456,0.630137,0.882162,1,0.1,0.436051,2.97523,2,0.468373,1,2,0.65,0.65,1,0.000406884,1.02848,1,1,1,1,1,0.0439441,1,210,3.43599,1.16773,0.959577,1,10,0.0514898,2.19265,0,0.066342,0,1.43422,0,0,0,1,0.5,2.32498,0.671868,0.1,0.408685,0.1,0.25,0.25,10,0.348731,0.1,0.1,0.241479,0.0304,0.028339,0.000779559,0.0254685,1,0.075,4.5,114,487,295,171,1,12,1,0.875096,0
190,0,1,0.9,0.903251,0,0.919951,0.0413403,0,1,1,1,1,1,1,0.561895,0,0,0,0,0,0.154171,0.564488,0.75,0.1,2.23071,2.60912,2.74625,3,1,1,1,4.5,33,35,1,0.148532,0.282456,0.630137,0.882162,1,0.1,0.436051,2.97523,2,0.468373,1,2,0.65,0.65,1,0.0262107,4.85501,1,1,1,1,1,0.0542247,1,210,3.43599,1.16773,0.959577,1,10,0.0075193,1.19978,0,2.42078,0,0.361851,0,0,0,1,0.5,2.32498,0.671868,0.1,0.408685,0.1,0.25,0.25,10,0.348731,0.1,0.1,0.241479,0.0304,0.028339,0.000779559,0.0254685,1,0.075,4.5,114,487,295,171,1,12,1,0.877608,2.08e-13
191,0,1,0.9,0.9,0,0.983193,0.0412709,0,1,1,1,1,1,1,0.59824,0,0,0,0,0,0.272729,0.958927,0.75,0.1,2.23071,2.60912,2.74625,3,1,1,1,4.5,33,35,1,0.148532,0.282456,0.630137,0.882162,1,0.1,0.436051,2.97523,2,0.468373,1,2,0.65,0.65,1,0.548357,1.1432,1,1,1,1,1,0.0169348,1,210,3.43599,1.16773,0.959577,1,10,0.0763173,2.02143,0,0.00289444,0,0.0715938,0,0,0,1,0.5,2.32498,0.671868,0.1,0.408685,0.1,0.25,0.25,10,0.348731,0.1,0.1,0.241479,0.0304,0.028339,0.000779559,0.0254685,1,0.075,4.5,114,487,295,171,1,12,0.976278,0.923907,0
192,0,1,0.9,5.91774,0,0.95236,0.0437864,0,1,1,1,1,1,1,0.493581,0,0,0,0,0,0.0693617,0.200279,0.75,0.1,2.23071,2.60912,2.74625,3,1,1,1,4.5,33,35,1,0.148532,0.282456,0.630137,0.882162,1,0.1,0.436051,2.97523,2,0.468373,1,2,0.65,0.65,1,0.156043,0.36944,1,1,1,1,1,0.0232667,1,210,3.43599,1.16773,0.959577,1,10,0.0838921,0.182358,0,0.458943,0,0.199247,0,0,0,1,0.5,2.32498,0.671868,0.1,0.408685,0.1,0.25,0.25,10,0.348731,0.1,0.1,0.241479,0.0304,0.028339,0.000779559,0.0254685,1,0.075,4.5,114,487,295,171,1,12,0.920071,0.853793,0
193,0,1,0.9,0.9,0,1.08638,0.0400246,0,1,1,1,1,1,1,0.14744,0,0,0,0,0,0.513298,0.249662,0.75,0.1,2.23071,2.60912,2.74625,3,1,1,1,4.5,33,35,1,0.148532,0.282456,0.630137,0.882162,1,0.1,0.436051,2.97523,2,0.468373,1,2,0.65,0.65,1,0.0107725,1.11348,1,1,1,1,1,0.0561512,1,210,3.43599,1.16773,0.959577,1,10,0.0533332,1.01794,0,0.138575,0,0.01514,0,0,0,1,0.5,2.32498,0.671868,0.1,0.408685,0.1,0.25,0.25,10,0.348731,0.1,0.1,0.241479,0.0304,0.028339,0.000779559,0.0254685,1,0.075,4.5,114,487,295,171,1,12,1,0.956584,0.000179637
194,0,1,0.9,0.9,0,0.91369,0.0421137,0,1,1,1,1,1,1,0.573122,0,0,0,0,0,0.903717,0.509551,0.75,0.1,2.23071,2.60912,2.74625,3,1,1,1,4.5,33,35,1,0.148532,0.282456,0.630137,0.882162,1,0.1,0.436051,2.97523,2,0.468373,1,2,0.65,0.65,1,0.0129223,0.550004,1,1,1,1,1,0.0709082,1,210,3.43599,1.16773,0.959577,1,10,0.0639289,0.8885,0,0.512303,0,0.167387,0,0,0,1,0.5,2.32498,0.671868,0.1,0.408685,0.1,0.25,0.25,10,0.348731,0.1,0.1,0.241479,0.0304,0.028339,0.000779559,0.0254685,1,0.075,4.5,114,487,295,171,1,12,0.965906,1,1.23335e-08
195,0,1,0.9,0.9,0,1.00799,0.0381527,0,1,1,1,1,1,1,0.279602,0,0,0,0,0,0.363741,0.386357,0.75,0.1,2.23071,2.60912,2.74625,3,1,1,1,4.5,33,35,1,0.148532,0.282456,0.630137,0.882162,1,0.1,0.436051,2.97523,2,0.468373,1,2,0.65,0.65,1,0.00763385,0.400405,1,1,1,1,1,1.92004,1.92004,210,3.43599,1.16773,0.959577,1,10,0.148305,1.59506,0,0.326965,0,0.387868,0,0,0,1,0.5,2.32498,0.671868,0.1,0.408685,0.1,0.25,0.25,10,0.348731,0.1,0.1,0.241479,0.0304,0.028339,0.000779559,0.0254685,1,0.075,4.5,114,487,295,171,1,12,0.860291,1,0.00119048
196,0,1,0.9,0.9,0,0.95849,0.0339587,0,1,1,1,1,1,1,1,0,0,0,0,0,0.0805791,0.0813777,0.75,0.1,2.23071,2.60912,2.74625,3,1,1,1,4.5,33,35,1,0.148532,0.282456,0.630137,0.882162,1,0.1,0.436051,2.97523,2,0.468373,1,2,0.65,0.65,1,0.0613335,0.135751,1,1,1,1,1,0.252893,1,210,3.43599,1.16773,0.959577,1,10,0.164623,3.06809,0,0.120752,0,0.0532729,0,0,0,1,0.5,2.32498,0.671868,0.1,0.408685,0.1,0.25,0.25,10,0.348731,0.1,0.1,0.241479,0.0304,0.028339,0.000779559,0.0254685,1,0.075,4.5,114,487,295,171,1,12,1,1,0
197,0,1,0.9,0.9,0,1.29541,0.0429272,0,1,1,1,1,1,1,0.441632,0,0,0,0,0,0.255492,0.211005,0.75,0.1,2.23071,2.60912,2.74625,3,1,1,1,4.5,33,35,1,0.148532,0.282456,0.630137,0.882162,1,0.1,0.436051,2.97523,2,0.468373,1,2,0.65,0.65,1,0.220154,1.52992,1,1,1,1,1,0.272584,1,210,3.43599,1.16773,0.959577,1,10,0.0616481,0.169916,0,0.00605261,0,0.0988428,0,0,0,1,0.5,2.32498,0.671868,0.1,0.408685,0.1,0.25,0.25,10,0.348731,0.1,0.1,0.241479,0.0304,0.028339,0.000779559,0.0254685,1,0.075,4.5,114,487,295,171,1,12,0.940467,0.832377,0
198,0,1,0.9,1.03502,0,1.14315,0.0361596,0,1,1,1,1,1,1,0.916806,0,0,0,0,0,0.548093,0.190035,0.75,0.1,2.23071,2.60912,2.74625,3,1,1,1,4.5,33,35,1,0.148532,0.282456,0.630137,0.882162,1,0.1,0.436051,2.97523,2,0.468373,1,2,0.65,0.65,1,0.0581658,1.13964,1,1,1,1,1,0.00335956,1,210,3.43599,1.16773,0.959577,1,10,0.407661,0.466112,0,0.120951,0,0.0735291,0,0,0,1,0.5,2.32498,0.671868,0.1,0.408685,0.1,0.25,0.25,10,0.348731,0.1,0.1,0.241479,0.0304,0.028339,0.000779559,0.0254685,1,0.075,4.5,114,487,295,171,1,12,0.96172,0.979447,2.18521e-13
199,0,1,0.9,0.9,0,1.15313,0.0402265,0,1,1,1,1,1,1,0.119263,0,0,0,0,0,1,1,0.75,0.1,2.23071,2.60912,2.74625,3,1,1,1,4.5,33,35,1,0.148532,0.282456,0.630137,0.882162,1,0.1,0.436051,2.97523,2,0.468373,1,2,0.65,0.65,1,0.00213759,1.18961,1,1,1,1,1,3.04744,3.04744,210,3.43599,1.16773,0.959577,1,10,0.0234694,3.12031,0,0.183249,0,0.0398388,0,0,0,1,0.5,2.32498,0.671868,0.1,0.408685,0.1,0.25,0.25,10,0.348731,0.1,0.1,0.241479,0.0304,0.028339,0.000779559,0.0254685,1,0.075,4.5,114,487,295,171,1,12,1,1,0
200,0,1,0.9,1.06765,0,0.988094,0.0497217,0,1,1,1,1,1,1,0.197422,0,0,0,0,0,0.256858,0.348779,0.75,0.1,2.23071,2.60912,2.74625,3,1,1,1,4.5,33,35,1,0.148532,0.282456,0.630137,0.882162,1,0.1,0.436051,2.97523,2,0.468373,1,2,0.65,0.65,1,0.0743057,0.4145,1,1,1,1,1,0.00620659,1,210,3.43599,1.16773,0.959577,1,10,0.0454531,7.67082,0,0.015622,0,0.311797,0,0,0,1,0.5,2.32498,0.671868,0.1,0.408685,0.1,0.25,0.25,10,0.348731,0.1,0.1,0.241479,0.0304,0.028339,0.000779559,0.0254685,1,0.075,4.5,114,487,295,171,1,12,1,0.915052,1.23335e-08
201,0,1,0.9,2.11189,0,0.956109,0.0471437,0,1,1,1,1,1,1,0.705397,0,0,0,0,0,0.803041,0.156988,0.75,0.1,2.23071,2.60912,2.74625,3,1,1,1,4.5,33,35,1,0.148532,0.282456,0.630137,0.882162,1,0.1,0.436051,2.97523,2,0.468373,1,2,0.65,0.65,1,0.0777628,0.893935,1,1,1,1,1,0.0312624,1,210,3.43599,1.16773,0.959577,1,10,0.210332,3.40288,0,0.128371,0,0.00481338,0,0,0,1,0.5,2.32498,0.671868,0.1,0.408685,0.1,0.25,0.25,10,0.348731,0.1,0.1,0.241479,0.0304,0.028339,0.000779559,0.0254685,1,0.075,4.5,114,487,295,171,1,12,1,0.89716,4.0572e-09
202,0,1,0.9,0.9,0,1.06425,0.0446938,0,1,1,1,1,1,1,0.285654,0,0,0,0,0,0.584329,0.377434,0.75,0.1,2.23071,2.60912,2.74625,3,1,1,1,4.5,33,35,1,0.148532,0.282456,0.630137,0.882162,1,0.1,0.436051,2.97523,2,0.468373,1,2,0.65,0.65,1,0.00166737,0.393761,1,1,1,1,1,0.0206181,1,210,3.43599,1.16773,0.959577,1,10,0.0720387,9.85207,0,0.29589,0,0.00506745,0,0,0,1,0.5,2.32498,0.671868,0.1,0.408685,0.1,0.25,0.25,10,0.348731,0.1,0.1,0.241479,0.0304,0.028339,0.000779559,0.0254685,1,0.075,4.5,114,487,295,171,1,12,1,1,4.0572e-09
203,0,1,0.9,0.98204,0,0.869433,0.0363622,0,1,1,1,1,1,1,0.28715,0,0,0,0,0,1,1,0.75,0.1,2.23071,2.60912,2.74625,3,1,1,1,4.5,33,35,1,0.148532,0.282456,0.630137,0.882162,1,0.1,0.436051,2.97523,2,0.468373,1,2,0.65,0.65,1,0.1546,0.8891,1,1,1,1,1,0.127904,1,210,3.43599,1.16773,0.959577,1,10,0.0713015,2.46873,0,1.5554,0,0.00221515,0,0,0,1,0.5,2.32498,0.671868,0.1,0.408685,0.1,0.25,0.25,10,0.348731,0.1,0.1,0.241479,0.0304,0.028339,0.000779559,0.0254685,1,0.075,4.5,114,487,295,171,1,12,0.880703,0.830998,7.05497e-14
204,0,1,0.9,0.9,0,0.966939,0.042339,0,1,1,1,1,1,1,0.504602,0,0,0,0,0,0.472674,0.206942,0.75,0.1,2.23071,2.60912,2.74625,3,1,1,1,4.5,33,35,1,0.148532,0.282456,0.630137,0.882162,1,0.1,0.436051,2.97523,2,0.468373,1,2,0.65,0.65,1,0.00267503,2.63295,1,1,1,1,1,0.53995,1,210,3.43599,1.16773,0.959577,1,10,0.0347472,6.28889,0,0.205547,0,0.114291,0,0,0,1,0.5,2.32498,0.671868,0.1,0.408685,0.1,0.25,0.25,10,0.348731,0.1,0.1,0.241479,0.0304,0.028339,0.000779559,0.0254685,1,0.075,4.5,114,487,295,171,1,12,0.942311,0.991603,0.00263158
205,0,1,0.9,1.83132,0,0.870097,0.0411532,0,1,1,1,1,1,1,1,0,0,0,0,0,0.11842,0.165245,0.75,0.1,2.23071,2.60912,2.74625,3,1,1,1,4.5,33,35,1,0.148532,0.282456,0.630137,0.882162,1,0.1,0.436051,2.97523,2,0.468373,1,2,0.65,0.65,1,0.244297,0.32726,1,1,1,1,1,0.0753734,1,210,3.43599,1.16773,0.959577,1,10,0.0135499,0.421341,0,0.211384,0,0.00993008,0,0,0,1,0.5,2.32498,0.671868,0.1,0.408685,0.1,0.25,0.25,10,0.348731,0.1,0.1,0.241479,0.0304,0.028339,0.000779559,0.0254685,1,0.075,4.5,114,487,295,171,1,12,0.848858,1,0
206,0,1,0.9,2.69114,0,1.00264,0.0430602,0,1,1,1,1,1,1,0.485488,0,0,0,0,0,0.306765,0.837028,0.75,0.1,2.23071,2.60912,2.74625,3,1,1,1,4.5,33,35,1,0.148532,0.282456,0.630137,0.882162,1,0.1,0.436051,2.97523,2,0.468373,1,2,0.65,0.65,1,0.00782944,1.33526,1,1,1,1,1,0.00632477,1,210,3.43599,1.16773,0.959577,1,10,0.232111,2.63947,0,0.100614,0,0.0400715,0,0,0,1,0.5,2.32498,0.671868,0.1,0.408685,0.1,0.25,0.25,10,0.348731,0.1,0.1,0.241479,0.0304,0.028339,0.000779559,0.0254685,1,0.075,4.5,114,487,295,171,1,12,0.960848,0.778803,0
207,0,1,0.9,2.77857,0,1.11552,0.0434809,0,1,1,1,1,1,1,0.26796,0,0,0,0,0,1,0.185443,0.75,0.1,2.23071,2.60912,2.74625,3,1,1,1,4.5,33,35,1,0.148532,0.282456,0.630137,0.882162,1,0.1,0.436051,2.97523,2,0.468373,1,2,0.65,0.65,1,0.005257,1.83427,1,1,1,1,1,0.127021,1,210,3.43599,1.16773,0.959577,1,10,0.00957806,1.22206,0,11.0198,0,1.36548,0,0,0,1,0.5,2.32498,0.671868,0.1,0.408685,0.1,0.25,0.25,10,0.348731,0.1,0.1,0.241479,0.0304,0.028339,0.000779559,0.0254685,1,0.075,4.5,114,487,295,171,1,12,0.928026,0.981564,4.01339e-13
208,0,1,0.9,0.9,0,1.01973,0.034133,0,1,1,1,1,1,1,0.166993,0,0,0,0,0,1,0.545486,0.75,0.1,2.23071,2.60912,2.74625,3,1,1,1,4.5,33,35,1,0.148532,0.282456,0.630137,0.882162,1,0.1,0.436051,2.97523,2,0.468373,1,2,0.65,0.65,1,0.000480821,7.59079,1,1,1,1,1,0.0612935,1,210,3.43599,1.16773,0.959577,1,10,0.103725,0.229646,0,0.0207151,0,0.0114208,0,0,0,1,0.5,2.32498,0.671868,0.1,0.408685,0.1,0.25,0.25,10,0.348731,0.1,0.1,0.241479,0.0304,0.028339,0.000779559,0.0254685,1,0.075,4.5,114,487,295,171,1,12,0.875677,0.843049,0
209,0,1,0.9,0.9,0,1.00139,0.0400182,0,1,1,1,1,1,1,0.444595,0,0,0,0,0,0.0949902,1,0.75,0.1,2.23071,2.60912,2.74625,3,1,1,1,4.5,33,35,1,0.148532,0.282456,0.630137,0.882162,1,0.1,0.436051,2.97523,2,0.468373,1,2,0.65,0.65,1,0.000210967,0.16308,1,1,1,1,1,1.44839,1.44839,210,3.43599,1.16773,0.959577,1,10,0.164934,0.775593,0,1.76596,0,0.0298889,0,0,0,1,0.5,2.32498,0.671868,0.1,0.408685,0.1,0.25,0.25,10,0.348731,0.1,0.1,0.241479,0.0304,0.028339,0.000779559,0.0254685,1,0.075,4.5,114,487,295,171,1,12,1,0.894882,0.000179637
210,0,1,0.9,1.15406,0,0.890091,0.039363,0,1,1,1,1,1,1,0.86481,0,0,0,0,0,0.504217,0.328899,0.75,0.1,2.23071,2.60912,2.74625,3,1,1,1,4.5,33,35,1,0.148532,0.282456,0.630137,0.882162,1,0.1,0.436051,2.97523,2,0.468373,1,2,0.65,0.65,1,0.0344544,3.87036,1,1,1,1,1,0.147489,1,210,3.43599,1.16773,0.959577,1,10,0.0522104,1.6809,0,0.0885546,0,0.0115025,0,0,0,1,0.5,2.32498,0.671868,0.1,0.408685,0.1,0.25,0.25,10,0.348731,0.1,0.1,0.241479,0.0304,0.028339,0.000779559,0.0254685,1,0.075,4.5,114,487,295,171,1,12,1,1,1.23335e-08
211,0,1,0.9,1.13593,0,0.884554,0.0476434,0,1,1,1,1,1,1,0.480119,0,0,0,0,0,0.313331,1,0.75,0.1,2.23071,2.60912,2.74625,3,1,1,1,4.5,33,35,1,0.148532,0.282456,0.630137,0.882162,1,0.1,0.436051,2.97523,2,0.468373,1,2,0.65,0.65,1,0.00606849,4.06542,1,1,1,1,1,0.0558062,1,210,3.43599,1.16773,0.959577,1,10,0.00680294,0.907988,0,0.481256,0,0.0222756,0,0,0,1,0.5,2.32498,0.671868,0.1,0.408685,0.1,0.25,0.25,10,0.348731,0.1,0.1,0.241479,0.0304,0.028339,0.000779559,0.0254685,1,0.075,4.5,114,487,295,171,1,12,0.936375,0.752868,0.0122678
212,0,1,0.9,3.66926,0,0.984253,0.0354522,0,1,1,1,1,1,1,1,0,0,0,0,0,1,0.332002,0.75,0.1,2.23071,2.60912,2.74625,3,1,1,1,4.5,33,35,1,0.148532,0.282456,0.630137,0.882162,1,0.1,0.436051,2.97523,2,0.468373,1,2,0.65,0.65,1,0.00065212,0.48544,1,1,1,1,1,0.0397265,1,210,3.43599,1.16773,0.959577,1,10,0.0212494,0.586377,0,0.32519,0,0.153064,0,0,0,1,0.5,2.32498,0.671868,0.1,0.408685,0.1,0.25,0.25,10,0.348731,0.1,0.1,0.241479,0.0304,0.028339,0.000779559,0.0254685,1,0.075,4.5,114,487,295,171,1,12,0.919912,0.965303,0.0149653
213,0,1,0.9,0.9,0,1.04735,0.0362723,0,1,1,1,1,1,1,0.856894,0,0,0,0,0,0.867812,0.110978,0.75,0.1,2.23071,2.60912,2.74625,3,1,1,1,4.5,33,35,1,0.148532,0.282456,0.630137,0.882162,1,0.1,0.436051,2.97523,2,0.468373,1,2,0.65,0.65,1,0.161835,5.06441,1,1,1,1,1,0.545187,1,210,3.43599,1.16773,0.959577,1,10,0.0998386,4.43116,0,0.346942,0,5.20409,0,0,0,1,0.5,2.32498,0.671868,0.1,0.408685,0.1,0.25,0.25,10,0.348731,0.1,0.1,0.241479,0.0304,0.028339,0.000779559,0.0254685,1,0.075,4.5,114,487,295,171,1,12,0.970911,1,0.00119048
214,0,1,0.9,2.18365,0,1.09554,0.0382732,0,1,1,1,1,1,1,1,0,0,0,0,0,0.153238,0.322049,0.75,0.1,2.23071,2.60912,2.74625,3,1,1,1,4.5,33,35,1,0.148532,0.282456,0.630137,0.882162,1,0.1,0.436051,2.97523,2,0.468373,1,2,0.65,0.65,1,0.0369394,1.01415,1,1,1,1,1,0.234426,1,210,3.43599,1.16773,0.959577,1,10,0.0216339,9.3876,0,0.0597628,0,0.119346,0,0,0,1,0.5,2.32498,0.671868,0.1,0.408685,0.1,0.25,0.25,10,0.348731,0.1,0.1,0.241479,0.0304,0.028339,0.000779559,0.0254685,1,0.075,4.5,114,487,295,171,1,12,0.860144,0.748086,0.00119048
215,0,1,0.9,0.9,0,1.03913,0.0430047,0,1,1,1,1,1,1,1,0,0,0,0,0,0.871677,0.83161,0.75,0.1,2.23071,2.60912,2.74625,3,1,1,1,4.5,33,35,1,0.148532,0.282456,0.630137,0.882162,1,0.1,0.436051,2.97523,2,0.468373,1,2,0.65,0.65,1,0.000816672,0.3841,1,1,1,1,1,0.0626696,1,210,3.43599,1.16773,0.959577,1,10,0.170462,2.15733,0,1.67647,0,0.0102453,0,0,0,1,0.5,2.32498,0.671868,0.1,0.408685,0.1,0.25,0.25,10,0.348731,0.1,0.1,0.241479,0.0304,0.028339,0.000779559,0.0254685,1,0.075,4.5,114,487,295,171,1,12,0.981496,0.898558,0.000179637
216,0,1,0.9,0.9,0,1.16211,0.0411884,0,1,1,1,1,1,1,1,0,0,0,0,0,0.707991,0.0774186,0.75,0.1,2.23071,2.60912,2.74625,3,1,1,1,4.5,33,35,1,0.148532,0.282456,0.630137,0.882162,1,0.1,0.436051,2.97523,2,0.468373,1,2,0.65,0.65,1,0.00828632,0.475679,1,1,1,1,1,0.00358903,1,210,3.43599,1.16773,0.959577,1,10,0.115977,0.809251,0,0.043358,0,0.0521102,0,0,0,1,0.5,2.32498,0.671868,0.1,0.408685,0.1,0.25,0.25,10,0.348731,0.1,0.1,0.241479,0.0304,0.028339,0.000779559,0.0254685,1,0.075,4.5,114,487,295,171,1,12,1,0.827171,0.000179637
217,0,1,0.9,0.9,0,1.03224,0.0411423,0,1,1,1,1,1,1,0.283641,0,0,0,0,0,0.443457,0.233451,0.75,0.1,2.23071,2.60912,2.74625,3,1,1,1,4.5,33,35,1,0.148532,0.282456,0.630137,0.882162,1,0.1,0.436051,2.97523,2,0.468373,1,2,0.65,0.65,1,0.000489468,0.864371,1,1,1,1,1,0.00639546,1,210,3.43599,1.16773,0.959577,1,10,0.0345218,0.474779,0,0.0423154,0,0.126172,0,0,0,1,0.5,2.32498,0.671868,0.1,0.408685,0.1,0.25,0.25,10,0.348731,0.1,0.1,0.241479,0.0304,0.028339,0.000779559,0.0254685,1,0.075,4.5,114,487,295,171,1,12,0.894394,0.963772,0.0149653
218,0,1,0.9,0.9,0,0.968459,0.042578,0,1,1,1,1,1,1,0.385076,0,0,0,0,0,1,0.427629,0.75,0.1,2.23071,2.60912,2.74625,3,1,1,1,4.5,33,35,1,0.148532,0.282456,0.630137,0.882162,1,0.1,0.436051,2.97523,2,0.468373,1,2,0.65,0.65,1,0.00541182,10.1061,1,1,1,1,1,0.038568,1,210,3.43599,1.16773,0.959577,1,10,0.0210434,0.267208,0,0.493131,0,0.128265,0,0,0,1,0.5,2.32498,0.671868,0.1,0.408685,0.1,0.25,0.25,10,0.348731,0.1,0.1,0.241479,0.0304,0.028339,0.000779559,0.0254685,1,0.075,4.5,114,487,295,171,1,12,1,0.999793,0.000179637
219,0,1,0.9,0.9,0,1.16299,0.038479,0,1,1,1,1,1,1,0.0432566,0,0,0,0,0,0.0579977,0.461656,0.75,0.1,2.23071,2.60912,2.74625,3,1,1,1,4.5,33,35,1,0.148532,0.282456,0.630137,0.882162,1,0.1,0.436051,2.97523,2,0.468373,1,2,0.65,0.65,1,0.0182348,0.222955,1,1,1,1,1,0.0397349,1,210,3.43599,1.16773,0.959577,1,10,0.0630162,1.01503,0,0.0200717,0,0.00923651,0,0,0,1,0.5,2.32498,0.671868,0.1,0.408685,0.1,0.25,0.25,10,0.348731,0.1,0.1,0.241479,0.0304,0.028339,0.000779559,0.0254685,1,0.075,4.5,114,487,295,171,1,12,0.967798,0.969813,0.000179637
220,0,1,0.9,3.27547,0,1.02995,0.0435502,0,1,1,1,1,1,1,0.687926,0,0,0,0,0,0.817693,0.385931,0.75,0.1,2.23071,2.60912,2.74625,3,1,1,1,4.5,33,35,1,0.148532,0.282456,0.630137,0.882162,1,0.1,0.436051,2.97523,2,0.468373,1,2,0.65,0.65,1,5.16986,5.16986,1,1,1,1,1,0.224986,1,210,3.43599,1.16773,0.959577,1,10,0.0509765,0.258608,0,1.22089,0,0.0182688,0,0,0,1,0.5,2.32498,0.671868,0.1,0.408685,0.1,0.25,0.25,10,0.348731,0.1,0.1,0.241479,0.0304,0.028339,0.000779559,0.0254685,1,0.075,4.5,114,487,295,171,1,12,1,0.83869,0.00263158
221,0,1,0.9,0.9,0,1.22703,0.0364695,0,1,1,1,1,1,1,1,0,0,0,0,0,0.0954346,0.422845,0.75,0.1,2.23071,2.60912,2.74625,3,1,1,1,4.5,33,35,1,0.148532,0.282456,0.630137,0.882162,1,0.1,0.436051,2.97523,2,0.468373,1,2,0.65,0.65,1,0.0888337,0.458611,1,1,1,1,1,0.792772,1,210,3.43599,1.16773,0.959577,1,10,0.0519881,0.313531,0,0.0221788,0,0.0882254,0,0,0,1,0.5,2.32498,0.671868,0.1,0.408685,0.1,0.25,0.25,10,0.348731,0.1,0.1,0.241479,0.0304,0.028339,0.000779559,0.0254685,1,0.075,4.5,114,487,295,171,1,12,1,0.774044,0
222,0,1,0.9,0.9,0,1.1854,0.0414949,0,1,1,1,1,1,1,1,0,0,0,0,0,0.323056,0.107133,0.75,0.1,2.23071,2.60912,2.74625,3,1,1,1,4.5,33,35,1,0.148532,0.282456,0.630137,0.882162,1,0.1,0.436051,2.97523,2,0.468373,1,2,0.65,0.65,1,0.0124129,3.57981,1,1,1,1,1,0.174291,1,210,3.43599,1.16773,0.959577,1,10,0.166838,3.1548,0,0.146757,0,0.206366,0,0,0,1,0.5,2.32498,0.671868,0.1,0.408685,0.1,0.25,0.25,10,0.348731,0.1,0.1,0.241479,0.0304,0.028339,0.000779559,0.0254685,1,0.075,4.5,114,487,295,171,1,12,0.971315,0.843367,0.00263158
223,0,1,0.9,0.9,0,0.809316,0.0394654,0,1,1,1,1,1,1,0.498236,0,0,0,0,0,0.404151,0.0718983,0.75,0.1,2.23071,2.60912,2.74625,3,1,1,1,4.5,33,35,1,0.148532,0.282456,0.630137,0.882162,1,0.1,0.436051,2.97523,2,0.468373,1,2,0.65,0.65,1,0.0616158,0.653953,1,1,1,1,1,0.18959,1,210,3.43599,1.16773,0.959577,1,10,0.0824938,1.42063,0,0.0373541,0,0.0257608,0,0,0,1,0.5,2.32498,0.671868,0.1,0.408685,0.1,0.25,0.25,10,0.348731,0.1,0.1,0.241479,0.0304,0.028339,0.000779559,0.0254685,1,0.075,4.5,114,487,295,171,1,12,0.8999,0.998274,2.22739e-13
224,0,1,0.9,0.9,0,0.951685,0.0412479,0,1,1,1,1,1,1,0.268552,0,0,0,0,0,0.719198,0.67513,0.75,0.1,2.23071,2.60912,2.74625,3,1,1,1,4.5,33,35,1,0.148532,0.282456,0.630137,0.882162,1,0.1,0.436051,2.97523,2,0.468373,1,2,0.65,0.65,1,0.0376949,0.46458,1,1,1,1,1,0.0303863,1,210,3.43599,1.16773,0.959577,1,10,0.2566,6.5346,0,0.26464,0,1.37325,0,0,0,1,0.5,2.32498,0.671868,0.1,0.408685,0.1,0.25,0.25,10,0.348731,0.1,0.1,0.241479,0.0304,0.028339,0.000779559,0.0254685,1,0.075,4.5,114,487,295,171,1,12,1,0.952905,0
225,0,1,0.9,2.06311,0,0.800665,0.0404861,0,1,1,1,1,1,1,0.29757,0,0,0,0,0,0.423929,1,0.75,0.1,2.23071,2.60912,2.74625,3,1,1,1,4.5,33,35,1,0.148532,0.282456,0.630137,0.882162,1,0.1,0.436051,2.97523,2,0.468373,1,2,0.65,0.65,1,0.00440804,0.65644,1,1,1,1,1,0.407919,1,210,3.43599,1.16773,0.959577,1,10,0.0118326,0.499293,0,0.0227269,0,0.0103776,0,0,0,1,0.5,2.32498,0.671868,0.1,0.408685,0.1,0.25,0.25,10,0.348731,0.1,0.1,0.241479,0.0304,0.028339,0.000779559,0.0254685,1,0.075,4.5,114,487,295,171,1,12,1,1,0.000179637
226,0,1,0.9,0.9,0,0.899867,0.0384315,0,1,1,1,1,1,1,1,0,0,0,0,0,0.423863,0.51742,0.75,0.1,2.23071,2.60912,2.74625,3,1,1,1,4.5,33,35,1,0.148532,0.282456,0.630137,0.882162,1,0.1,0.436051,2.97523,2,0.468373,1,2,0.65,0.65,1,0.00129127,0.126182,1,1,1,1,1,0.598,1,210,3.43599,1.16773,0.959577,1,10,0.0167127,1.2483,0,0.158691,0,0.293128,0,0,0,1,0.5,2.32498,0.671868,0.1,0.408685,0.1,0.25,0.25,10,0.348731,0.1,0.1,0.241479,0.0304,0.028339,0.000779559,0.0254685,1,0.075,4.5,114,487,295,171,1,12,0.882401,0.883845,2.08e-13
227,0,1,0.9,0.9,0,1.07433,0.0309673,0,1,1,1,1,1,1,0.648323,0,0,0,0,0,0.908749,0.721848,0.75,0.1,2.23071,2.60912,2.74625,3,1,1,1,4.5,33,35,1,0.148532,0.282456,0.630137,0.882162,1,0.1,0.436051,2.97523,2,0.468373,1,2,0.65,0.65,1,9.07621e-05,1.28827,1,1,1,1,1,0.264335,1,210,3.43599,1.16773,0.959577,1,10,0.149513,1.0369,0,30.9104,0,0.0177817,0,0,0,1,0.5,2.32498,0.671868,0.1,0.408685,0.1,0.25,0.25,10,0.348731,0.1,0.1,0.241479,0.0304,0.028339,0.000779559,0.0254685,1,0.075,4.5,114,487,295,171,1,12,0.941348,0.833154,0
228,0,1,0.9,2.18328,0,0.97444,0.0381309,0,1,1,1,1,1,1,1,0,0,0,0,0,0.106904,0.190474,0.75,0.1,2.23071,2.60912,2.74625,3,1,1,1,4.5,33,35,1,0.148532,0.282456,0.630137,0.882162,1,0.1,0.436051,2.97523,2,0.468373,1,2,0.65,0.65,1,0.020639,0.373739,1,1,1,1,1,0.155896,1,210,3.43599,1.16773,0.959577,1,10,0.011484,1.11633,0,0.0776511,0,17.902,0,0,0,1,0.5,2.32498,0.671868,0.1,0.408685,0.1,0.25,0.25,10,0.348731,0.1,0.1,0.241479,0.0304,0.028339,0.000779559,0.0254685,1,0.075,4.5,114,487,295,171,1,12,0.773264,0.850566,0.00119048
229,0,1,0.9,5.68473,0,1.08339,0.0382473,0,1,1,1,1,1,1,1,0,0,0,0,0,1,0.129003,0.75,0.1,2.23071,2.60912,2.74625,3,1,1,1,4.5,33,35,1,0.148532,0.282456,0.630137,0.882162,1,0.1,0.436051,2.97523,2,0.468373,1,2,0.65,0.65,1,0.00852464,0.86563,1,1,1,1,1,0.175836,1,210,3.43599,1.16773,0.959577,1,10,0.021436,1.90074,0,0.0750958,0,0.171704,0,0,0,1,0.5,2.32498,0.671868,0.1,0.408685,0.1,0.25,0.25,10,0.348731,0.1,0.1,0.241479,0.0304,0.028339,0.000779559,0.0254685,1,0.075,4.5,114,487,295,171,1,12,0.917622,0.827051,0
230,0,1,0.9,0.9,0,0.918804,0.0400334,0,1,1,1,1,1,1,0.38207,0,0,0,0,0,0.149652,0.294145,0.75,0.1,2.23071,2.60912,2.74625,3,1,1,1,4.5,33,35,1,0.148532,0.282456,0.630137,0.882162,1,0.1,0.436051,2.97523,2,0.468373,1,2,0.65,0.65,1,0.208489,0.990723,1,1,1,1,1,0.0032373,1,210,3.43599,1.16773,0.959577,1,10,0.019662,1.23891,0,160.625,0,0.428455,0,0,0,1,0.5,2.32498,0.671868,0.1,0.408685,0.1,0.25,0.25,10,0.348731,0.1,0.1,0.241479,0.0304,0.028339,0.000779559,0.0254685,1,0.075,4.5,114,487,295,171,1,12,0.89729,0.905452,7.05497e-14
231,0,1,0.9,1.96213,0,1.05043,0.0363048,0,1,1,1,1,1,1,0.232614,0,0,0,0,0,0.997383,0.314237,0.75,0.1,2.23071,2.60912,2.74625,3,1,1,1,4.5,33,35,1,0.148532,0.282456,0.630137,0.882162,1,0.1,0.436051,2.97523,2,0.468373,1,2,0.65,0.65,1,0.000569562,0.112454,1,1,1,1,1,0.155514,1,210,3.43599,1.16773,0.959577,1,10,0.0641774,2.22957,0,0.90936,0,0.0674105,0,0,0,1,0.5,2.32498,0.671868,0.1,0.408685,0.1,0.25,0.25,10,0.348731,0.1,0.1,0.241479,0.0304,0.028339,0.000779559,0.0254685,1,0.075,4.5,114,487,295,171,1,12,1,0.904059,0.000179637
232,0,1,0.9,2.02088,0,0.97608,0.0373455,0,1,1,1,1,1,1,1,0,0,0,0,0,1,0.101155,0.75,0.1,2.23071,2.60912,2.74625,3,1,1,1,4.5,33,35,1,0.148532,0.282456,0.630137,0.882162,1,0.1,0.436051,2.97523,2,0.468373,1,2,0.65,0.65,1,0.000712038,1.12834,1,1,1,1,1,0.0225109,1,210,3.43599,1.16773,0.959577,1,10,0.0443254,3.60057,0,0.0239182,0,0.025442,0,0,0,1,0.5,2.32498,0.671868,0.1,0.408685,0.1,0.25,0.25,10,0.348731,0.1,0.1,0.241479,0.0304,0.028339,0.000779559,0.0254685,1,0.075,4.5,114,487,295,171,1,12,0.936138,0.964315,2.69243e-13
233,0,1,0.9,1.62981,0,0.971351,0.0372616,0,1,1,1,1,1,1,0.313627,0,0,0,0,0,0.430013,0.182483,0.75,0.1,2.23071,2.60912,2.74625,3,1,1,1,4.5,33,35,1,0.148532,0.282456,0.630137,0.882162,1,0.1,0.436051,2.97523,2,0.468373,1,2,0.65,0.65,1,0.00390804,0.776693,1,1,1,1,1,0.0197147,1,210,3.43599,1.16773,0.959577,1,10,0.152302,3.2544,0,0.00168229,0,0.033213,0,0,0,1,0.5,2.32498,0.671868,0.1,0.408685,0.1,0.25,0.25,10,0.348731,0.1,0.1,0.241479,0.0304,0.028339,0.000779559,0.0254685,1,0.075,4.5,114,487,295,171,1,12,1,0.857791,0
234,0,1,0.9,0.9,0,1.10743,0.0401578,0,1,1,1,1,1,1,0.127528,0,0,0,0,0,1,0.647225,0.75,0.1,2.23071,2.60912,2.74625,3,1,1,1,4.5,33,35,1,0.148532,0.282456,0.630137,0.882162,1,0.1,0.436051,2.97523,2,0.468373,1,2,0.65,0.65,1,0.000787947,1.15067,1,1,1,1,1,0.362807,1,210,3.43599,1.16773,0.959577,1,10,0.128318,1.39379,0,0.115884,0,0.492576,0,0,0,1,0.5,2.32498,0.671868,0.1,0.408685,0.1,0.25,0.25,10,0.348731,0.1,0.1,0.241479,0.0304,0.028339,0.000779559,0.0254685,1,0.075,4.5,114,487,295,171,1,12,1,0.964678,0
235,0,1,0.9,2.54825,0,0.90942,0.0410318,0,1,1,1,1,1,1,0.210807,0,0,0,0,0,0.223655,0.29319,0.75,0.1,2.23071,2.60912,2.74625,3,1,1,1,4.5,33,35,1,0.148532,0.282456,0.630137,0.882162,1,0.1,0.436051,2.97523,2,0.468373,1,2,0.65,0.65,1,0.00261943,1.18691,1,1,1,1,1,0.03408,1,210,3.43599,1.16773,0.959577,1,10,0.0931401,1.4416,0,2.32179,0,0.0288779,0,0,0,1,0.5,2.32498,0.671868,0.1,0.408685,0.1,0.25,0.25,10,0.348731,0.1,0.1,0.241479,0.0304,0.028339,0.000779559,0.0254685,1,0.075,4.5,114,487,295,171,1,12,0.945749,0.911844,0.00289054
236,0,1,0.9,0.9,0,0.952179,0.0395181,0,1,1,1,1,1,1,0.82465,0,0,0,0,0,0.230775,0.252037,0.75,0.1,2.23071,2.60912,2.74625,3,1,1,1,4.5,33,35,1,0.148532,0.282456,0.630137,0.882162,1,0.1,0.436051,2.97523,2,0.468373,1,2,0.65,0.65,1,7.21365e-05,0.362429,1,1,1,1,1,0.533637,1,210,3.43599,1.16773,0.959577,1,10,0.0193804,1.5075,0,0.264473,0,0.0539965,0,0,0,1,0.5,2.32498,0.671868,0.1,0.408685,0.1,0.25,0.25,10,0.348731,0.1,0.1,0.241479,0.0304,0.028339,0.000779559,0.0254685,1,0.075,4.5,114,487,295,171,1,12,0.942319,0.896146,0.00936579
237,0,1,0.9,1.05683,0,1.17846,0.0439858,0,1,1,1,1,1,1,1,0,0,0,0,0,1,0.763568,0.75,0.1,2.23071,2.60912,2.74625,3,1,1,1,4.5,33,35,1,0.148532,0.282456,0.630137,0.882162,1,0.1,0.436051,2.97523,2,0.468373,1,2,0.65,0.65,1,0.074951,2.58836,1,1,1,1,1,0.884391,1,210,3.43599,1.16773,0.959577,1,10,0.024237,1.12758,0,0.248229,0,2.44216,0,0,0,1,0.5,2.32498,0.671868,0.1,0.408685,0.1,0.25,0.25,10,0.348731,0.1,0.1,0.241479,0.0304,0.028339,0.000779559,0.0254685,1,0.075,4.5,114,487,295,171,1,12,0.977852,0.834259,4.01339e-13
238,0,1,0.9,0.9,0,1.22159,0.0436812,0,1,1,1,1,1,1,0.196921,0,0,0,0,0,0.319338,0.368474,0.75,0.1,2.23071,2.60912,2.74625,3,1,1,1,4.5,33,35,1,0.148532,0.282456,0.630137,0.882162,1,0.1,0.436051,2.97523,2,0.468373,1,2,0.65,0.65,1,0.00652107,0.328428,1,1,1,1,1,0.48046,1,210,3.43599,1.16773,0.959577,1,10,0.035304,21.2117,0,0.970268,0,0.48554,0,0,0,1,0.5,2.32498,0.671868,0.1,0.408685,0.1,0.25,0.25,10,0.348731,0.1,0.1,0.241479,0.0304,0.028339,0.000779559,0.0254685,1,0.075,4.5,114,487,295,171,1,12,1,0.957052,0
239,0,1,0.9,1.1049,0,1.10766,0.0344024,0,1,1,1,1,1,1,0.955594,0,0,0,0,0,0.798218,0.488515,0.75,0.1,2.23071,2.60912,2.74625,3,1,1,1,4.5,33,35,1,0.148532,0.282456,0.630137,0.882162,1,0.1,0.436051,2.97523,2,0.468373,1,2,0.65,0.65,1,0.00687741,0.639276,1,1,1,1,1,0.00835298,1,210,3.43599,1.16773,0.959577,1,10,0.0170371,2.91361,0,0.0922909,0,0.0612619,0,0,0,1,0.5,2.32498,0.671868,0.1,0.408685,0.1,0.25,0.25,10,0.348731,0.1,0.1,0.241479,0.0304,0.028339,0.000779559,0.0254685,1,0.075,4.5,114,487,295,171,1,12,1,1,0
240,0,1,0.9,1.37627,0,0.957772,0.0457315,0,1,1,1,1,1,1,0.666523,0,0,0,0,0,1,0.199498,0.75,0.1,2.23071,2.60912,2.74625,3,1,1,1,4.5,33,35,1,0.148532,0.282456,0.630137,0.882162,1,0.1,0.436051,2.97523,2,0.468373,1,2,0.65,0.65,1,0.00177157,2.40362,1,1,1,1,1,5.15714,5.15714,210,3.43599,1.16773,0.959577,1,10,0.0119892,5.19576,0,1.19011,0,0.00815455,0,0,0,1,0.5,2.32498,0.671868,0.1,0.408685,0.1,0.25,0.25,10,0.348731,0.1,0.1,0.241479,0.0304,0.028339,0.000779559,0.0254685,1,0.075,4.5,114,487,295,171,1,12,0.882568,0.853964,0.00643541
241,0,1,0.9,0.9,0,0.776834,0.0400518,0,1,1,1,1,1,1,0.957659,0,0,0,0,0,1,0.0430265,0.75,0.1,2.23071,2.60912,2.74625,3,1,1,1,4.5,33,35,1,0.148532,0.282456,0.630137,0.882162,1,0.1,0.436051,2.97523,2,0.468373,1,2,0.65,0.65,1,0.00871548,1.30372,1,1,1,1,1,0.257007,1,210,3.43599,1.16773,0.959577,1,10,0.0170601,2.40643,0,0.386555,0,0.0224605,0,0,0,1,0.5,2.32498,0.671868,0.1,0.408685,0.1,0.25,0.25,10,0.348731,0.1,0.1,0.241479,0.0304,0.028339,0.000779559,0.0254685,1,0.075,4.5,114,487,295,171,1,12,1,0.903755,0.000179637
242,0,1,0.9,0.9,0,0.890958,0.0423389,0,1,1,1,1,1,1,1,0,0,0,0,0,0.491302,0.0760968,0.75,0.1,2.23071,2.60912,2.74625,3,1,1,1,4.5,33,35,1,0.148532,0.282456,0.630137,0.882162,1,0.1,0.436051,2.97523,2,0.468373,1,2,0.65,0.65,1,0.0495703,0.426719,1,1,1,1,1,0.0422706,1,210,3.43599,1.16773,0.959577,1,10,0.0207297,0.400394,0,1.06183,0,0.284834,0,0,0,1,0.5,2.32498,0.671868,0.1,0.408685,0.1,0.25,0.25,10,0.348731,0.1,0.1,0.241479,0.0304,0.028339,0.000779559,0.0254685,1,0.075,4.5,114,487,295,171,1,12,1,0.843682,0
243,0,1,0.9,1.70915,0,0.94234,0.0412982,0,1,1,1,1,1,1,0.546149,0,0,0,0,0,1,0.954778,0.75,0.1,2.23071,2.60912,2.74625,3,1,1,1,4.5,33,35,1,0.148532,0.282456,0.630137,0.882162,1,0.1,0.436051,2.97523,2,0.468373,1,2,0.65,0.65,1,0.00143335,0.676038,1,1,1,1,1,0.18156,1,210,3.43599,1.16773,0.959577,1,10,0.0846846,0.634977,0,0.627332,0,0.0357492,0,0,0,1,0.5,2.32498,0.671868,0.1,0.408685,0.1,0.25,0.25,10,0.348731,0.1,0.1,0.241479,0.0304,0.028339,0.000779559,0.0254685,1,0.075,4.5,114,487,295,171,1,12,0.906033,0.883835,0.0149653
244,0,1,0.9,0.9,0,0.994181,0.0359907,0,1,1,1,1,1,1,1,0,0,0,0,0,0.539697,1,0.75,0.1,2.23071,2.60912,2.74625,3,1,1,1,4.5,33,35,1,0.148532,0.282456,0.630137,0.882162,1,0.1,0.436051,2.97523,2,0.468373,1,2,0.65,0.65,1,0.0101351,4.71065,1,1,1,1,1,0.025328,1,210,3.43599,1.16773,0.959577,1,10,0.0703884,0.635404,0,0.0389536,0,1.61703,0,0,0,1,0.5,2.32498,0.671868,0.1,0.408685,0.1,0.25,0.25,10,0.348731,0.1,0.1,0.241479,0.0304,0.028339,0.000779559,0.0254685,1,0.075,4.5,114,487,295,171,1,12,0.881515,0.885464,0.00119048
245,0,1,0.9,1.07482,0,0.972498,0.0414529,0,1,1,1,1,1,1,0.592957,0,0,0,0,0,0.761437,0.941694,0.75,0.1,2.23071,2.60912,2.74625,3,1,1,1,4.5,33,35,1,0.148532,0.282456,0.630137,0.882162,1,0.1,0.436051,2.97523,2,0.468373,1,2,0.65,0.65,1,0.13958,1.12842,1,1,1,1,1,0.0533322,1,210,3.43599,1.16773,0.959577,1,10,0.0273587,1.19562,0,0.213572,0,0.018517,0,0,0,1,0.5,2.32498,0.671868,0.1,0.408685,0.1,0.25,0.25,10,0.348731,0.1,0.1,0.241479,0.0304,0.028339,0.000779559,0.0254685,1,0.075,4.5,114,487,295,171,1,12,1,0.83566,0
246,0,1,0.9,1.49307,0,0.901827,0.0432529,0,1,1,1,1,1,1,0.206093,0,0,0,0,0,0.442619,0.0922359,0.75,0.1,2.23071,2.60912,2.74625,3,1,1,1,4.5,33,35,1,0.148532,0.282456,0.630137,0.882162,1,0.1,0.436051,2.97523,2,0.468373,1,2,0.65,0.65,1,0.00311122,0.238108,1,1,1,1,1,0.0648095,1,210,3.43599,1.16773,0.959577,1,10,0.017861,2.52289,0,0.0916222,0,0.323933,0,0,0,1,0.5,2.32498,0.671868,0.1,0.408685,0.1,0.25,0.25,10,0.348731,0.1,0.1,0.241479,0.0304,0.028339,0.000779559,0.0254685,1,0.075,4.5,114,487,295,171,1,12,0.970643,0.826502,0
247,0,1,0.9,1.15785,0,1.27561,0.0352056,0,1,1,1,1,1,1,0.600683,0,0,0,0,0,0.580103,0.0618572,0.75,0.1,2.23071,2.60912,2.74625,3,1,1,1,4.5,33,35,1,0.148532,0.282456,0.630137,0.882162,1,0.1,0.436051,2.97523,2,0.468373,1,2,0.65,0.65,1,0.00284395,2.00079,1,1,1,1,1,0.0719929,1,210,3.43599,1.16773,0.959577,1,10,0.0460249,5.91039,0,0.00521988,0,0.216289,0,0,0,1,0.5,2.32498,0.671868,0.1,0.408685,0.1,0.25,0.25,10,0.348731,0.1,0.1,0.241479,0.0304,0.028339,0.000779559,0.0254685,1,0.075,4.5,114,487,295,171,1,12,0.901307,0.981013,0
248,0,1,0.9,14.3572,0,0.857128,0.0430689,0,1,1,1,1,1,1,0.0291913,0,0,0,0,0,1,1,0.75,0.1,2.23071,2.60912,2.74625,3,1,1,1,4.5,33,35,1,0.148532,0.282456,0.630137,0.882162,1,0.1,0.436051,2.97523,2,0.468373,1,2,0.65,0.65,1,0.00200753,0.30514,1,1,1,1,1,0.000705773,1,210,3.43599,1.16773,0.959577,1,10,0.0397558,1.36538,0,11.9274,0,0.418683,0,0,0,1,0.5,2.32498,0.671868,0.1,0.408685,0.1,0.25,0.25,10,0.348731,0.1,0.1,0.241479,0.0304,0.028339,0.000779559,0.0254685,1,0.075,4.5,114,487,295,171,1,12,0.989299,0.940619,0
249,0,1,0.9,0.9,0,1.15068,0.0413095,0,1,1,1,1,1,1,0.134375,0,0,0,0,0,0.737334,0.295865,0.75,0.1,2.23071,2.60912,2.74625,3,1,1,1,4.5,33,35,1,0.148532,0.282456,0.630137,0.882162,1,0.1,0.436051,2.97523,2,0.468373,1,2,0.65,0.65,1,0.00198656,1.19039,1,1,1,1,1,0.0045484,1,210,3.43599,1.16773,0.959577,1,10,0.0196003,2.72795,0,0.913799,0,0.322596,0,0,0,1,0.5,2.32498,0.671868,0.1,0.408685,0.1,0.25,0.25,10,0.348731,0.1,0.1,0.241479,0.0304,0.028339,0.000779559,0.0254685,1,0.075,4.5,114,487,295,171,1,12,1,1,0
250,0,1,0.9,1.02458,0,1.15941,0.0414962,0,1,1,1,1,1,1,0.606158,0,0,0,0,0,0.667733,1,0.75,0.1,2.23071,2.60912,2.74625,3,1,1,1,4.5,33,35,1,0.148532,0.282456,0.630137,0.882162,1,0.1,0.436051,2.97523,2,0.468373,1,2,0.65,0.65,1,0.00732752,0.638885,1,1,1,1,1,0.166497,1,210,3.43599,1.16773,0.959577,1,10,0.0323532,3.9911,0,0.221458,0,7.99553,0,0,0,1,0.5,2.32498,0.671868,0.1,0.408685,0.1,0.25,0.25,10,0.348731,0.1,0.1,0.241479,0.0304,0.028339,0.000779559,0.0254685,1,0.075,4.5,114,487,295,171,1,12,1,0.860726,0
251,0,1,0.9,1.28099,0,1.08842,0.0423652,0,1,1,1,1,1,1,0.545431,0,0,0,0,0,0.19659,0.836244,0.75,0.1,2.23071,2.60912,2.74625,3,1,1,1,4.5,33,35,1,0.148532,0.282456,0.630137,0.882162,1,0.1,0.436051,2.97523,2,0.468373,1,2,0.65,0.65,1,0.0126819,0.675461,1,1,1,1,1,0.00569045,1,210,3.43599,1.16773,0.959577,1,10,0.122687,6.57778,0,0.0783911,0,0.00114769,0,0,0,1,0.5,2.32498,0.671868,0.1,0.408685,0.1,0.25,0.25,10,0.348731,0.1,0.1,0.241479,0.0304,0.028339,0.000779559,0.0254685,1,0.075,4.5,114,487,295,171,1,12,1,0.890071,0.000179637
252,0,1,0.9,2.62689,0,0.83899,0.040807,0,1,1,1,1,1,1,1,0,0,0,0,0,0.0997887,1,0.75,0.1,2.23071,2.60912,2.74625,3,1,1,1,4.5,33,35,1,0.148532,0.282456,0.630137,0.882162,1,0.1,0.436051,2.97523,2,0.468373,1,2,0.65,0.65,1,0.00072377,1.05671,1,1,1,1,1,0.187265,1,210,3.43599,1.16773,0.959577,1,10,0.0296047,2.23464,0,0.077906,0,0.00906673,0,0,0,1,0.5,2.32498,0.671868,0.1,0.408685,0.1,0.25,0.25,10,0.348731,0.1,0.1,0.241479,0.0304,0.028339,0.000779559,0.0254685,1,0.075,4.5,114,487,295,171,1,12,1,1,0.000179637
253,0,1,0.9,0.9,0,0.973082,0.0487673,0,1,1,1,1,1,1,0.134566,0,0,0,0,0,0.22757,0.382137,0.75,0.1,2.23071,2.60912,2.74625,3,1,1,1,4.5,33,35,1,0.148532,0.282456,0.630137,0.882162,1,0.1,0.436051,2.97523,2,0.468373,1,2,0.65,0.65,1,0.0317883,0.879781,1,1,1,1,1,0.0311759,1,210,3.43599,1.16773,0.959577,1,10,0.242958,0.415523,0,0.373009,0,0.0335494,0,0,0,1,0.5,2.32498,0.671868,0.1,0.408685,0.1,0.25,0.25,10,0.348731,0.1,0.1,0.241479,0.0304,0.028339,0.000779559,0.0254685,1,0.075,4.5,114,487,295,171,1,12,0.879279,0.849404,0.00400607
254,0,1,0.9,1.25809,0,0.958598,0.0444001,0,1,1,1,1,1,1,0.861424,0,0,0,0,0,0.985405,0.611493,0.75,0.1,2.23071,2.60912,2.74625,3,1,1,1,4.5,33,35,1,0.148532,0.282456,0.630137,0.882162,1,0.1,0.436051,2.97523,2,0.468373,1,2,0.65,0.65,1,0.0112818,5.03888,1,1,1,1,1,0.503894,1,210,3.43599,1.16773,0.959577,1,10,0.126712,1.11749,0,0.0590036,0,0.0530308,0,0,0,1,0.5,2.32498,0.671868,0.1,0.408685,0.1,0.25,0.25,10,0.348731,0.1,0.1,0.241479,0.0304,0.028339,0.000779559,0.0254685,1,0.075,4.5,114,487,295,171,1,12,0.94249,0.886532,6.94326e-09
255,0,1,0.9,1.79253,0,1.04757,0.0333387,0,1,1,1,1,1,1,1,0,0,0,0,0,0.250433,0.516292,0.75,0.1,2.23071,2.60912,2.74625,3,1,1,1,4.5,33,35,1,0.148532,0.282456,0.630137,0.882162,1,0.1,0.436051,2.97523,2,0.468373,1,2,0.65,0.65,1,0.000366666,0.101073,1,1,1,1,1,0.12259,1,210,3.43599,1.16773,0.959577,1,10,0.0975946,4.09841,0,0.076603,0,0.635727,0,0,0,1,0.5,2.32498,0.671868,0.1,0.408685,0.1,0.25,0.25,10,0.348731,0.1,0.1,0.241479,0.0304,0.028339,0.000779559,0.0254685,1,0.075,4.5,114,487,295,171,1,12,1,0.881942,0
256,0,1,0.9,0.9,0,1.12287,0.043759,0,1,1,1,1,1,1,0.145335,0,0,0,0,0,0.323938,0.381985,0.75,0.1,2.23071,2.60912,2.74625,3,1,1,1,4.5,33,35,1,0.148532,0.282456,0.630137,0.882162,1,0.1,0.436051,2.97523,2,0.468373,1,2,0.65,0.65,1,0.0466922,0.65252,1,1,1,1,1,0.127767,1,210,3.43599,1.16773,0.959577,1,10,0.0619274,0.966416,0,1.40212,0,0.921193,0,0,0,1,0.5,2.32498,0.671868,0.1,0.408685,0.1,0.25,0.25,10,0.348731,0.1,0.1,0.241479,0.0304,0.028339,0.000779559,0.0254685,1,0.075,4.5,114,487,295,171,1,12,1,1,0
257,0,1,0.9,1.79047,0,0.893845,0.0400214,0,1,1,1,1,1,1,1,0,0,0,0,0,0.223218,1,0.75,0.1,2.23071,2.60912,2.74625,3,1,1,1,4.5,33,35,1,0.148532,0.282456,0.630137,0.882162,1,0.1,0.436051,2.97523,2,0.468373,1,2,0.65,0.65,1,0.0362004,0.399349,1,1,1,1,1,1.27579,1.27579,210,3.43599,1.16773,0.959577,1,10,0.0106429,7.82627,0,0.122832,0,0.0535698,0,0,0,1,0.5,2.32498,0.671868,0.1,0.408685,0.1,0.25,0.25,10,0.348731,0.1,0.1,0.241479,0.0304,0.028339,0.000779559,0.0254685,1,0.075,4.5,114,487,295,171,1,12,1,0.967533,0
258,0,1,0.9,0.9,0,1.16144,0.035605,0,1,1,1,1,1,1,0.240978,0,0,0,0,0,0.351504,0.395682,0.75,0.1,2.23071,2.60912,2.74625,3,1,1,1,4.5,33,35,1,0.148532,0.282456,0.630137,0.882162,1,0.1,0.436051,2.97523,2,0.468373,1,2,0.65,0.65,1,0.0176268,0.187606,1,1,1,1,1,0.140058,1,210,3.43599,1.16773,0.959577,1,10,0.0201564,6.36614,0,0.0109054,0,0.00548788,0,0,0,1,0.5,2.32498,0.671868,0.1,0.408685,0.1,0.25,0.25,10,0.348731,0.1,0.1,0.241479,0.0304,0.028339,0.000779559,0.0254685,1,0.075,4.5,114,487,295,171,1,12,0.878451,0.986324,2.08e-13
259,0,1,0.9,2.52638,0,1.14806,0.0334668,0,1,1,1,1,1,1,0.509531,0,0,0,0,0,0.0951141,0.363538,0.75,0.1,2.23071,2.60912,2.74625,3,1,1,1,4.5,33,35,1,0.148532,0.282456,0.630137,0.882162,1,0.1,0.436051,2.97523,2,0.468373,1,2,0.65,0.65,1,0.0303565,0.419687,1,1,1,1,1,0.0912088,1,210,3.43599,1.16773,0.959577,1,10,0.0498762,0.681903,0,0.223985,0,0.471961,0,0,0,1,0.5,2.32498,0.671868,0.1,0.408685,0.1,0.25,0.25,10,0.348731,0.1,0.1,0.241479,0.0304,0.028339,0.000779559,0.0254685,1,0.075,4.5,114,487,295,171,1,12,0.956698,0.913896,0
260,0,1,0.9,1.83237,0,0.859035,0.0438412,0,1,1,1,1,1,1,0.441834,0,0,0,0,0,0.954987,1,0.75,0.1,2.23071,2.60912,2.74625,3,1,1,1,4.5,33,35,1,0.148532,0.282456,0.630137,0.882162,1,0.1,0.436051,2.97523,2,0.468373,1,2,0.65,0.65,1,0.00121514,0.459036,1,1,1,1,1,0.263688,1,210,3.43599,1.16773,0.959577,1,10,0.126645,16.3363,0,0.0848666,0,2.07316,0,0,0,1,0.5,2.32498,0.671868,0.1,0.408685,0.1,0.25,0.25,10,0.348731,0.1,0.1,0.241479,0.0304,0.028339,0.000779559,0.0254685,1,0.075,4.5,114,487,295,171,1,12,0.929538,0.975851,5.26041e-13
261,0,1,0.9,0.910999,0,1.04412,0.036788,0,1,1,1,1,1,1,1,0,0,0,0,0,1,0.381681,0.75,0.1,2.23071,2.60912,2.74625,3,1,1,1,4.5,33,35,1,0.148532,0.282456,0.630137,0.882162,1,0.1,0.436051,2.97523,2,0.468373,1,2,0.65,0.65,1,0.00438642,0.637894,1,1,1,1,1,0.032558,1,210,3.43599,1.16773,0.959577,1,10,0.0882086,0.704301,0,0.893442,0,0.073009,0,0,0,1,0.5,2.32498,0.671868,0.1,0.408685,0.1,0.25,0.25,10,0.348731,0.1,0.1,0.241479,0.0304,0.028339,0.000779559,0.0254685,1,0.075,4.5,114,487,295,171,1,12,0.993111,0.814687,0.000179637
262,0,1,0.9,0.9,0,0.884015,0.0423113,0,1,1,1,1,1,1,0.389149,0,0,0,0,0,0.0407479,0.0598265,0.75,0.1,2.23071,2.60912,2.74625,3,1,1,1,4.5,33,35,1,0.148532,0.282456,0.630137,0.882162,1,0.1,0.436051,2.97523,2,0.468373,1,2,0.65,0.65,1,0.00439664,1.54967,1,1,1,1,1,1.06008,1.06008,210,3.43599,1.16773,0.959577,1,10,0.0845656,6.76051,0,0.610595,0,0.0904967,0,0,0,1,0.5,2.32498,0.671868,0.1,0.408685,0.1,0.25,0.25,10,0.348731,0.1,0.1,0.241479,0.0304,0.028339,0.000779559,0.0254685,1,0.075,4.5,114,487,295,171,1,12,0.878541,1,0.00263158
263,0,1,0.9,0.9,0,1.10547,0.0424408,0,1,1,1,1,1,1,0.550262,0,0,0,0,0,1,0.170325,0.75,0.1,2.23071,2.60912,2.74625,3,1,1,1,4.5,33,35,1,0.148532,0.282456,0.630137,0.882162,1,0.1,0.436051,2.97523,2,0.468373,1,2,0.65,0.65,1,0.0555995,0.288822,1,1,1,1,1,0.000735713,1,210,3.43599,1.16773,0.959577,1,10,0.026604,8.32856,0,0.0214573,0,0.164699,0,0,0,1,0.5,2.32498,0.671868,0.1,0.408685,0.1,0.25,0.25,10,0.348731,0.1,0.1,0.241479,0.0304,0.028339,0.000779559,0.0254685,1,0.075,4.5,114,487,295,171,1,12,0.869629,0.771914,4.01339e-13
264,0,1,0.9,0.9,0,1.05353,0.0410362,0,1,1,1,1,1,1,0.0966671,0,0,0,0,0,0.200631,0.567762,0.75,0.1,2.23071,2.60912,2.74625,3,1,1,1,4.5,33,35,1,0.148532,0.282456,0.630137,0.882162,1,0.1,0.436051,2.97523,2,0.468373,1,2,0.65,0.65,1,0.0193635,0.796614,1,1,1,1,1,0.000263631,1,210,3.43599,1.16773,0.959577,1,10,0.0172105,0.326346,0,4.41949,0,3.09859,0,0,0,1,0.5,2.32498,0.671868,0.1,0.408685,0.1,0.25,0.25,10,0.348731,0.1,0.1,0.241479,0.0304,0.028339,0.000779559,0.0254685,1,0.075,4.5,114,487,295,171,1,12,1,1,0
265,0,1,0.9,0.9,0,0.961618,0.0437501,0,1,1,1,1,1,1,0.309891,0,0,0,0,0,1,0.153089,0.75,0.1,2.23071,2.60912,2.74625,3,1,1,1,4.5,33,35,1,0.148532,0.282456,0.630137,0.882162,1,0.1,0.436051,2.97523,2,0.468373,1,2,0.65,0.65,1,0.00291656,0.500785,1,1,1,1,1,0.359966,1,210,3.43599,1.16773,0.959577,1,10,0.0631281,1.0174,0,0.740991,0,0.10409,0,0,0,1,0.5,2.32498,0.671868,0.1,0.408685,0.1,0.25,0.25,10,0.348731,0.1,0.1,0.241479,0.0304,0.028339,0.000779559,0.0254685,1,0.075,4.5,114,487,295,171,1,12,0.986057,0.948888,0.000179637
266,0,1,0.9,0.9,0,0.973441,0.0428599,0,1,1,1,1,1,1,0.961673,0,0,0,0,0,0.0648178,0.793723,0.75,0.1,2.23071,2.60912,2.74625,3,1,1,1,4.5,33,35,1,0.148532,0.282456,0.630137,0.882162,1,0.1,0.436051,2.97523,2,0.468373,1,2,0.65,0.65,1,0.00454893,1.78329,1,1,1,1,1,0.41577,1,210,3.43599,1.16773,0.959577,1,10,0.0254892,1.86857,0,0.0166764,0,0.48669,0,0,0,1,0.5,2.32498,0.671868,0.1,0.408685,0.1,0.25,0.25,10,0.348731,0.1,0.1,0.241479,0.0304,0.028339,0.000779559,0.0254685,1,0.075,4.5,114,487,295,171,1,12,1,0.870741,5.26041e-13
267,0,1,0.9,0.9,0,0.930026,0.0347136,0,1,1,1,1,1,1,0.51078,0,0,0,0,0,1,0.115548,0.75,0.1,2.23071,2.60912,2.74625,3,1,1,1,4.5,33,35,1,0.148532,0.282456,0.630137,0.882162,1,0.1,0.436051,2.97523,2,0.468373,1,2,0.65,0.65,1,0.0233071,5.18906,1,1,1,1,1,0.0403154,1,210,3.43599,1.16773,0.959577,1,10,0.0221968,1.37217,0,0.457203,0,0.00566813,0,0,0,1,0.5,2.32498,0.671868,0.1,0.408685,0.1,0.25,0.25,10,0.348731,0.1,0.1,0.241479,0.0304,0.028339,0.000779559,0.0254685,1,0.075,4.5,114,487,295,171,1,12,1,1,0
268,0,1,0.9,0.9,0,0.864834,0.0431194,0,1,1,1,1,1,1,1,0,0,0,0,0,0.0979049,1,0.75,0.1,2.23071,2.60912,2.74625,3,1,1,1,4.5,33,35,1,0.148532,0.282456,0.630137,0.882162,1,0.1,0.436051,2.97523,2,0.468373,1,2,0.65,0.65,1,6.33052e-05,0.275044,1,1,1,1,1,0.0147589,1,210,3.43599,1.16773,0.959577,1,10,0.0271197,0.523653,0,0.105795,0,0.394005,0,0,0,1,0.5,2.32498,0.671868,0.1,0.408685,0.1,0.25,0.25,10,0.348731,0.1,0.1,0.241479,0.0304,0.028339,0.000779559,0.0254685,1,0.075,4.5,114,487,295,171,1,12,0.949963,0.723575,0.000179637
269,0,1,0.9,3.90498,0,0.900103,0.0446251,0,1,1,1,1,1,1,0.779127,0,0,0,0,0,0.656152,0.736912,0.75,0.1,2.23071,2.60912,2.74625,3,1,1,1,4.5,33,35,1,0.148532,0.282456,0.630137,0.882162,1,0.1,0.436051,2.97523,2,0.468373,1,2,0.65,0.65,1,0.0223075,0.79436,1,1,1,1,1,0.0107322,1,210,3.43599,1.16773,0.959577,1,10,0.156653,2.55438,0,1.77375,0,0.136295,0,0,0,1,0.5,2.32498,0.671868,0.1,0.408685,0.1,0.25,0.25,10,0.348731,0.1,0.1,0.241479,0.0304,0.028339,0.000779559,0.0254685,1,0.075,4.5,114,487,295,171,1,12,0.991368,0.749434,0
270,0,1,0.9,1.20434,0,0.956509,0.0358263,0,1,1,1,1,1,1,0.617923,0,0,0,0,0,1,1,0.75,0.1,2.23071,2.60912,2.74625,3,1,1,1,4.5,33,35,1,0.148532,0.282456,0.630137,0.882162,1,0.1,0.436051,2.97523,2,0.468373,1,2,0.65,0.65,1,0.0181534,2.52096,1,1,1,1,1,0.00278613,1,210,3.43599,1.16773,0.959577,1,10,0.114072,0.670153,0,0.0658007,0,0.0358943,0,0,0,1,0.5,2.32498,0.671868,0.1,0.408685,0.1,0.25,0.25,10,0.348731,0.1,0.1,0.241479,0.0304,0.028339,0.000779559,0.0254685,1,0.075,4.5,114,487,295,171,1,12,1,0.830131,0.000179637
271,0,1,0.9,1.01327,0,1.24624,0.0414749,0,1,1,1,1,1,1,0.292551,0,0,0,0,0,0.271088,0.193972,0.75,0.1,2.23071,2.60912,2.74625,3,1,1,1,4.5,33,35,1,0.148532,0.282456,0.630137,0.882162,1,0.1,0.436051,2.97523,2,0.468373,1,2,0.65,0.65,1,0.0429057,0.200744,1,1,1,1,1,0.162884,1,210,3.43599,1.16773,0.959577,1,10,0.0518121,2.7221,0,0.00998166,0,0.12946,0,0,0,1,0.5,2.32498,0.671868,0.1,0.408685,0.1,0.25,0.25,10,0.348731,0.1,0.1,0.241479,0.0304,0.028339,0.000779559,0.0254685,1,0.075,4.5,114,487,295,171,1,12,0.82026,0.884952,0.00263158
272,0,1,0.9,0.9,0,0.871234,0.0361295,0,1,1,1,1,1,1,0.395717,0,0,0,0,0,1,0.350638,0.75,0.1,2.23071,2.60912,2.74625,3,1,1,1,4.5,33,35,1,0.148532,0.282456,0.630137,0.882162,1,0.1,0.436051,2.97523,2,0.468373,1,2,0.65,0.65,1,0.931373,6.52932,1,1,1,1,1,0.113017,1,210,3.43599,1.16773,0.959577,1,10,0.0482939,6.01224,0,2.80339,0,0.164246,0,0,0,1,0.5,2.32498,0.671868,0.1,0.408685,0.1,0.25,0.25,10,0.348731,0.1,0.1,0.241479,0.0304,0.028339,0.000779559,0.0254685,1,0.075,4.5,114,487,295,171,1,12,1,0.841483,0.00119048
273,0,1,0.9,1.24685,0,1.09397,0.0372382,0,1,1,1,1,1,1,0.399815,0,0,0,0,0,1,1,0.75,0.1,2.23071,2.60912,2.74625,3,1,1,1,4.5,33,35,1,0.148532,0.282456,0.630137,0.882162,1,0.1,0.436051,2.97523,2,0.468373,1,2,0.65,0.65,1,0.0134779,1.24244,1,1,1,1,1,0.0135431,1,210,3.43599,1.16773,0.959577,1,10,0.0876355,3.01626,0,0.028859,0,0.0852609,0,0,0,1,0.5,2.32498,0.671868,0.1,0.408685,0.1,0.25,0.25,10,0.348731,0.1,0.1,0.241479,0.0304,0.028339,0.000779559,0.0254685,1,0.075,4.5,114,487,295,171,1,12,0.958203,1,2.69243e-13
274,0,1,0.9,0.9,0,0.889613,0.0407987,0,1,1,1,1,1,1,1,0,0,0,0,0,0.912968,0.678346,0.75,0.1,2.23071,2.60912,2.74625,3,1,1,1,4.5,33,35,1,0.148532,0.282456,0.630137,0.882162,1,0.1,0.436051,2.97523,2,0.468373,1,2,0.65,0.65,1,0.00246514,1.54774,1,1,1,1,1,0.128596,1,210,3.43599,1.16773,0.959577,1,10,0.0609903,0.441241,0,0.180192,0,0.0223892,0,0,0,1,0.5,2.32498,0.671868,0.1,0.408685,0.1,0.25,0.25,10,0.348731,0.1,0.1,0.241479,0.0304,0.028339,0.000779559,0.0254685,1,0.075,4.5,114,487,295,171,1,12,1,0.917425,0.000179637
275,0,1,0.9,0.9,0,0.986148,0.0429086,0,1,1,1,1,1,1,0.0521941,0,0,0,0,0,0.924171,0.307273,0.75,0.1,2.23071,2.60912,2.74625,3,1,1,1,4.5,33,35,1,0.148532,0.282456,0.630137,0.882162,1,0.1,0.436051,2.97523,2,0.468373,1,2,0.65,0.65,1,0.0273283,0.630276,1,1,1,1,1,0.0101178,1,210,3.43599,1.16773,0.959577,1,10,0.0197607,1.84209,0,0.099518,0,0.0986968,0,0,0,1,0.5,2.32498,0.671868,0.1,0.408685,0.1,0.25,0.25,10,0.348731,0.1,0.1,0.241479,0.0304,0.028339,0.000779559,0.0254685,1,0.075,4.5,114,487,295,171,1,12,0.943525,0.819571,0
276,0,1,0.9,0.9,0,0.999647,0.0405082,0,1,1,1,1,1,1,1,0,0,0,0,0,0.70533,1,0.75,0.1,2.23071,2.60912,2.74625,3,1,1,1,4.5,33,35,1,0.148532,0.282456,0.630137,0.882162,1,0.1,0.436051,2.97523,2,0.468373,1,2,0.65,0.65,1,0.0356812,1.24534,1,1,1,1,1,0.0144392,1,210,3.43599,1.16773,0.959577,1,10,0.0209546,14.9741,0,0.260657,0,0.182023,0,0,0,1,0.5,2.32498,0.671868,0.1,0.408685,0.1,0.25,0.25,10,0.348731,0.1,0.1,0.241479,0.0304,0.028339,0.000779559,0.0254685,1,0.075,4.5,114,487,295,171,1,12,1,0.965332,0
277,0,1,0.9,2.24243,0,0.890358,0.038628,0,1,1,1,1,1,1,0.163577,0,0,0,0,0,1,0.861548,0.75,0.1,2.23071,2.60912,2.74625,3,1,1,1,4.5,33,35,1,0.148532,0.282456,0.630137,0.882162,1,0.1,0.436051,2.97523,2,0.468373,1,2,0.65,0.65,1,0.00326435,1.10364,1,1,1,1,1,0.0939275,1,210,3.43599,1.16773,0.959577,1,10,0.0367288,0.588098,0,0.00137095,0,2.49247,0,0,0,1,0.5,2.32498,0.671868,0.1,0.408685,0.1,0.25,0.25,10,0.348731,0.1,0.1,0.241479,0.0304,0.028339,0.000779559,0.0254685,1,0.075,4.5,114,487,295,171,1,12,0.937796,0.822568,2.18521e-13
278,0,1,0.9,2.75625,0,0.862018,0.0381076,0,1,1,1,1,1,1,1,0,0,0,0,0,1,0.659571,0.75,0.1,2.23071,2.60912,2.74625,3,1,1,1,4.5,33,35,1,0.148532,0.282456,0.630137,0.882162,1,0.1,0.436051,2.97523,2,0.468373,1,2,0.65,0.65,1,0.431868,0.585587,1,1,1,1,1,0.0363569,1,210,3.43599,1.16773,0.959577,1,10,0.21874,4.98268,0,0.00747242,0,0.0171711,0,0,0,1,0.5,2.32498,0.671868,0.1,0.408685,0.1,0.25,0.25,10,0.348731,0.1,0.1,0.241479,0.0304,0.028339,0.000779559,0.0254685,1,0.075,4.5,114,487,295,171,1,12,1,0.865687,0
279,0,1,0.9,1.22326,0,1.04031,0.0415759,0,1,1,1,1,1,1,1,0,0,0,0,0,1,0.110349,0.75,0.1,2.23071,2.60912,2.74625,3,1,1,1,4.5,33,35,1,0.148532,0.282456,0.630137,0.882162,1,0.1,0.436051,2.97523,2,0.468373,1,2,0.65,0.65,1,0.000157382,1.0498,1,1,1,1,1,0.0278627,1,210,3.43599,1.16773,0.959577,1,10,0.0480073,0.694439,0,0.782245,0,0.064248,0,0,0,1,0.5,2.32498,0.671868,0.1,0.408685,0.1,0.25,0.25,10,0.348731,0.1,0.1,0.241479,0.0304,0.028339,0.000779559,0.0254685,1,0.075,4.5,114,487,295,171,1,12,0.988884,0.898315,0.000179637
280,0,1,0.9,0.9,0,1.143,0.0406255,0,1,1,1,1,1,1,0.232477,0,0,0,0,0,0.407986,0.671113,0.75,0.1,2.23071,2.60912,2.74625,3,1,1,1,4.5,33,35,1,0.148532,0.282456,0.630137,0.882162,1,0.1,0.436051,2.97523,2,0.468373,1,2,0.65,0.65,1,0.00143405,6.55843,1,1,1,1,1,0.45916,1,210,3.43599,1.16773,0.959577,1,10,0.0787911,1.63255,0,0.375995,0,0.540402,0,0,0,1,0.5,2.32498,0.671868,0.1,0.408685,0.1,0.25,0.25,10,0.348731,0.1,0.1,0.241479,0.0304,0.028339,0.000779559,0.0254685,1,0.075,4.5,114,487,295,171,1,12,1,0.859796,0.00119048
281,0,1,0.9,0.9,0,0.965294,0.0404923,0,1,1,1,1,1,1,1,0,0,0,0,0,1,1,0.75,0.1,2.23071,2.60912,2.74625,3,1,1,1,4.5,33,35,1,0.148532,0.282456,0.630137,0.882162,1,0.1,0.436051,2.97523,2,0.468373,1,2,0.65,0.65,1,0.00242206,3.05124,1,1,1,1,1,0.0413511,1,210,3.43599,1.16773,0.959577,1,10,0.0366137,3.96268,0,0.264045,0,0.104193,0,0,0,1,0.5,2.32498,0.671868,0.1,0.408685,0.1,0.25,0.25,10,0.348731,0.1,0.1,0.241479,0.0304,0.028339,0.000779559,0.0254685,1,0.075,4.5,114,487,295,171,1,12,1,0.870491,7.05497e-14
282,0,1,0.9,1.10537,0,1.1251,0.0360771,0,1,1,1,1,1,1,0.315895,0,0,0,0,0,0.994243,1,0.75,0.1,2.23071,2.60912,2.74625,3,1,1,1,4.5,33,35,1,0.148532,0.282456,0.630137,0.882162,1,0.1,0.436051,2.97523,2,0.468373,1,2,0.65,0.65,1,0.00647925,3.03851,1,1,1,1,1,0.0432907,1,210,3.43599,1.16773,0.959577,1,10,0.128824,1.50068,0,0.0111222,0,0.0134977,0,0,0,1,0.5,2.32498,0.671868,0.1,0.408685,0.1,0.25,0.25,10,0.348731,0.1,0.1,0.241479,0.0304,0.028339,0.000779559,0.0254685,1,0.075,4.5,114,487,295,171,1,12,1,0.93237,0.000179637
283,0,1,0.9,0.9,0,1.00599,0.0433014,0,1,1,1,1,1,1,0.676753,0,0,0,0,0,0.353956,0.247377,0.75,0.1,2.23071,2.60912,2.74625,3,1,1,1,4.5,33,35,1,0.148532,0.282456,0.630137,0.882162,1,0.1,0.436051,2.97523,2,0.468373,1,2,0.65,0.65,1,0.0405561,0.633993,1,1,1,1,1,1.1318,1.1318,210,3.43599,1.16773,0.959577,1,10,0.0701003,1.154,0,0.918386,0,2.14737,0,0,0,1,0.5,2.32498,0.671868,0.1,0.408685,0.1,0.25,0.25,10,0.348731,0.1,0.1,0.241479,0.0304,0.028339,0.000779559,0.0254685,1,0.075,4.5,114,487,295,171,1,12,0.997462,0.837461,0
284,0,1,0.9,0.9,0,1.03879,0.0486165,0,1,1,1,1,1,1,1,0,0,0,0,0,0.109922,0.900492,0.75,0.1,2.23071,2.60912,2.74625,3,1,1,1,4.5,33,35,1,0.148532,0.282456,0.630137,0.882162,1,0.1,0.436051,2.97523,2,0.468373,1,2,0.65,0.65,1,0.397062,0.397062,1,1,1,1,1,0.0448697,1,210,3.43599,1.16773,0.959577,1,10,0.0634691,1.51091,0,0.00464573,0,2.29128,0,0,0,1,0.5,2.32498,0.671868,0.1,0.408685,0.1,0.25,0.25,10,0.348731,0.1,0.1,0.241479,0.0304,0.028339,0.000779559,0.0254685,1,0.075,4.5,114,487,295,171,1,12,1,0.957116,4.0572e-09
285,0,1,0.9,1.05323,0,0.949645,0.0450782,0,1,1,1,1,1,1,0.257465,0,0,0,0,0,1,1,0.75,0.1,2.23071,2.60912,2.74625,3,1,1,1,4.5,33,35,1,0.148532,0.282456,0.630137,0.882162,1,0.1,0.436051,2.97523,2,0.468373,1,2,0.65,0.65,1,0.081627,2.55394,1,1,1,1,1,0.00132426,1,210,3.43599,1.16773,0.959577,1,10,0.0133015,1.60655,0,0.0605478,0,0.00357408,0,0,0,1,0.5,2.32498,0.671868,0.1,0.408685,0.1,0.25,0.25,10,0.348731,0.1,0.1,0.241479,0.0304,0.028339,0.000779559,0.0254685,1,0.075,4.5,114,487,295,171,1,12,0.95076,0.862682,0
286,0,1,0.9,0.9,0,0.787035,0.0392264,0,1,1,1,1,1,1,1,0,0,0,0,0,0.561575,0.260904,0.75,0.1,2.23071,2.60912,2.74625,3,1,1,1,4.5,33,35,1,0.148532,0.282456,0.630137,0.882162,1,0.1,0.436051,2.97523,2,0.468373,1,2,0.65,0.65,1,0.0131578,0.81212,1,1,1,1,1,0.781563,1,210,3.43599,1.16773,0.959577,1,10,0.0867438,4.81138,0,0.283192,0,0.067335,0,0,0,1,0.5,2.32498,0.671868,0.1,0.408685,0.1,0.25,0.25,10,0.348731,0.1,0.1,0.241479,0.0304,0.028339,0.000779559,0.0254685,1,0.075,4.5,114,487,295,171,1,12,0.977142,1,0
287,0,1,0.9,2.20243,0,0.983923,0.0348123,0,1,1,1,1,1,1,1,0,0,0,0,0,0.253228,0.166372,0.75,0.1,2.23071,2.60912,2.74625,3,1,1,1,4.5,33,35,1,0.148532,0.282456,0.630137,0.882162,1,0.1,0.436051,2.97523,2,0.468373,1,2,0.65,0.65,1,2.42964,2.42964,1,1,1,1,1,0.00177342,1,210,3.43599,1.16773,0.959577,1,10,0.0276689,1.02679,0,0.355514,0,0.00234955,0,0,0,1,0.5,2.32498,0.671868,0.1,0.408685,0.1,0.25,0.25,10,0.348731,0.1,0.1,0.241479,0.0304,0.028339,0.000779559,0.0254685,1,0.075,4.5,114,487,295,171,1,12,0.938058,0.944101,0
288,0,1,0.9,2.85868,0,0.933376,0.0375011,0,1,1,1,1,1,1,1,0,0,0,0,0,0.0980216,0.413772,0.75,0.1,2.23071,2.60912,2.74625,3,1,1,1,4.5,33,35,1,0.148532,0.282456,0.630137,0.882162,1,0.1,0.436051,2.97523,2,0.468373,1,2,0.65,0.65,1,0.00130742,1.2385,1,1,1,1,1,0.034231,1,210,3.43599,1.16773,0.959577,1,10,0.178391,2.39493,0,0.187014,0,5.13586,0,0,0,1,0.5,2.32498,0.671868,0.1,0.408685,0.1,0.25,0.25,10,0.348731,0.1,0.1,0.241479,0.0304,0.028339,0.000779559,0.0254685,1,0.075,4.5,114,487,295,171,1,12,1,0.762116,0
289,0,1,0.9,0.9,0,1.01243,0.0396393,0,1,1,1,1,1,1,0.375273,0,0,0,0,0,0.875374,0.315955,0.75,0.1,2.23071,2.60912,2.74625,3,1,1,1,4.5,33,35,1,0.148532,0.282456,0.630137,0.882162,1,0.1,0.436051,2.97523,2,0.468373,1,2,0.65,0.65,1,0.0131146,1.86174,1,1,1,1,1,0.0516461,1,210,3.43599,1.16773,0.959577,1,10,0.0540113,1.88717,0,0.313404,0,0.012694,0,0,0,1,0.5,2.32498,0.671868,0.1,0.408685,0.1,0.25,0.25,10,0.348731,0.1,0.1,0.241479,0.0304,0.028339,0.000779559,0.0254685,1,0.075,4.5,114,487,295,171,1,12,1,0.87733,0.0044812
290,0,1,0.9,0.9,0,1.02746,0.0437554,0,1,1,1,1,1,1,0.238016,0,0,0,0,0,0.0608667,0.239849,0.75,0.1,2.23071,2.60912,2.74625,3,1,1,1,4.5,33,35,1,0.148532,0.282456,0.630137,0.882162,1,0.1,0.436051,2.97523,2,0.468373,1,2,0.65,0.65,1,0.0233146,0.666657,1,1,1,1,1,0.0501337,1,210,3.43599,1.16773,0.959577,1,10,0.0523696,0.811811,0,1.99444,0,0.15958,0,0,0,1,0.5,2.32498,0.671868,0.1,0.408685,0.1,0.25,0.25,10,0.348731,0.1,0.1,0.241479,0.0304,0.028339,0.000779559,0.0254685,1,0.075,4.5,114,487,295,171,1,12,1,0.846695,0
291,0,1,0.9,0.9,0,0.963968,0.0378671,0,1,1,1,1,1,1,0.845095,0,0,0,0,0,1,0.32108,0.75,0.1,2.23071,2.60912,2.74625,3,1,1,1,4.5,33,35,1,0.148532,0.282456,0.630137,0.882162,1,0.1,0.436051,2.97523,2,0.468373,1,2,0.65,0.65,1,0.0271981,0.872838,1,1,1,1,1,0.106402,1,210,3.43599,1.16773,0.959577,1,10,0.0258416,0.716352,0,0.0182699,0,0.112103,0,0,0,1,0.5,2.32498,0.671868,0.1,0.408685,0.1,0.25,0.25,10,0.348731,0.1,0.1,0.241479,0.0304,0.028339,0.000779559,0.0254685,1,0.075,4.5,114,487,295,171,1,12,0.987481,0.868474,6.93088e-09
292,0,1,0.9,0.978311,0,0.946063,0.0416331,0,1,1,1,1,1,1,1,0,0,0,0,0,0.0692838,0.589212,0.75,0.1,2.23071,2.60912,2.74625,3,1,1,1,4.5,33,35,1,0.148532,0.282456,0.630137,0.882162,1,0.1,0.436051,2.97523,2,0.468373,1,2,0.65,0.65,1,0.025691,0.315057,1,1,1,1,1,0.257686,1,210,3.43599,1.16773,0.959577,1,10,0.0932328,0.444593,0,0.0362925,0,0.825306,0,0,0,1,0.5,2.32498,0.671868,0.1,0.408685,0.1,0.25,0.25,10,0.348731,0.1,0.1,0.241479,0.0304,0.028339,0.000779559,0.0254685,1,0.075,4.5,114,487,295,171,1,12,0.986085,0.829939,0
293,0,1,0.9,0.9,0,1.04539,0.0404823,0,1,1,1,1,1,1,1,0,0,0,0,0,0.216966,0.412471,0.75,0.1,2.23071,2.60912,2.74625,3,1,1,1,4.5,33,35,1,0.148532,0.282456,0.630137,0.882162,1,0.1,0.436051,2.97523,2,0.468373,1,2,0.65,0.65,1,0.00151259,2.52974,1,1,1,1,1,0.00178479,1,210,3.43599,1.16773,0.959577,1,10,0.022476,1.57921,0,1.60516,0,0.0176508,0,0,0,1,0.5,2.32498,0.671868,0.1,0.408685,0.1,0.25,0.25,10,0.348731,0.1,0.1,0.241479,0.0304,0.028339,0.000779559,0.0254685,1,0.075,4.5,114,487,295,171,1,12,0.991422,0.851662,0
294,0,1,0.9,3.23644,0,0.937647,0.0396578,0,1,1,1,1,1,1,0.677084,0,0,0,0,0,0.263117,0.889292,0.75,0.1,2.23071,2.60912,2.74625,3,1,1,1,4.5,33,35,1,0.148532,0.282456,0.630137,0.882162,1,0.1,0.436051,2.97523,2,0.468373,1,2,0.65,0.65,1,0.00113142,5.73886,1,1,1,1,1,0.415754,1,210,3.43599,1.16773,0.959577,1,10,0.221106,3.14926,0,0.355182,0,0.559764,0,0,0,1,0.5,2.32498,0.671868,0.1,0.408685,0.1,0.25,0.25,10,0.348731,0.1,0.1,0.241479,0.0304,0.028339,0.000779559,0.0254685,1,0.075,4.5,114,487,295,171,1,12,1,0.772853,0.00119048
295,0,1,0.9,4.43492,0,1.01133,0.0420714,0,1,1,1,1,1,1,0.501241,0,0,0,0,0,1,0.405723,0.75,0.1,2.23071,2.60912,2.74625,3,1,1,1,4.5,33,35,1,0.148532,0.282456,0.630137,0.882162,1,0.1,0.436051,2.97523,2,0.468373,1,2,0.65,0.65,1,0.000296574,0.865757,1,1,1,1,1,0.00622015,1,210,3.43599,1.16773,0.959577,1,10,0.219107,1.36091,0,0.0339626,0,0.175954,0,0,0,1,0.5,2.32498,0.671868,0.1,0.408685,0.1,0.25,0.25,10,0.348731,0.1,0.1,0.241479,0.0304,0.028339,0.000779559,0.0254685,1,0.075,4.5,114,487,295,171,1,12,1,1,0
296,0,1,0.9,1.97736,0,1.05915,0.0359358,0,1,1,1,1,1,1,0.325619,0,0,0,0,0,0.0450465,1,0.75,0.1,2.23071,2.60912,2.74625,3,1,1,1,4.5,33,35,1,0.148532,0.282456,0.630137,0.882162,1,0.1,0.436051,2.97523,2,0.468373,1,2,0.65,0.65,1,0.0165709,0.328375,1,1,1,1,1,0.0155792,1,210,3.43599,1.16773,0.959577,1,10,0.386003,0.386003,0,0.28881,0,0.0263064,0,0,0,1,0.5,2.32498,0.671868,0.1,0.408685,0.1,0.25,0.25,10,0.348731,0.1,0.1,0.241479,0.0304,0.028339,0.000779559,0.0254685,1,0.075,4.5,114,487,295,171,1,12,0.92362,0.975987,0
297,0,1,0.9,0.949831,0,0.968484,0.039849,0,1,1,1,1,1,1,0.491781,0,0,0,0,0,0.0901215,0.472852,0.75,0.1,2.23071,2.60912,2.74625,3,1,1,1,4.5,33,35,1,0.148532,0.282456,0.630137,0.882162,1,0.1,0.436051,2.97523,2,0.468373,1,2,0.65,0.65,1,0.0137097,0.812621,1,1,1,1,1,0.165749,1,210,3.43599,1.16773,0.959577,1,10,0.0175683,0.354533,0,0.0113363,0,0.00131879,0,0,0,1,0.5,2.32498,0.671868,0.1,0.408685,0.1,0.25,0.25,10,0.348731,0.1,0.1,0.241479,0.0304,0.028339,0.000779559,0.0254685,1,0.075,4.5,114,487,295,171,1,12,1,0.942911,0.000179637
298,0,1,0.9,0.9,0,1.06545,0.0385746,0,1,1,1,1,1,1,1,0,0,0,0,0,1,1,0.75,0.1,2.23071,2.60912,2.74625,3,1,1,1,4.5,33,35,1,0.148532,0.282456,0.630137,0.882162,1,0.1,0.436051,2.97523,2,0.468373,1,2,0.65,0.65,1,0.0675796,1.30286,1,1,1,1,1,0.0434177,1,210,3.43599,1.16773,0.959577,1,10,0.0471492,0.290617,0,1.25846,0,0.00259189,0,0,0,1,0.5,2.32498,0.671868,0.1,0.408685,0.1,0.25,0.25,10,0.348731,0.1,0.1,0.241479,0.0304,0.028339,0.000779559,0.0254685,1,0.075,4.5,114,487,295,171,1,12,1,0.909016,0
299,0,1,0.9,3.11087,0,0.975664,0.0358983,0,1,1,1,1,1,1,0.540382,0,0,0,0,0,0.149758,0.147618,0.75,0.1,2.23071,2.60912,2.74625,3,1,1,1,4.5,33,35,1,0.148532,0.282456,0.630137,0.882162,1,0.1,0.436051,2.97523,2,0.468373,1,2,0.65,0.65,1,0.00229493,2.04402,1,1,1,1,1,0.00248655,1,210,3.43599,1.16773,0.959577,1,10,0.0137178,0.702194,0,0.759662,0,0.0858567,0,0,0,1,0.5,2.32498,0.671868,0.1,0.408685,0.1,0.25,0.25,10,0.348731,0.1,0.1,0.241479,0.0304,0.028339,0.000779559,0.0254685,1,0.075,4.5,114,487,295,171,1,12,0.91022,0.953832,0
300,0,1,0.9,1.28285,0,0.975001,0.0439776,0,1,1,1,1,1,1,0.816358,0,0,0,0,0,0.244923,0.222149,0.75,0.1,2.23071,2.60912,2.74625,3,1,1,1,4.5,33,35,1,0.148532,0.282456,0.630137,0.882162,1,0.1,0.436051,2.97523,2,0.468373,1,2,0.65,0.65,1,0.00208368,0.207967,1,1,1,1,1,1.83007,1.83007,210,3.43599,1.16773,0.959577,1,10,0.112023,2.0251,0,0.0630437,0,1.32943,0,0,0,1,0.5,2.32498,0.671868,0.1,0.408685,0.1,0.25,0.25,10,0.348731,0.1,0.1,0.241479,0.0304,0.028339,0.000779559,0.0254685,1,0.075,4.5,114,487,295,171,1,12,1,0.9046,0
301,0,1,0.9,1.38353,0,1.10726,0.0427835,0,1,1,1,1,1,1,0.219778,0,0,0,0,0,0.185341,1,0.75,0.1,2.23071,2.60912,2.74625,3,1,1,1,4.5,33,35,1,0.148532,0.282456,0.630137,0.882162,1,0.1,0.436051,2.97523,2,0.468373,1,2,0.65,0.65,1,0.0264838,0.848692,1,1,1,1,1,0.68721,1,210,3.43599,1.16773,0.959577,1,10,0.0322293,1.07424,0,0.487907,0,2.93523,0,0,0,1,0.5,2.32498,0.671868,0.1,0.408685,0.1,0.25,0.25,10,0.348731,0.1,0.1,0.241479,0.0304,0.028339,0.000779559,0.0254685,1,0.075,4.5,114,487,295,171,1,12,1,0.79971,0
302,0,1,0.9,0.9,0,1.04639,0.0410609,0,1,1,1,1,1,1,0.100644,0,0,0,0,0,1,1,0.75,0.1,2.23071,2.60912,2.74625,3,1,1,1,4.5,33,35,1,0.148532,0.282456,0.630137,0.882162,1,0.1,0.436051,2.97523,2,0.468373,1,2,0.65,0.65,1,0.00130172,0.124274,1,1,1,1,1,0.0164544,1,210,3.43599,1.16773,0.959577,1,10,0.0320246,0.254754,0,6.07876,0,0.124041,0,0,0,1,0.5,2.32498,0.671868,0.1,0.408685,0.1,0.25,0.25,10,0.348731,0.1,0.1,0.241479,0.0304,0.028339,0.000779559,0.0254685,1,0.075,4.5,114,487,295,171,1,12,1,0.898394,0.000179637
303,0,1,0.9,2.72095,0,0.939887,0.0449726,0,1,1,1,1,1,1,0.339649,0,0,0,0,0,0.179135,0.610302,0.75,0.1,2.23071,2.60912,2.74625,3,1,1,1,4.5,33,35,1,0.148532,0.282456,0.630137,0.882162,1,0.1,0.436051,2.97523,2,0.468373,1,2,0.65,0.65,1,0.122788,0.699886,1,1,1,1,1,0.374924,1,210,3.43599,1.16773,0.959577,1,10,0.0467096,0.900981,0,0.196995,0,0.914689,0,0,0,1,0.5,2.32498,0.671868,0.1,0.408685,0.1,0.25,0.25,10,0.348731,0.1,0.1,0.241479,0.0304,0.028339,0.000779559,0.0254685,1,0.075,4.5,114,487,295,171,1,12,1,0.857142,0
304,0,1,0.9,1.89149,0,1.04287,0.0496751,0,1,1,1,1,1,1,1,0,0,0,0,0,0.423934,1,0.75,0.1,2.23071,2.60912,2.74625,3,1,1,1,4.5,33,35,1,0.148532,0.282456,0.630137,0.882162,1,0.1,0.436051,2.97523,2,0.468373,1,2,0.65,0.65,1,0.00321725,3.70872,1,1,1,1,1,0.00846868,1,210,3.43599,1.16773,0.959577,1,10,0.0918929,1.67163,0,0.512591,0,0.052036,0,0,0,1,0.5,2.32498,0.671868,0.1,0.408685,0.1,0.25,0.25,10,0.348731,0.1,0.1,0.241479,0.0304,0.028339,0.000779559,0.0254685,1,0.075,4.5,114,487,295,171,1,12,0.865534,0.771621,0.0149653
305,0,1,0.9,1.78367,0,1.00017,0.0453555,0,1,1,1,1,1,1,1,0,0,0,0,0,0.705002,0.630302,0.75,0.1,2.23071,2.60912,2.74625,3,1,1,1,4.5,33,35,1,0.148532,0.282456,0.630137,0.882162,1,0.1,0.436051,2.97523,2,0.468373,1,2,0.65,0.65,1,0.00991111,0.293616,1,1,1,1,1,0.0270112,1,210,3.43599,1.16773,0.959577,1,10,0.0281953,5.73085,0,0.959903,0,0.0184771,0,0,0,1,0.5,2.32498,0.671868,0.1,0.408685,0.1,0.25,0.25,10,0.348731,0.1,0.1,0.241479,0.0304,0.028339,0.000779559,0.0254685,1,0.075,4.5,114,487,295,171,1,12,0.925065,0.917642,0.00400607
306,0,1,0.9,3.30277,0,0.960687,0.0436791,0,1,1,1,1,1,1,0.567719,0,0,0,0,0,0.459169,0.381257,0.75,0.1,2.23071,2.60912,2.74625,3,1,1,1,4.5,33,35,1,0.148532,0.282456,0.630137,0.882162,1,0.1,0.436051,2.97523,2,0.468373,1,2,0.65,0.65,1,0.00263432,0.846512,1,1,1,1,1,0.0570677,1,210,3.43599,1.16773,0.959577,1,10,0.0155823,5.27496,0,1.53001,0,0.391286,0,0,0,1,0.5,2.32498,0.671868,0.1,0.408685,0.1,0.25,0.25,10,0.348731,0.1,0.1,0.241479,0.0304,0.028339,0.000779559,0.0254685,1,0.075,4.5,114,487,295,171,1,12,1,0.763143,0
307,0,1,0.9,1.08728,0,0.921627,0.0414712,0,1,1,1,1,1,1,0.745512,0,0,0,0,0,0.946562,0.864514,0.75,0.1,2.23071,2.60912,2.74625,3,1,1,1,4.5,33,35,1,0.148532,0.282456,0.630137,0.882162,1,0.1,0.436051,2.97523,2,0.468373,1,2,0.65,0.65,1,0.00117912,0.709619,1,1,1,1,1,0.0122642,1,210,3.43599,1.16773,0.959577,1,10,0.202013,0.34036,0,6.67427,0,0.197409,0,0,0,1,0.5,2.32498,0.671868,0.1,0.408685,0.1,0.25,0.25,10,0.348731,0.1,0.1,0.241479,0.0304,0.028339,0.000779559,0.0254685,1,0.075,4.5,114,487,295,171,1,12,1,0.937784,0.000179637
308,0,1,0.9,0.9,0,0.960283,0.0342898,0,1,1,1,1,1,1,1,0,0,0,0,0,0.83249,0.295281,0.75,0.1,2.23071,2.60912,2.74625,3,1,1,1,4.5,33,35,1,0.148532,0.282456,0.630137,0.882162,1,0.1,0.436051,2.97523,2,0.468373,1,2,0.65,0.65,1,0.00481037,0.79104,1,1,1,1,1,4.11518,4.11518,210,3.43599,1.16773,0.959577,1,10,0.444095,0.985811,0,2.33345,0,0.0339048,0,0,0,1,0.5,2.32498,0.671868,0.1,0.408685,0.1,0.25,0.25,10,0.348731,0.1,0.1,0.241479,0.0304,0.028339,0.000779559,0.0254685,1,0.075,4.5,114,487,295,171,1,12,1,0.936764,0
309,0,1,0.9,0.925039,0,1.04244,0.0391857,0,1,1,1,1,1,1,0.434469,0,0,0,0,0,0.532264,0.209863,0.75,0.1,2.23071,2.60912,2.74625,3,1,1,1,4.5,33,35,1,0.148532,0.282456,0.630137,0.882162,1,0.1,0.436051,2.97523,2,0.468373,1,2,0.65,0.65,1,0.00126173,0.907319,1,1,1,1,1,0.0397991,1,210,3.43599,1.16773,0.959577,1,10,0.140485,0.716724,0,8.30255,0,0.0700616,0,0,0,1,0.5,2.32498,0.671868,0.1,0.408685,0.1,0.25,0.25,10,0.348731,0.1,0.1,0.241479,0.0304,0.028339,0.000779559,0.0254685,1,0.075,4.5,114,487,295,171,1,12,0.831399,0.933114,0.00263158
310,0,1,0.9,1.21614,0,0.888173,0.0350144,0,1,1,1,1,1,1,0.278942,0,0,0,0,0,0.177117,0.733595,0.75,0.1,2.23071,2.60912,2.74625,3,1,1,1,4.5,33,35,1,0.148532,0.282456,0.630137,0.882162,1,0.1,0.436051,2.97523,2,0.468373,1,2,0.65,0.65,1,0.00287839,2.50515,1,1,1,1,1,0.0425401,1,210,3.43599,1.16773,0.959577,1,10,0.0375977,3.68036,0,1.09216,0,0.0204738,0,0,0,1,0.5,2.32498,0.671868,0.1,0.408685,0.1,0.25,0.25,10,0.348731,0.1,0.1,0.241479,0.0304,0.028339,0.000779559,0.0254685,1,0.075,4.5,114,487,295,171,1,12,0.886246,0.857972,0
311,0,1,0.9,3.84821,0,1.0322,0.037599,0,1,1,1,1,1,1,0.464045,0,0,0,0,0,1,0.836597,0.75,0.1,2.23071,2.60912,2.74625,3,1,1,1,4.5,33,35,1,0.148532,0.282456,0.630137,0.882162,1,0.1,0.436051,2.97523,2,0.468373,1,2,0.65,0.65,1,0.0041706,0.212446,1,1,1,1,1,0.0197026,1,210,3.43599,1.16773,0.959577,1,10,0.029842,5.30473,0,0.616223,0,12.3088,0,0,0,1,0.5,2.32498,0.671868,0.1,0.408685,0.1,0.25,0.25,10,0.348731,0.1,0.1,0.241479,0.0304,0.028339,0.000779559,0.0254685,1,0.075,4.5,114,487,295,171,1,12,0.851795,0.784753,2.08e-13
312,0,1,0.9,0.954472,0,1.03458,0.0426085,0,1,1,1,1,1,1,1,0,0,0,0,0,0.583315,0.268692,0.75,0.1,2.23071,2.60912,2.74625,3,1,1,1,4.5,33,35,1,0.148532,0.282456,0.630137,0.882162,1,0.1,0.436051,2.97523,2,0.468373,1,2,0.65,0.65,1,0.00310676,0.351588,1,1,1,1,1,0.013529,1,210,3.43599,1.16773,0.959577,1,10,0.0450045,1.35481,0,0.107573,0,0.0111876,0,0,0,1,0.5,2.32498,0.671868,0.1,0.408685,0.1,0.25,0.25,10,0.348731,0.1,0.1,0.241479,0.0304,0.028339,0.000779559,0.0254685,1,0.075,4.5,114,487,295,171,1,12,0.840341,0.902962,0.0117951
313,0,1,0.9,0.9,0,1.03743,0.0475917,0,1,1,1,1,1,1,0.996079,0,0,0,0,0,1,0.374289,0.75,0.1,2.23071,2.60912,2.74625,3,1,1,1,4.5,33,35,1,0.148532,0.282456,0.630137,0.882162,1,0.1,0.436051,2.97523,2,0.468373,1,2,0.65,0.65,1,0.00370979,2.1453,1,1,1,1,1,0.432101,1,210,3.43599,1.16773,0.959577,1,10,0.0097664,0.758998,0,0.979261,0,0.0850202,0,0,0,1,0.5,2.32498,0.671868,0.1,0.408685,0.1,0.25,0.25,10,0.348731,0.1,0.1,0.241479,0.0304,0.028339,0.000779559,0.0254685,1,0.075,4.5,114,487,295,171,1,12,1,0.896147,0.000179637
314,0,1,0.9,1.814,0,1.06203,0.031073,0,1,1,1,1,1,1,1,0,0,0,0,0,0.610218,0.589074,0.75,0.1,2.23071,2.60912,2.74625,3,1,1,1,4.5,33,35,1,0.148532,0.282456,0.630137,0.882162,1,0.1,0.436051,2.97523,2,0.468373,1,2,0.65,0.65,1,0.00837388,0.379283,1,1,1,1,1,0.0675192,1,210,3.43599,1.16773,0.959577,1,10,0.0860388,1.05225,0,0.00507583,0,0.144904,0,0,0,1,0.5,2.32498,0.671868,0.1,0.408685,0.1,0.25,0.25,10,0.348731,0.1,0.1,0.241479,0.0304,0.028339,0.000779559,0.0254685,1,0.075,4.5,114,487,295,171,1,12,1,0.936048,0
315,0,1,0.9,4.27772,0,1.02859,0.0355109,0,1,1,1,1,1,1,0.288224,0,0,0,0,0,1,1,0.75,0.1,2.23071,2.60912,2.74625,3,1,1,1,4.5,33,35,1,0.148532,0.282456,0.630137,0.882162,1,0.1,0.436051,2.97523,2,0.468373,1,2,0.65,0.65,1,0.0274498,0.499546,1,1,1,1,1,0.00647379,1,210,3.43599,1.16773,0.959577,1,10,0.00935229,1.45253,0,1.43589,0,0.146884,0,0,0,1,0.5,2.32498,0.671868,0.1,0.408685,0.1,0.25,0.25,10,0.348731,0.1,0.1,0.241479,0.0304,0.028339,0.000779559,0.0254685,1,0.075,4.5,114,487,295,171,1,12,0.821908,0.999792,0.00119048
316,0,1,0.9,1.8412,0,0.80086,0.0410955,0,1,1,1,1,1,1,1,0,0,0,0,0,1,1,0.75,0.1,2.23071,2.60912,2.74625,3,1,1,1,4.5,33,35,1,0.148532,0.282456,0.630137,0.882162,1,0.1,0.436051,2.97523,2,0.468373,1,2,0.65,0.65,1,0.00412542,0.538421,1,1,1,1,1,0.0149937,1,210,3.43599,1.16773,0.959577,1,10,0.0597141,2.62103,0,0.00597354,0,0.0732047,0,0,0,1,0.5,2.32498,0.671868,0.1,0.408685,0.1,0.25,0.25,10,0.348731,0.1,0.1,0.241479,0.0304,0.028339,0.000779559,0.0254685,1,0.075,4.5,114,487,295,171,1,12,0.876984,0.980837,4.01339e-13
317,0,1,0.9,0.9,0,1.05597,0.0509113,0,1,1,1,1,1,1,0.223657,0,0,0,0,0,0.140456,0.637096,0.75,0.1,2.23071,2.60912,2.74625,3,1,1,1,4.5,33,35,1,0.148532,0.282456,0.630137,0.882162,1,0.1,0.436051,2.97523,2,0.468373,1,2,0.65,0.65,1,0.00504436,0.7345,1,1,1,1,1,0.0252351,1,210,3.43599,1.16773,0.959577,1,10,0.13512,2.13107,0,0.0495666,0,0.0152822,0,0,0,1,0.5,2.32498,0.671868,0.1,0.408685,0.1,0.25,0.25,10,0.348731,0.1,0.1,0.241479,0.0304,0.028339,0.000779559,0.0254685,1,0.075,4.5,114,487,295,171,1,12,1,0.998667,1.23335e-08
318,0,1,0.9,2.14511,0,1.09068,0.0322924,0,1,1,1,1,1,1,0.195337,0,0,0,0,0,1,0.152576,0.75,0.1,2.23071,2.60912,2.74625,3,1,1,1,4.5,33,35,1,0.148532,0.282456,0.630137,0.882162,1,0.1,0.436051,2.97523,2,0.468373,1,2,0.65,0.65,1,0.00468815,6.25995,1,1,1,1,1,0.0158367,1,210,3.43599,1.16773,0.959577,1,10,0.0504159,0.367515,0,0.216644,0,1.23993,0,0,0,1,0.5,2.32498,0.671868,0.1,0.408685,0.1,0.25,0.25,10,0.348731,0.1,0.1,0.241479,0.0304,0.028339,0.000779559,0.0254685,1,0.075,4.5,114,487,295,171,1,12,1,0.910639,0
319,0,1,0.9,2.03255,0,1.2093,0.039906,0,1,1,1,1,1,1,0.40684,0,0,0,0,0,0.170768,0.567535,0.75,0.1,2.23071,2.60912,2.74625,3,1,1,1,4.5,33,35,1,0.148532,0.282456,0.630137,0.882162,1,0.1,0.436051,2.97523,2,0.468373,1,2,0.65,0.65,1,0.00311937,0.242696,1,1,1,1,1,0.970142,1,210,3.43599,1.16773,0.959577,1,10,0.108151,0.382863,0,0.0340761,0,0.0114267,0,0,0,1,0.5,2.32498,0.671868,0.1,0.408685,0.1,0.25,0.25,10,0.348731,0.1,0.1,0.241479,0.0304,0.028339,0.000779559,0.0254685,1,0.075,4.5,114,487,295,171,1,12,1,0.990987,0.000179637
320,0,1,0.9,0.9,0,0.859697,0.0395698,0,1,1,1,1,1,1,0.10866,0,0,0,0,0,1,0.285599,0.75,0.1,2.23071,2.60912,2.74625,3,1,1,1,4.5,33,35,1,0.148532,0.282456,0.630137,0.882162,1,0.1,0.436051,2.97523,2,0.468373,1,2,0.65,0.65,1,0.0232447,0.122651,1,1,1,1,1,0.809462,1,210,3.43599,1.16773,0.959577,1,10,0.0302111,1.99746,0,0.00615333,0,0.00401898,0,0,0,1,0.5,2.32498,0.671868,0.1,0.408685,0.1,0.25,0.25,10,0.348731,0.1,0.1,0.241479,0.0304,0.028339,0.000779559,0.0254685,1,0.075,4.5,114,487,295,171,1,12,1,1,0.000179637
321,0,1,0.9,1.10595,0,1.15486,0.046512,0,1,1,1,1,1,1,0.391398,0,0,0,0,0,0.18053,0.676773,0.75,0.1,2.23071,2.60912,2.74625,3,1,1,1,4.5,33,35,1,0.148532,0.282456,0.630137,0.882162,1,0.1,0.436051,2.97523,2,0.468373,1,2,0.65,0.65,1,0.00984966,6.56813,1,1,1,1,1,0.0211088,1,210,3.43599,1.16773,0.959577,1,10,0.14107,1.10936,0,1.18438,0,0.00313716,0,0,0,1,0.5,2.32498,0.671868,0.1,0.408685,0.1,0.25,0.25,10,0.348731,0.1,0.1,0.241479,0.0304,0.028339,0.000779559,0.0254685,1,0.075,4.5,114,487,295,171,1,12,0.976229,0.807193,1.40763e-06
322,0,1,0.9,2.1628,0,0.941736,0.0411977,0,1,1,1,1,1,1,0.379575,0,0,0,0,0,0.201643,1,0.75,0.1,2.23071,2.60912,2.74625,3,1,1,1,4.5,33,35,1,0.148532,0.282456,0.630137,0.882162,1,0.1,0.436051,2.97523,2,0.468373,1,2,0.65,0.65,1,0.0130056,2.00435,1,1,1,1,1,0.000278837,1,210,3.43599,1.16773,0.959577,1,10,0.126525,0.309611,0,3.12188,0,1.53857,0,0,0,1,0.5,2.32498,0.671868,0.1,0.408685,0.1,0.25,0.25,10,0.348731,0.1,0.1,0.241479,0.0304,0.028339,0.000779559,0.0254685,1,0.075,4.5,114,487,295,171,1,12,0.943088,1,0
323,0,1,0.9,0.9,0,0.999613,0.0375652,0,1,1,1,1,1,1,0.070612,0,0,0,0,0,0.287503,0.511694,0.75,0.1,2.23071,2.60912,2.74625,3,1,1,1,4.5,33,35,1,0.148532,0.282456,0.630137,0.882162,1,0.1,0.436051,2.97523,2,0.468373,1,2,0.65,0.65,1,0.00298334,0.366835,1,1,1,1,1,0.0419812,1,210,3.43599,1.16773,0.959577,1,10,0.246568,3.63931,0,0.0161255,0,0.0476265,0,0,0,1,0.5,2.32498,0.671868,0.1,0.408685,0.1,0.25,0.25,10,0.348731,0.1,0.1,0.241479,0.0304,0.028339,0.000779559,0.0254685,1,0.075,4.5,114,487,295,171,1,12,0.984873,0.915197,0
324,0,1,0.9,2.01443,0,0.881242,0.034624,0,1,1,1,1,1,1,0.318514,0,0,0,0,0,0.186337,0.460421,0.75,0.1,2.23071,2.60912,2.74625,3,1,1,1,4.5,33,35,1,0.148532,0.282456,0.630137,0.882162,1,0.1,0.436051,2.97523,2,0.468373,1,2,0.65,0.65,1,0.529227,1.78991,1,1,1,1,1,0.00964808,1,210,3.43599,1.16773,0.959577,1,10,0.0276758,1.08492,0,1.23386,0,0.164996,0,0,0,1,0.5,2.32498,0.671868,0.1,0.408685,0.1,0.25,0.25,10,0.348731,0.1,0.1,0.241479,0.0304,0.028339,0.000779559,0.0254685,1,0.075,4.5,114,487,295,171,1,12,1,0.948838,0
325,0,1,0.9,2.25821,0,0.927551,0.0371386,0,1,1,1,1,1,1,1,0,0,0,0,0,0.30886,0.167249,0.75,0.1,2.23071,2.60912,2.74625,3,1,1,1,4.5,33,35,1,0.148532,0.282456,0.630137,0.882162,1,0.1,0.436051,2.97523,2,0.468373,1,2,0.65,0.65,1,0.0641237,0.0641237,1,1,1,1,1,0.0957821,1,210,3.43599,1.16773,0.959577,1,10,0.0234095,4.89482,0,29.205,0,0.00522378,0,0,0,1,0.5,2.32498,0.671868,0.1,0.408685,0.1,0.25,0.25,10,0.348731,0.1,0.1,0.241479,0.0304,0.028339,0.000779559,0.0254685,1,0.075,4.5,114,487,295,171,1,12,0.975873,0.916322,0
326,0,1,0.9,2.32658,0,1.02882,0.045618,0,1,1,1,1,1,1,0.212802,0,0,0,0,0,0.478882,1,0.75,0.1,2.23071,2.60912,2.74625,3,1,1,1,4.5,33,35,1,0.148532,0.282456,0.630137,0.882162,1,0.1,0.436051,2.97523,2,0.468373,1,2,0.65,0.65,1,0.0409025,2.50011,1,1,1,1,1,0.00428272,1,210,3.43599,1.16773,0.959577,1,10,0.0505763,0.911118,0,3.81131,0,0.00750062,0,0,0,1,0.5,2.32498,0.671868,0.1,0.408685,0.1,0.25,0.25,10,0.348731,0.1,0.1,0.241479,0.0304,0.028339,0.000779559,0.0254685,1,0.075,4.5,114,487,295,171,1,12,0.9974,0.954675,3.14699e-08
327,0,1,0.9,4.49813,0,0.926955,0.042957,0,1,1,1,1,1,1,1,0,0,0,0,0,0.195134,0.934973,0.75,0.1,2.23071,2.60912,2.74625,3,1,1,1,4.5,33,35,1,0.148532,0.282456,0.630137,0.882162,1,0.1,0.436051,2.97523,2,0.468373,1,2,0.65,0.65,1,0.00788142,6.58554,1,1,1,1,1,0.00589018,1,210,3.43599,1.16773,0.959577,1,10,0.0589261,2.1256,0,0.0325692,0,8.8619,0,0,0,1,0.5,2.32498,0.671868,0.1,0.408685,0.1,0.25,0.25,10,0.348731,0.1,0.1,0.241479,0.0304,0.028339,0.000779559,0.0254685,1,0.075,4.5,114,487,295,171,1,12,0.927543,0.802386,0.00263158
328,0,1,0.9,0.9,0,0.839863,0.0387149,0,1,1,1,1,1,1,0.193821,0,0,0,0,0,1,0.375952,0.75,0.1,2.23071,2.60912,2.74625,3,1,1,1,4.5,33,35,1,0.148532,0.282456,0.630137,0.882162,1,0.1,0.436051,2.97523,2,0.468373,1,2,0.65,0.65,1,0.0210267,2.31936,1,1,1,1,1,0.342431,1,210,3.43599,1.16773,0.959577,1,10,0.00627571,2.17155,0,1.50613,0,0.0562944,0,0,0,1,0.5,2.32498,0.671868,0.1,0.408685,0.1,0.25,0.25,10,0.348731,0.1,0.1,0.241479,0.0304,0.028339,0.000779559,0.0254685,1,0.075,4.5,114,487,295,171,1,12,0.907736,0.920177,1.58409e-13
329,0,1,0.9,0.9,0,1.09059,0.0340305,0,1,1,1,1,1,1,0.3596,0,0,0,0,0,0.0736087,0.136455,0.75,0.1,2.23071,2.60912,2.74625,3,1,1,1,4.5,33,35,1,0.148532,0.282456,0.630137,0.882162,1,0.1,0.436051,2.97523,2,0.468373,1,2,0.65,0.65,1,0.00870855,4.02992,1,1,1,1,1,0.238448,1,210,3.43599,1.16773,0.959577,1,10,0.0182923,1.94345,0,3.81959,0,0.00835586,0,0,0,1,0.5,2.32498,0.671868,0.1,0.408685,0.1,0.25,0.25,10,0.348731,0.1,0.1,0.241479,0.0304,0.028339,0.000779559,0.0254685,1,0.075,4.5,114,487,295,171,1,12,0.949837,0.788536,0
330,0,1,0.9,0.9,0,0.948363,0.0457404,0,1,1,1,1,1,1,0.383062,0,0,0,0,0,0.634792,1,0.75,0.1,2.23071,2.60912,2.74625,3,1,1,1,4.5,33,35,1,0.148532,0.282456,0.630137,0.882162,1,0.1,0.436051,2.97523,2,0.468373,1,2,0.65,0.65,1,0.0324347,5.61823,1,1,1,1,1,0.168961,1,210,3.43599,1.16773,0.959577,1,10,0.18769,6.0055,0,0.555262,0,0.445301,0,0,0,1,0.5,2.32498,0.671868,0.1,0.408685,0.1,0.25,0.25,10,0.348731,0.1,0.1,0.241479,0.0304,0.028339,0.000779559,0.0254685,1,0.075,4.5,114,487,295,171,1,12,1,0.807769,0
331,0,1,0.9,0.9,0,1.07497,0.0380927,0,1,1,1,1,1,1,0.70587,0,0,0,0,0,1,0.203551,0.75,0.1,2.23071,2.60912,2.74625,3,1,1,1,4.5,33,35,1,0.148532,0.282456,0.630137,0.882162,1,0.1,0.436051,2.97523,2,0.468373,1,2,0.65,0.65,1,0.00195895,0.420881,1,1,1,1,1,0.0050006,1,210,3.43599,1.16773,0.959577,1,10,0.0461077,1.90482,0,0.160201,0,1.82962,0,0,0,1,0.5,2.32498,0.671868,0.1,0.408685,0.1,0.25,0.25,10,0.348731,0.1,0.1,0.241479,0.0304,0.028339,0.000779559,0.0254685,1,0.075,4.5,114,487,295,171,1,12,1,0.998364,0
332,0,1,0.9,1.05376,0,0.881274,0.0424481,0,1,1,1,1,1,1,0.204187,0,0,0,0,0,0.0583915,0.180165,0.75,0.1,2.23071,2.60912,2.74625,3,1,1,1,4.5,33,35,1,0.148532,0.282456,0.630137,0.882162,1,0.1,0.436051,2.97523,2,0.468373,1,2,0.65,0.65,1,0.000625107,0.217097,1,1,1,1,1,0.0854572,1,210,3.43599,1.16773,0.959577,1,10,0.0640378,1.01064,0,0.00478914,0,0.00394227,0,0,0,1,0.5,2.32498,0.671868,0.1,0.408685,0.1,0.25,0.25,10,0.348731,0.1,0.1,0.241479,0.0304,0.028339,0.000779559,0.0254685,1,0.075,4.5,114,487,295,171,1,12,0.920968,0.782975,0.000179637
333,0,1,0.9,0.9,0,1.00679,0.0426318,0,1,1,1,1,1,1,0.370478,0,0,0,0,0,0.656852,1,0.75,0.1,2.23071,2.60912,2.74625,3,1,1,1,4.5,33,35,1,0.148532,0.282456,0.630137,0.882162,1,0.1,0.436051,2.97523,2,0.468373,1,2,0.65,0.65,1,0.102174,1.08546,1,1,1,1,1,0.053491,1,210,3.43599,1.16773,0.959577,1,10,0.0717529,1.67953,0,0.0366833,0,1.63834,0,0,0,1,0.5,2.32498,0.671868,0.1,0.408685,0.1,0.25,0.25,10,0.348731,0.1,0.1,0.241479,0.0304,0.028339,0.000779559,0.0254685,1,0.075,4.5,114,487,295,171,1,12,1,0.830151,0
334,0,1,0.9,8.42882,0,1.08509,0.0440755,0,1,1,1,1,1,1,0.415311,0,0,0,0,0,0.197601,0.907016,0.75,0.1,2.23071,2.60912,2.74625,3,1,1,1,4.5,33,35,1,0.148532,0.282456,0.630137,0.882162,1,0.1,0.436051,2.97523,2,0.468373,1,2,0.65,0.65,1,0.000266884,6.64148,1,1,1,1,1,0.00155571,1,210,3.43599,1.16773,0.959577,1,10,0.0589504,4.22058,0,0.23909,0,0.110764,0,0,0,1,0.5,2.32498,0.671868,0.1,0.408685,0.1,0.25,0.25,10,0.348731,0.1,0.1,0.241479,0.0304,0.028339,0.000779559,0.0254685,1,0.075,4.5,114,487,295,171,1,12,0.882069,0.655626,0.00263158
335,0,1,0.9,1.01089,0,0.878378,0.0398188,0,1,1,1,1,1,1,1,0,0,0,0,0,0.816879,0.482907,0.75,0.1,2.23071,2.60912,2.74625,3,1,1,1,4.5,33,35,1,0.148532,0.282456,0.630137,0.882162,1,0.1,0.436051,2.97523,2,0.468373,1,2,0.65,0.65,1,0.103034,1.31004,1,1,1,1,1,0.557939,1,210,3.43599,1.16773,0.959577,1,10,0.464971,1.23767,0,0.00708003,0,0.174496,0,0,0,1,0.5,2.32498,0.671868,0.1,0.408685,0.1,0.25,0.25,10,0.348731,0.1,0.1,0.241479,0.0304,0.028339,0.000779559,0.0254685,1,0.075,4.5,114,487,295,171,1,12,0.999719,0.952455,0
336,0,1,0.9,0.9,0,1.02653,0.0491522,0,1,1,1,1,1,1,0.0849377,0,0,0,0,0,0.451884,0.299025,0.75,0.1,2.23071,2.60912,2.74625,3,1,1,1,4.5,33,35,1,0.148532,0.282456,0.630137,0.882162,1,0.1,0.436051,2.97523,2,0.468373,1,2,0.65,0.65,1,0.00795888,0.593611,1,1,1,1,1,0.987036,1,210,3.43599,1.16773,0.959577,1,10,0.0353068,1.30438,0,1.23105,0,0.0898802,0,0,0,1,0.5,2.32498,0.671868,0.1,0.408685,0.1,0.25,0.25,10,0.348731,0.1,0.1,0.241479,0.0304,0.028339,0.000779559,0.0254685,1,0.075,4.5,114,487,295,171,1,12,0.849016,0.902152,0.0149653
337,0,1,0.9,1.47463,0,0.958937,0.040301,0,1,1,1,1,1,1,1,0,0,0,0,0,0.750522,0.473051,0.75,0.1,2.23071,2.60912,2.74625,3,1,1,1,4.5,33,35,1,0.148532,0.282456,0.630137,0.882162,1,0.1,0.436051,2.97523,2,0.468373,1,2,0.65,0.65,1,0.00478475,1.04711,1,1,1,1,1,0.00732733,1,210,3.43599,1.16773,0.959577,1,10,0.164836,1.64372,0,0.819758,0,0.0766118,0,0,0,1,0.5,2.32498,0.671868,0.1,0.408685,0.1,0.25,0.25,10,0.348731,0.1,0.1,0.241479,0.0304,0.028339,0.000779559,0.0254685,1,0.075,4.5,114,487,295,171,1,12,0.993329,0.907877,0
338,0,1,0.9,0.9,0,0.878746,0.0436822,0,1,1,1,1,1,1,0.402496,0,0,0,0,0,0.362422,0.927488,0.75,0.1,2.23071,2.60912,2.74625,3,1,1,1,4.5,33,35,1,0.148532,0.282456,0.630137,0.882162,1,0.1,0.436051,2.97523,2,0.468373,1,2,0.65,0.65,1,0.0719845,1.25539,1,1,1,1,1,0.0268457,1,210,3.43599,1.16773,0.959577,1,10,0.0134252,0.479825,0,0.243448,0,1.29426,0,0,0,1,0.5,2.32498,0.671868,0.1,0.408685,0.1,0.25,0.25,10,0.348731,0.1,0.1,0.241479,0.0304,0.028339,0.000779559,0.0254685,1,0.075,4.5,114,487,295,171,1,12,1,0.921451,0
339,0,1,0.9,1.70722,0,1.08787,0.0400337,0,1,1,1,1,1,1,1,0,0,0,0,0,0.248521,0.491151,0.75,0.1,2.23071,2.60912,2.74625,3,1,1,1,4.5,33,35,1,0.148532,0.282456,0.630137,0.882162,1,0.1,0.436051,2.97523,2,0.468373,1,2,0.65,0.65,1,0.00222009,0.429712,1,1,1,1,1,0.105261,1,210,3.43599,1.16773,0.959577,1,10,0.207979,0.47183,0,0.40917,0,0.0343604,0,0,0,1,0.5,2.32498,0.671868,0.1,0.408685,0.1,0.25,0.25,10,0.348731,0.1,0.1,0.241479,0.0304,0.028339,0.000779559,0.0254685,1,0.075,4.5,114,487,295,171,1,12,0.911539,0.929262,0.0149653
340,0,1,0.9,0.9,0,1.31688,0.0342868,0,1,1,1,1,1,1,0.370478,0,0,0,0,0,1,1,0.75,0.1,2.23071,2.60912,2.74625,3,1,1,1,4.5,33,35,1,0.148532,0.282456,0.630137,0.882162,1,0.1,0.436051,2.97523,2,0.468373,1,2,0.65,0.65,1,0.0476366,0.849369,1,1,1,1,1,0.0372133,1,210,3.43599,1.16773,0.959577,1,10,0.0106208,0.68044,0,0.62134,0,1.21486,0,0,0,1,0.5,2.32498,0.671868,0.1,0.408685,0.1,0.25,0.25,10,0.348731,0.1,0.1,0.241479,0.0304,0.028339,0.000779559,0.0254685,1,0.075,4.5,114,487,295,171,1,12,0.989379,0.880332,0
341,0,1,0.9,0.9,0,0.928646,0.0370749,0,1,1,1,1,1,1,0.311599,0,0,0,0,0,0.83597,0.322218,0.75,0.1,2.23071,2.60912,2.74625,3,1,1,1,4.5,33,35,1,0.148532,0.282456,0.630137,0.882162,1,0.1,0.436051,2.97523,2,0.468373,1,2,0.65,0.65,1,0.0702156,2.32583,1,1,1,1,1,0.00234379,1,210,3.43599,1.16773,0.959577,1,10,0.0252856,4.95122,0,0.0231026,0,0.124201,0,0,0,1,0.5,2.32498,0.671868,0.1,0.408685,0.1,0.25,0.25,10,0.348731,0.1,0.1,0.241479,0.0304,0.028339,0.000779559,0.0254685,1,0.075,4.5,114,487,295,171,1,12,1,1,2.08e-13
342,0,1,0.9,0.9,0,1.11592,0.0385135,0,1,1,1,1,1,1,0.0815169,0,0,0,0,0,0.0311797,0.293045,0.75,0.1,2.23071,2.60912,2.74625,3,1,1,1,4.5,33,35,1,0.148532,0.282456,0.630137,0.882162,1,0.1,0.436051,2.97523,2,0.468373,1,2,0.65,0.65,1,0.0111896,0.572319,1,1,1,1,1,0.186103,1,210,3.43599,1.16773,0.959577,1,10,0.175964,3.98361,0,1.3245,0,0.0351903,0,0,0,1,0.5,2.32498,0.671868,0.1,0.408685,0.1,0.25,0.25,10,0.348731,0.1,0.1,0.241479,0.0304,0.028339,0.000779559,0.0254685,1,0.075,4.5,114,487,295,171,1,12,0.980153,0.735649,0
343,0,1,0.9,0.9,0,0.980966,0.0422374,0,1,1,1,1,1,1,1,0,0,0,0,0,0.370309,0.0240822,0.75,0.1,2.23071,2.60912,2.74625,3,1,1,1,4.5,33,35,1,0.148532,0.282456,0.630137,0.882162,1,0.1,0.436051,2.97523,2,0.468373,1,2,0.65,0.65,1,0.00165781,0.6312,1,1,1,1,1,0.487066,1,210,3.43599,1.16773,0.959577,1,10,0.0423023,0.510244,0,4.69555,0,0.410579,0,0,0,1,0.5,2.32498,0.671868,0.1,0.408685,0.1,0.25,0.25,10,0.348731,0.1,0.1,0.241479,0.0304,0.028339,0.000779559,0.0254685,1,0.075,4.5,114,487,295,171,1,12,0.943106,0.980953,1.23335e-08
344,0,1,0.9,1.85144,0,1.01075,0.0364424,0,1,1,1,1,1,1,0.23898,0,0,0,0,0,0.458151,1,0.75,0.1,2.23071,2.60912,2.74625,3,1,1,1,4.5,33,35,1,0.148532,0.282456,0.630137,0.882162,1,0.1,0.436051,2.97523,2,0.468373,1,2,0.65,0.65,1,0.0166567,0.26513,1,1,1,1,1,0.0628196,1,210,3.43599,1.16773,0.959577,1,10,0.131431,0.740251,0,0.0397548,0,0.069645,0,0,0,1,0.5,2.32498,0.671868,0.1,0.408685,0.1,0.25,0.25,10,0.348731,0.1,0.1,0.241479,0.0304,0.028339,0.000779559,0.0254685,1,0.075,4.5,114,487,295,171,1,12,1,0.928902,0.000179637
345,0,1,0.9,0.9,0,1.03434,0.0401691,0,1,1,1,1,1,1,1,0,0,0,0,0,0.121575,1,0.75,0.1,2.23071,2.60912,2.74625,3,1,1,1,4.5,33,35,1,0.148532,0.282456,0.630137,0.882162,1,0.1,0.436051,2.97523,2,0.468373,1,2,0.65,0.65,1,0.0322651,3.3208,1,1,1,1,1,2.27741,2.27741,210,3.43599,1.16773,0.959577,1,10,0.0237161,0.492477,0,1.18573,0,0.0281324,0,0,0,1,0.5,2.32498,0.671868,0.1,0.408685,0.1,0.25,0.25,10,0.348731,0.1,0.1,0.241479,0.0304,0.028339,0.000779559,0.0254685,1,0.075,4.5,114,487,295,171,1,12,1,0.999271,0.000179637
346,0,1,0.9,1.01572,0,0.981438,0.0455851,0,1,1,1,1,1,1,0.529689,0,0,0,0,0,0.492328,0.225992,0.75,0.1,2.23071,2.60912,2.74625,3,1,1,1,4.5,33,35,1,0.148532,0.282456,0.630137,0.882162,1,0.1,0.436051,2.97523,2,0.468373,1,2,0.65,0.65,1,0.00218295,1.83972,1,1,1,1,1,0.00465654,1,210,3.43599,1.16773,0.959577,1,10,0.149185,0.601236,0,0.14059,0,0.011884,0,0,0,1,0.5,2.32498,0.671868,0.1,0.408685,0.1,0.25,0.25,10,0.348731,0.1,0.1,0.241479,0.0304,0.028339,0.000779559,0.0254685,1,0.075,4.5,114,487,295,171,1,12,1,0.822617,0.000179637
347,0,1,0.9,3.15344,0,0.879018,0.038263,0,1,1,1,1,1,1,0.438288,0,0,0,0,0,0.253919,1,0.75,0.1,2.23071,2.60912,2.74625,3,1,1,1,4.5,33,35,1,0.148532,0.282456,0.630137,0.882162,1,0.1,0.436051,2.97523,2,0.468373,1,2,0.65,0.65,1,0.000236233,0.120848,1,1,1,1,1,0.00801326,1,210,3.43599,1.16773,0.959577,1,10,0.058255,2.35894,0,0.139646,0,0.815397,0,0,0,1,0.5,2.32498,0.671868,0.1,0.408685,0.1,0.25,0.25,10,0.348731,0.1,0.1,0.241479,0.0304,0.028339,0.000779559,0.0254685,1,0.075,4.5,114,487,295,171,1,12,1,0.925628,0
348,0,1,0.9,0.9,0,1.05762,0.0391171,0,1,1,1,1,1,1,1,0,0,0,0,0,1,1,0.75,0.1,2.23071,2.60912,2.74625,3,1,1,1,4.5,33,35,1,0.148532,0.282456,0.630137,0.882162,1,0.1,0.436051,2.97523,2,0.468373,1,2,0.65,0.65,1,0.00701304,3.37973,1,1,1,1,1,0.013226,1,210,3.43599,1.16773,0.959577,1,10,0.034687,3.51193,0,0.117959,0,0.391134,0,0,0,1,0.5,2.32498,0.671868,0.1,0.408685,0.1,0.25,0.25,10,0.348731,0.1,0.1,0.241479,0.0304,0.028339,0.000779559,0.0254685,1,0.075,4.5,114,487,295,171,1,12,0.905798,0.755284,0.00119048
349,0,1,0.9,0.9,0,1.04252,0.0398911,0,1,1,1,1,1,1,0.417416,0,0,0,0,0,0.631438,0.649391,0.75,0.1,2.23071,2.60912,2.74625,3,1,1,1,4.5,33,35,1,0.148532,0.282456,0.630137,0.882162,1,0.1,0.436051,2.97523,2,0.468373,1,2,0.65,0.65,1,0.0139683,0.290039,1,1,1,1,1,0.367369,1,210,3.43599,1.16773,0.959577,1,10,0.114617,4.79241,0,0.0733261,0,1.06029,0,0,0,1,0.5,2.32498,0.671868,0.1,0.408685,0.1,0.25,0.25,10,0.348731,0.1,0.1,0.241479,0.0304,0.028339,0.000779559,0.0254685,1,0.075,4.5,114,487,295,171,1,12,1,0.815153,0
350,0,1,0.9,1.00308,0,1.00863,0.0464429,0,1,1,1,1,1,1,0.358356,0,0,0,0,0,0.608561,0.0832781,0.75,0.1,2.23071,2.60912,2.74625,3,1,1,1,4.5,33,35,1,0.148532,0.282456,0.630137,0.882162,1,0.1,0.436051,2.97523,2,0.468373,1,2,0.65,0.65,1,0.00657566,2.84761,1,1,1,1,1,2.71619,2.71619,210,3.43599,1.16773,0.959577,1,10,0.0290019,3.42953,0,0.201706,0,1.12088,0,0,0,1,0.5,2.32498,0.671868,0.1,0.408685,0.1,0.25,0.25,10,0.348731,0.1,0.1,0.241479,0.0304,0.028339,0.000779559,0.0254685,1,0.075,4.5,114,487,295,171,1,12,1,0.801199,0.00916667
351,0,1,0.9,4.37871,0,1.04204,0.0463074,0,1,1,1,1,1,1,0.239573,0,0,0,0,0,0.41691,1,0.75,0.1,2.23071,2.60912,2.74625,3,1,1,1,4.5,33,35,1,0.148532,0.282456,0.630137,0.882162,1,0.1,0.436051,2.97523,2,0.468373,1,2,0.65,0.65,1,0.0487686,1.41399,1,1,1,1,1,0.04967,1,210,3.43599,1.16773,0.959577,1,10,0.06088,2.56838,0,0.0174449,0,0.251523,0,0,0,1,0.5,2.32498,0.671868,0.1,0.408685,0.1,0.25,0.25,10,0.348731,0.1,0.1,0.241479,0.0304,0.028339,0.000779559,0.0254685,1,0.075,4.5,114,487,295,171,1,12,1,0.830922,4.0572e-09
352,0,1,0.9,5.64719,0,0.93248,0.0396356,0,1,1,1,1,1,1,1,0,0,0,0,0,0.323066,1,0.75,0.1,2.23071,2.60912,2.74625,3,1,1,1,4.5,33,35,1,0.148532,0.282456,0.630137,0.882162,1,0.1,0.436051,2.97523,2,0.468373,1,2,0.65,0.65,1,0.0198276,3.14343,1,1,1,1,1,0.150382,1,210,3.43599,1.16773,0.959577,1,10,0.0268043,2.25396,0,0.083431,0,0.0356295,0,0,0,1,0.5,2.32498,0.671868,0.1,0.408685,0.1,0.25,0.25,10,0.348731,0.1,0.1,0.241479,0.0304,0.028339,0.000779559,0.0254685,1,0.075,4.5,114,487,295,171,1,12,0.990237,0.974881,1.20723e-13
353,0,1,0.9,0.9,0,1.04073,0.0351327,0,1,1,1,1,1,1,0.351488,0,0,0,0,0,0.432074,0.371449,0.75,0.1,2.23071,2.60912,2.74625,3,1,1,1,4.5,33,35,1,0.148532,0.282456,0.630137,0.882162,1,0.1,0.436051,2.97523,2,0.468373,1,2,0.65,0.65,1,0.000272914,0.325553,1,1,1,1,1,0.0348897,1,210,3.43599,1.16773,0.959577,1,10,0.0662332,3.95848,0,0.275942,0,0.000969677,0,0,0,1,0.5,2.32498,0.671868,0.1,0.408685,0.1,0.25,0.25,10,0.348731,0.1,0.1,0.241479,0.0304,0.028339,0.000779559,0.0254685,1,0.075,4.5,114,487,295,171,1,12,0.944603,0.971773,0.0122678
354,0,1,0.9,1.59159,0,1.18461,0.042573,0,1,1,1,1,1,1,0.0464517,0,0,0,0,0,0.0711399,0.157709,0.75,0.1,2.23071,2.60912,2.74625,3,1,1,1,4.5,33,35,1,0.148532,0.282456,0.630137,0.882162,1,0.1,0.436051,2.97523,2,0.468373,1,2,0.65,0.65,1,0.00131914,1.03952,1,1,1,1,1,0.00291237,1,210,3.43599,1.16773,0.959577,1,10,0.0644142,0.226656,0,5.90919,0,0.00387747,0,0,0,1,0.5,2.32498,0.671868,0.1,0.408685,0.1,0.25,0.25,10,0.348731,0.1,0.1,0.241479,0.0304,0.028339,0.000779559,0.0254685,1,0.075,4.5,114,487,295,171,1,12,0.88132,0.90081,0.0148666
355,0,1,0.9,3.31468,0,1.17714,0.0452079,0,1,1,1,1,1,1,0.863018,0,0,0,0,0,0.356452,1,0.75,0.1,2.23071,2.60912,2.74625,3,1,1,1,4.5,33,35,1,0.148532,0.282456,0.630137,0.882162,1,0.1,0.436051,2.97523,2,0.468373,1,2,0.65,0.65,1,0.0117077,0.646364,1,1,1,1,1,0.02871,1,210,3.43599,1.16773,0.959577,1,10,0.0786465,8.70146,0,0.102829,0,1.38577,0,0,0,1,0.5,2.32498,0.671868,0.1,0.408685,0.1,0.25,0.25,10,0.348731,0.1,0.1,0.241479,0.0304,0.028339,0.000779559,0.0254685,1,0.075,4.5,114,487,295,171,1,12,0.896862,0.727541,6.16528e-13
356,0,1,0.9,0.9,0,0.958896,0.0360772,0,1,1,1,1,1,1,0.466427,0,0,0,0,0,1,1,0.75,0.1,2.23071,2.60912,2.74625,3,1,1,1,4.5,33,35,1,0.148532,0.282456,0.630137,0.882162,1,0.1,0.436051,2.97523,2,0.468373,1,2,0.65,0.65,1,0.0919017,0.856534,1,1,1,1,1,9.16629,9.16629,210,3.43599,1.16773,0.959577,1,10,0.0283655,1.37701,0,0.0358392,0,0.0215079,0,0,0,1,0.5,2.32498,0.671868,0.1,0.408685,0.1,0.25,0.25,10,0.348731,0.1,0.1,0.241479,0.0304,0.028339,0.000779559,0.0254685,1,0.075,4.5,114,487,295,171,1,12,1,0.980681,0
357,0,1,0.9,1.58646,0,1.02332,0.0354412,0,1,1,1,1,1,1,0.18759,0,0,0,0,0,0.140708,0.780525,0.75,0.1,2.23071,2.60912,2.74625,3,1,1,1,4.5,33,35,1,0.148532,0.282456,0.630137,0.882162,1,0.1,0.436051,2.97523,2,0.468373,1,2,0.65,0.65,1,0.0011066,0.296059,1,1,1,1,1,0.182388,1,210,3.43599,1.16773,0.959577,1,10,0.0230007,3.89376,0,0.0678835,0,3.22511,0,0,0,1,0.5,2.32498,0.671868,0.1,0.408685,0.1,0.25,0.25,10,0.348731,0.1,0.1,0.241479,0.0304,0.028339,0.000779559,0.0254685,1,0.075,4.5,114,487,295,171,1,12,0.950598,0.852333,2.18521e-13
358,0,1,0.9,0.9,0,0.975617,0.0404411,0,1,1,1,1,1,1,0.800145,0,0,0,0,0,1,0.24516,0.75,0.1,2.23071,2.60912,2.74625,3,1,1,1,4.5,33,35,1,0.148532,0.282456,0.630137,0.882162,1,0.1,0.436051,2.97523,2,0.468373,1,2,0.65,0.65,1,0.0124423,0.979941,1,1,1,1,1,0.0208792,1,210,3.43599,1.16773,0.959577,1,10,0.0557707,4.84112,0,0.00760614,0,0.00121148,0,0,0,1,0.5,2.32498,0.671868,0.1,0.408685,0.1,0.25,0.25,10,0.348731,0.1,0.1,0.241479,0.0304,0.028339,0.000779559,0.0254685,1,0.075,4.5,114,487,295,171,1,12,0.939502,0.808049,0.000179637
359,0,1,0.9,0.9,0,1.02722,0.0400785,0,1,1,1,1,1,1,0.410578,0,0,0,0,0,0.823892,0.676775,0.75,0.1,2.23071,2.60912,2.74625,3,1,1,1,4.5,33,35,1,0.148532,0.282456,0.630137,0.882162,1,0.1,0.436051,2.97523,2,0.468373,1,2,0.65,0.65,1,0.00699651,2.80254,1,1,1,1,1,0.793154,1,210,3.43599,1.16773,0.959577,1,10,0.0593107,22.7513,0,0.055928,0,1.97838,0,0,0,1,0.5,2.32498,0.671868,0.1,0.408685,0.1,0.25,0.25,10,0.348731,0.1,0.1,0.241479,0.0304,0.028339,0.000779559,0.0254685,1,0.075,4.5,114,487,295,171,1,12,0.990912,0.876024,2.08e-13
360,0,1,0.9,0.9,0,1.07971,0.0408564,0,1,1,1,1,1,1,0.090782,0,0,0,0,0,0.381584,0.605724,0.75,0.1,2.23071,2.60912,2.74625,3,1,1,1,4.5,33,35,1,0.148532,0.282456,0.630137,0.882162,1,0.1,0.436051,2.97523,2,0.468373,1,2,0.65,0.65,1,0.0338455,0.83748,1,1,1,1,1,0.119115,1,210,3.43599,1.16773,0.959577,1,10,0.034496,0.444062,0,0.0554299,0,0.0143004,0,0,0,1,0.5,2.32498,0.671868,0.1,0.408685,0.1,0.25,0.25,10,0.348731,0.1,0.1,0.241479,0.0304,0.028339,0.000779559,0.0254685,1,0.075,4.5,114,487,295,171,1,12,0.935307,0.79914,1.23335e-08
361,0,1,0.9,0.9,0,1.00649,0.0366456,0,1,1,1,1,1,1,0.37678,0,0,0,0,0,0.621242,0.132198,0.75,0.1,2.23071,2.60912,2.74625,3,1,1,1,4.5,33,35,1,0.148532,0.282456,0.630137,0.882162,1,0.1,0.436051,2.97523,2,0.468373,1,2,0.65,0.65,1,0.0271965,2.16807,1,1,1,1,1,0.300702,1,210,3.43599,1.16773,0.959577,1,10,0.0460095,0.38571,0,0.535005,0,0.216511,0,0,0,1,0.5,2.32498,0.671868,0.1,0.408685,0.1,0.25,0.25,10,0.348731,0.1,0.1,0.241479,0.0304,0.028339,0.000779559,0.0254685,1,0.075,4.5,114,487,295,171,1,12,1,0.834055,6.93088e-09
362,0,1,0.9,0.9,0,0.971241,0.0421099,0,1,1,1,1,1,1,0.359609,0,0,0,0,0,0.675122,0.176275,0.75,0.1,2.23071,2.60912,2.74625,3,1,1,1,4.5,33,35,1,0.148532,0.282456,0.630137,0.882162,1,0.1,0.436051,2.97523,2,0.468373,1,2,0.65,0.65,1,0.0536779,0.842838,1,1,1,1,1,0.00165348,1,210,3.43599,1.16773,0.959577,1,10,0.0904533,0.236908,0,0.950559,0,0.0317461,0,0,0,1,0.5,2.32498,0.671868,0.1,0.408685,0.1,0.25,0.25,10,0.348731,0.1,0.1,0.241479,0.0304,0.028339,0.000779559,0.0254685,1,0.075,4.5,114,487,295,171,1,12,1,0.902858,0
363,0,1,0.9,0.9,0,1.1741,0.039571,0,1,1,1,1,1,1,0.365629,0,0,0,0,0,1,0.0172043,0.75,0.1,2.23071,2.60912,2.74625,3,1,1,1,4.5,33,35,1,0.148532,0.282456,0.630137,0.882162,1,0.1,0.436051,2.97523,2,0.468373,1,2,0.65,0.65,1,0.0203687,0.768609,1,1,1,1,1,0.0116437,1,210,3.43599,1.16773,0.959577,1,10,0.074186,2.49254,0,0.136035,0,0.0159778,0,0,0,1,0.5,2.32498,0.671868,0.1,0.408685,0.1,0.25,0.25,10,0.348731,0.1,0.1,0.241479,0.0304,0.028339,0.000779559,0.0254685,1,0.075,4.5,114,487,295,171,1,12,0.988717,1,6.93088e-09
364,0,1,0.9,1.6102,0,0.858799,0.0384787,0,1,1,1,1,1,1,0.198243,0,0,0,0,0,0.164826,0.424015,0.75,0.1,2.23071,2.60912,2.74625,3,1,1,1,4.5,33,35,1,0.148532,0.282456,0.630137,0.882162,1,0.1,0.436051,2.97523,2,0.468373,1,2,0.65,0.65,1,0.0016156,0.99149,1,1,1,1,1,0.0411888,1,210,3.43599,1.16773,0.959577,1,10,0.136317,5.63215,0,6.05872,0,1.45,0,0,0,1,0.5,2.32498,0.671868,0.1,0.408685,0.1,0.25,0.25,10,0.348731,0.1,0.1,0.241479,0.0304,0.028339,0.000779559,0.0254685,1,0.075,4.5,114,487,295,171,1,12,1,0.831984,0
365,0,1,0.9,0.9,0,0.905099,0.0464424,0,1,1,1,1,1,1,1,0,0,0,0,0,0.291807,1,0.75,0.1,2.23071,2.60912,2.74625,3,1,1,1,4.5,33,35,1,0.148532,0.282456,0.630137,0.882162,1,0.1,0.436051,2.97523,2,0.468373,1,2,0.65,0.65,1,0.000357716,0.88951,1,1,1,1,1,1.31139,1.31139,210,3.43599,1.16773,0.959577,1,10,0.18267,6.21047,0,0.000870466,0,0.0492325,0,0,0,1,0.5,2.32498,0.671868,0.1,0.408685,0.1,0.25,0.25,10,0.348731,0.1,0.1,0.241479,0.0304,0.028339,0.000779559,0.0254685,1,0.075,4.5,114,487,295,171,1,12,0.809065,0.767236,0.00916667
366,0,1,0.9,0.9,0,1.02018,0.051858,0,1,1,1,1,1,1,0.642789,0,0,0,0,0,0.468445,0.675646,0.75,0.1,2.23071,2.60912,2.74625,3,1,1,1,4.5,33,35,1,0.148532,0.282456,0.630137,0.882162,1,0.1,0.436051,2.97523,2,0.468373,1,2,0.65,0.65,1,0.0036497,1.80116,1,1,1,1,1,0.0602844,1,210,3.43599,1.16773,0.959577,1,10,0.0264786,0.578772,0,0.00824268,0,0.0235598,0,0,0,1,0.5,2.32498,0.671868,0.1,0.408685,0.1,0.25,0.25,10,0.348731,0.1,0.1,0.241479,0.0304,0.028339,0.000779559,0.0254685,1,0.075,4.5,114,487,295,171,1,12,0.861323,0.725947,0.000179637
367,0,1,0.9,0.9,0,1.10348,0.0408332,0,1,1,1,1,1,1,0.287333,0,0,0,0,0,0.250485,0.197032,0.75,0.1,2.23071,2.60912,2.74625,3,1,1,1,4.5,33,35,1,0.148532,0.282456,0.630137,0.882162,1,0.1,0.436051,2.97523,2,0.468373,1,2,0.65,0.65,1,0.0420589,0.947375,1,1,1,1,1,0.0130385,1,210,3.43599,1.16773,0.959577,1,10,0.00922806,5.08142,0,0.449583,0,0.101988,0,0,0,1,0.5,2.32498,0.671868,0.1,0.408685,0.1,0.25,0.25,10,0.348731,0.1,0.1,0.241479,0.0304,0.028339,0.000779559,0.0254685,1,0.075,4.5,114,487,295,171,1,12,1,0.702444,0
368,0,1,0.9,0.9,0,0.962427,0.0400772,0,1,1,1,1,1,1,1,0,0,0,0,0,0.697041,0.217137,0.75,0.1,2.23071,2.60912,2.74625,3,1,1,1,4.5,33,35,1,0.148532,0.282456,0.630137,0.882162,1,0.1,0.436051,2.97523,2,0.468373,1,2,0.65,0.65,1,0.202104,1.00072,1,1,1,1,1,0.0392481,1,210,3.43599,1.16773,0.959577,1,10,0.0109742,2.18891,0,1.50307,0,0.131552,0,0,0,1,0.5,2.32498,0.671868,0.1,0.408685,0.1,0.25,0.25,10,0.348731,0.1,0.1,0.241479,0.0304,0.028339,0.000779559,0.0254685,1,0.075,4.5,114,487,295,171,1,12,1,0.916845,0
369,0,1,0.9,3.8736,0,0.997813,0.0382458,0,1,1,1,1,1,1,0.303854,0,0,0,0,0,0.56325,1,0.75,0.1,2.23071,2.60912,2.74625,3,1,1,1,4.5,33,35,1,0.148532,0.282456,0.630137,0.882162,1,0.1,0.436051,2.97523,2,0.468373,1,2,0.65,0.65,1,0.180193,1.19549,1,1,1,1,1,0.0110186,1,210,3.43599,1.16773,0.959577,1,10,0.0230623,0.701102,0,1.19733,0,0.00176029,0,0,0,1,0.5,2.32498,0.671868,0.1,0.408685,0.1,0.25,0.25,10,0.348731,0.1,0.1,0.241479,0.0304,0.028339,0.000779559,0.0254685,1,0.075,4.5,114,487,295,171,1,12,0.91058,0.76153,0
370,0,1,0.9,4.39869,0,0.913311,0.0373224,0,1,1,1,1,1,1,0.264511,0,0,0,0,0,1,1,0.75,0.1,2.23071,2.60912,2.74625,3,1,1,1,4.5,33,35,1,0.148532,0.282456,0.630137,0.882162,1,0.1,0.436051,2.97523,2,0.468373,1,2,0.65,0.65,1,0.0297895,1.17114,1,1,1,1,1,0.0949364,1,210,3.43599,1.16773,0.959577,1,10,0.0758231,1.84552,0,5.10919,0,0.00426761,0,0,0,1,0.5,2.32498,0.671868,0.1,0.408685,0.1,0.25,0.25,10,0.348731,0.1,0.1,0.241479,0.0304,0.028339,0.000779559,0.0254685,1,0.075,4.5,114,487,295,171,1,12,1,0.987172,0.000179637
371,0,1,0.9,0.9,0,0.927357,0.0337394,0,1,1,1,1,1,1,0.683321,0,0,0,0,0,0.482587,1,0.75,0.1,2.23071,2.60912,2.74625,3,1,1,1,4.5,33,35,1,0.148532,0.282456,0.630137,0.882162,1,0.1,0.436051,2.97523,2,0.468373,1,2,0.65,0.65,1,0.0121354,0.952114,1,1,1,1,1,0.0610033,1,210,3.43599,1.16773,0.959577,1,10,0.014097,1.08718,0,1.32347,0,1.44499,0,0,0,1,0.5,2.32498,0.671868,0.1,0.408685,0.1,0.25,0.25,10,0.348731,0.1,0.1,0.241479,0.0304,0.028339,0.000779559,0.0254685,1,0.075,4.5,114,487,295,171,1,12,0.927461,0.824514,0
372,0,1,0.9,0.9,0,1.04035,0.0393811,0,1,1,1,1,1,1,0.0542302,0,0,0,0,0,0.454143,0.245129,0.75,0.1,2.23071,2.60912,2.74625,3,1,1,1,4.5,33,35,1,0.148532,0.282456,0.630137,0.882162,1,0.1,0.436051,2.97523,2,0.468373,1,2,0.65,0.65,1,0.00150017,3.16685,1,1,1,1,1,0.137426,1,210,3.43599,1.16773,0.959577,1,10,0.0866439,2.13407,0,0.0421881,0,0.156994,0,0,0,1,0.5,2.32498,0.671868,0.1,0.408685,0.1,0.25,0.25,10,0.348731,0.1,0.1,0.241479,0.0304,0.028339,0.000779559,0.0254685,1,0.075,4.5,114,487,295,171,1,12,0.980309,0.92636,9.88619e-13
373,0,1,0.9,0.95887,0,1.06659,0.0415633,0,1,1,1,1,1,1,0.216142,0,0,0,0,0,0.664173,0.706536,0.75,0.1,2.23071,2.60912,2.74625,3,1,1,1,4.5,33,35,1,0.148532,0.282456,0.630137,0.882162,1,0.1,0.436051,2.97523,2,0.468373,1,2,0.65,0.65,1,0.0129605,1.0956,1,1,1,1,1,0.00795713,1,210,3.43599,1.16773,0.959577,1,10,0.0266265,2.34791,0,0.00830875,0,1.42099,0,0,0,1,0.5,2.32498,0.671868,0.1,0.408685,0.1,0.25,0.25,10,0.348731,0.1,0.1,0.241479,0.0304,0.028339,0.000779559,0.0254685,1,0.075,4.5,114,487,295,171,1,12,1,0.672853,0
374,0,1,0.9,2.28512,0,0.976106,0.037397,0,1,1,1,1,1,1,0.136103,0,0,0,0,0,1,1,0.75,0.1,2.23071,2.60912,2.74625,3,1,1,1,4.5,33,35,1,0.148532,0.282456,0.630137,0.882162,1,0.1,0.436051,2.97523,2,0.468373,1,2,0.65,0.65,1,0.00753249,5.15961,1,1,1,1,1,0.705135,1,210,3.43599,1.16773,0.959577,1,10,0.183117,0.765743,0,0.234813,0,0.0241176,0,0,0,1,0.5,2.32498,0.671868,0.1,0.408685,0.1,0.25,0.25,10,0.348731,0.1,0.1,0.241479,0.0304,0.028339,0.000779559,0.0254685,1,0.075,4.5,114,487,295,171,1,12,0.994234,0.9416,1.23335e-08
375,0,1,0.9,1.15665,0,1.00061,0.0399472,0,1,1,1,1,1,1,0.420306,0,0,0,0,0,1,0.853707,0.75,0.1,2.23071,2.60912,2.74625,3,1,1,1,4.5,33,35,1,0.148532,0.282456,0.630137,0.882162,1,0.1,0.436051,2.97523,2,0.468373,1,2,0.65,0.65,1,1.35096,1.40297,1,1,1,1,1,0.00311493,1,210,3.43599,1.16773,0.959577,1,10,0.0188923,1.19381,0,0.547543,0,0.933491,0,0,0,1,0.5,2.32498,0.671868,0.1,0.408685,0.1,0.25,0.25,10,0.348731,0.1,0.1,0.241479,0.0304,0.028339,0.000779559,0.0254685,1,0.075,4.5,114,487,295,171,1,12,0.889605,0.994399,2.08e-13
376,0,1,0.9,0.992772,0,1.07023,0.0389244,0,1,1,1,1,1,1,0.795599,0,0,0,0,0,0.219883,0.125369,0.75,0.1,2.23071,2.60912,2.74625,3,1,1,1,4.5,33,35,1,0.148532,0.282456,0.630137,0.882162,1,0.1,0.436051,2.97523,2,0.468373,1,2,0.65,0.65,1,0.00074541,1.0797,1,1,1,1,1,0.026424,1,210,3.43599,1.16773,0.959577,1,10,0.111133,0.84726,0,0.182233,0,0.177466,0,0,0,1,0.5,2.32498,0.671868,0.1,0.408685,0.1,0.25,0.25,10,0.348731,0.1,0.1,0.241479,0.0304,0.028339,0.000779559,0.0254685,1,0.075,4.5,114,487,295,171,1,12,1,0.829393,0
377,0,1,0.9,2.58371,0,1.08979,0.0381135,0,1,1,1,1,1,1,0.320262,0,0,0,0,0,1,0.435931,0.75,0.1,2.23071,2.60912,2.74625,3,1,1,1,4.5,33,35,1,0.148532,0.282456,0.630137,0.882162,1,0.1,0.436051,2.97523,2,0.468373,1,2,0.65,0.65,1,0.00228591,3.4882,1,1,1,1,1,0.0104442,1,210,3.43599,1.16773,0.959577,1,10,0.0292179,2.25867,0,0.00419428,0,0.647124,0,0,0,1,0.5,2.32498,0.671868,0.1,0.408685,0.1,0.25,0.25,10,0.348731,0.1,0.1,0.241479,0.0304,0.028339,0.000779559,0.0254685,1,0.075,4.5,114,487,295,171,1,12,1,0.75812,0.00119048
378,0,1,0.9,0.982505,0,1.00863,0.0425006,0,1,1,1,1,1,1,0.101577,0,0,0,0,0,0.668389,1,0.75,0.1,2.23071,2.60912,2.74625,3,1,1,1,4.5,33,35,1,0.148532,0.282456,0.630137,0.882162,1,0.1,0.436051,2.97523,2,0.468373,1,2,0.65,0.65,1,0.000201644,0.722746,1,1,1,1,1,0.292185,1,210,3.43599,1.16773,0.959577,1,10,0.0796302,0.269386,0,0.329072,0,1.43304,0,0,0,1,0.5,2.32498,0.671868,0.1,0.408685,0.1,0.25,0.25,10,0.348731,0.1,0.1,0.241479,0.0304,0.028339,0.000779559,0.0254685,1,0.075,4.5,114,487,295,171,1,12,1,0.967256,0.000179637
379,0,1,0.9,0.9,0,1.04168,0.0307313,0,1,1,1,1,1,1,0.569272,0,0,0,0,0,0.214858,0.720458,0.75,0.1,2.23071,2.60912,2.74625,3,1,1,1,4.5,33,35,1,0.148532,0.282456,0.630137,0.882162,1,0.1,0.436051,2.97523,2,0.468373,1,2,0.65,0.65,1,0.00248976,0.133313,1,1,1,1,1,0.0275503,1,210,3.43599,1.16773,0.959577,1,10,0.0267307,2.8031,0,4.24647,0,0.112481,0,0,0,1,0.5,2.32498,0.671868,0.1,0.408685,0.1,0.25,0.25,10,0.348731,0.1,0.1,0.241479,0.0304,0.028339,0.000779559,0.0254685,1,0.075,4.5,114,487,295,171,1,12,0.8126,0.845175,0
380,0,1,0.9,1.16246,0,0.870326,0.0441149,0,1,1,1,1,1,1,0.582107,0,0,0,0,0,1,0.37932,0.75,0.1,2.23071,2.60912,2.74625,3,1,1,1,4.5,33,35,1,0.148532,0.282456,0.630137,0.882162,1,0.1,0.436051,2.97523,2,0.468373,1,2,0.65,0.65,1,0.0942277,9.16211,1,1,1,1,1,0.0293814,1,210,3.43599,1.16773,0.959577,1,10,0.104557,7.25768,0,0.00284753,0,0.99275,0,0,0,1,0.5,2.32498,0.671868,0.1,0.408685,0.1,0.25,0.25,10,0.348731,0.1,0.1,0.241479,0.0304,0.028339,0.000779559,0.0254685,1,0.075,4.5,114,487,295,171,1,12,1,0.824373,0.00263158
381,0,1,0.9,0.989485,0,0.877601,0.0463338,0,1,1,1,1,1,1,0.214802,0,0,0,0,0,0.813519,1,0.75,0.1,2.23071,2.60912,2.74625,3,1,1,1,4.5,33,35,1,0.148532,0.282456,0.630137,0.882162,1,0.1,0.436051,2.97523,2,0.468373,1,2,0.65,0.65,1,0.00130789,7.22098,1,1,1,1,1,0.478851,1,210,3.43599,1.16773,0.959577,1,10,0.0269536,3.76325,0,0.0500689,0,0.312651,0,0,0,1,0.5,2.32498,0.671868,0.1,0.408685,0.1,0.25,0.25,10,0.348731,0.1,0.1,0.241479,0.0304,0.028339,0.000779559,0.0254685,1,0.075,4.5,114,487,295,171,1,12,1,0.868303,0.00916667
382,0,1,0.9,6.26578,0,0.994926,0.0383228,0,1,1,1,1,1,1,0.122024,0,0,0,0,0,1,0.229439,0.75,0.1,2.23071,2.60912,2.74625,3,1,1,1,4.5,33,35,1,0.148532,0.282456,0.630137,0.882162,1,0.1,0.436051,2.97523,2,0.468373,1,2,0.65,0.65,1,0.732695,8.30731,1,1,1,1,1,0.0221553,1,210,3.43599,1.16773,0.959577,1,10,0.153228,0.630356,0,2.96735,0,0.259682,0,0,0,1,0.5,2.32498,0.671868,0.1,0.408685,0.1,0.25,0.25,10,0.348731,0.1,0.1,0.241479,0.0304,0.028339,0.000779559,0.0254685,1,0.075,4.5,114,487,295,171,1,12,0.97572,0.819183,1.58409e-13
383,0,1,0.9,0.9,0,1.08914,0.0440345,0,1,1,1,1,1,1,1,0,0,0,0,0,1,0.214298,0.75,0.1,2.23071,2.60912,2.74625,3,1,1,1,4.5,33,35,1,0.148532,0.282456,0.630137,0.882162,1,0.1,0.436051,2.97523,2,0.468373,1,2,0.65,0.65,1,0.00453547,1.4242,1,1,1,1,1,0.135456,1,210,3.43599,1.16773,0.959577,1,10,0.228803,1.74899,0,0.00651224,0,0.15042,0,0,0,1,0.5,2.32498,0.671868,0.1,0.408685,0.1,0.25,0.25,10,0.348731,0.1,0.1,0.241479,0.0304,0.028339,0.000779559,0.0254685,1,0.075,4.5,114,487,295,171,1,12,0.861237,0.972843,4.01339e-13
384,0,1,0.9,4.47321,0,1.22269,0.0376448,0,1,1,1,1,1,1,0.263267,0,0,0,0,0,0.249032,0.42748,0.75,0.1,2.23071,2.60912,2.74625,3,1,1,1,4.5,33,35,1,0.148532,0.282456,0.630137,0.882162,1,0.1,0.436051,2.97523,2,0.468373,1,2,0.65,0.65,1,0.000847621,0.242931,1,1,1,1,1,0.015604,1,210,3.43599,1.16773,0.959577,1,10,0.0103258,2.18383,0,0.797525,0,0.0731729,0,0,0,1,0.5,2.32498,0.671868,0.1,0.408685,0.1,0.25,0.25,10,0.348731,0.1,0.1,0.241479,0.0304,0.028339,0.000779559,0.0254685,1,0.075,4.5,114,487,295,171,1,12,0.921865,0.81388,0
385,0,1,0.9,2.20377,0,0.93434,0.0380497,0,1,1,1,1,1,1,0.530747,0,0,0,0,0,0.909472,0.90959,0.75,0.1,2.23071,2.60912,2.74625,3,1,1,1,4.5,33,35,1,0.148532,0.282456,0.630137,0.882162,1,0.1,0.436051,2.97523,2,0.468373,1,2,0.65,0.65,1,0.00138857,0.385807,1,1,1,1,1,0.010115,1,210,3.43599,1.16773,0.959577,1,10,0.0807077,1.89665,0,0.0845124,0,0.0152617,0,0,0,1,0.5,2.32498,0.671868,0.1,0.408685,0.1,0.25,0.25,10,0.348731,0.1,0.1,0.241479,0.0304,0.028339,0.000779559,0.0254685,1,0.075,4.5,114,487,295,171,1,12,0.937324,0.900355,0.00707997
386,0,1,0.9,3.0018,0,1.046,0.0370869,0,1,1,1,1,1,1,0.374604,0,0,0,0,0,0.447878,0.109986,0.75,0.1,2.23071,2.60912,2.74625,3,1,1,1,4.5,33,35,1,0.148532,0.282456,0.630137,0.882162,1,0.1,0.436051,2.97523,2,0.468373,1,2,0.65,0.65,1,0.000830944,0.166498,1,1,1,1,1,0.0445052,1,210,3.43599,1.16773,0.959577,1,10,0.0853064,0.980883,0,0.427082,0,0.314395,0,0,0,1,0.5,2.32498,0.671868,0.1,0.408685,0.1,0.25,0.25,10,0.348731,0.1,0.1,0.241479,0.0304,0.028339,0.000779559,0.0254685,1,0.075,4.5,114,487,295,171,1,12,0.954152,0.830013,0
387,0,1,0.9,1.2782,0,1.00291,0.0374605,0,1,1,1,1,1,1,0.562791,0,0,0,0,0,0.200873,0.148736,0.75,0.1,2.23071,2.60912,2.74625,3,1,1,1,4.5,33,35,1,0.148532,0.282456,0.630137,0.882162,1,0.1,0.436051,2.97523,2,0.468373,1,2,0.65,0.65,1,0.000472997,0.121688,1,1,1,1,1,0.339498,1,210,3.43599,1.16773,0.959577,1,10,0.0379376,0.506057,0,9.69633,0,0.756006,0,0,0,1,0.5,2.32498,0.671868,0.1,0.408685,0.1,0.25,0.25,10,0.348731,0.1,0.1,0.241479,0.0304,0.028339,0.000779559,0.0254685,1,0.075,4.5,114,487,295,171,1,12,0.922049,0.887177,0.0149653
388,0,1,0.9,0.9,0,1.1046,0.0332354,0,1,1,1,1,1,1,0.736882,0,0,0,0,0,1,0.526703,0.75,0.1,2.23071,2.60912,2.74625,3,1,1,1,4.5,33,35,1,0.148532,0.282456,0.630137,0.882162,1,0.1,0.436051,2.97523,2,0.468373,1,2,0.65,0.65,1,0.00248317,2.4344,1,1,1,1,1,0.0301507,1,210,3.43599,1.16773,0.959577,1,10,0.0112538,0.896521,0,1.18163,0,0.0603232,0,0,0,1,0.5,2.32498,0.671868,0.1,0.408685,0.1,0.25,0.25,10,0.348731,0.1,0.1,0.241479,0.0304,0.028339,0.000779559,0.0254685,1,0.075,4.5,114,487,295,171,1,12,0.966618,0.970754,0.0090977
389,0,1,0.9,0.9,0,1.01568,0.0407343,0,1,1,1,1,1,1,0.307417,0,0,0,0,0,0.572186,0.893978,0.75,0.1,2.23071,2.60912,2.74625,3,1,1,1,4.5,33,35,1,0.148532,0.282456,0.630137,0.882162,1,0.1,0.436051,2.97523,2,0.468373,1,2,0.65,0.65,1,0.0350854,0.388482,1,1,1,1,1,0.0226426,1,210,3.43599,1.16773,0.959577,1,10,0.127449,2.19527,0,0.187167,0,0.000293792,0,0,0,1,0.5,2.32498,0.671868,0.1,0.408685,0.1,0.25,0.25,10,0.348731,0.1,0.1,0.241479,0.0304,0.028339,0.000779559,0.0254685,1,0.075,4.5,114,487,295,171,1,12,0.914181,0.940722,0.0117927
390,0,1,0.9,9.26418,0,1.22271,0.0490781,0,1,1,1,1,1,1,0.166889,0,0,0,0,0,1,0.120893,0.75,0.1,2.23071,2.60912,2.74625,3,1,1,1,4.5,33,35,1,0.148532,0.282456,0.630137,0.882162,1,0.1,0.436051,2.97523,2,0.468373,1,2,0.65,0.65,1,0.0268969,2.97935,1,1,1,1,1,0.164824,1,210,3.43599,1.16773,0.959577,1,10,0.00557073,1.75227,0,0.584801,0,0.0181917,0,0,0,1,0.5,2.32498,0.671868,0.1,0.408685,0.1,0.25,0.25,10,0.348731,0.1,0.1,0.241479,0.0304,0.028339,0.000779559,0.0254685,1,0.075,4.5,114,487,295,171,1,12,0.785684,0.804455,0.0117951
391,0,1,0.9,0.9,0,1.10545,0.0394596,0,1,1,1,1,1,1,0.736598,0,0,0,0,0,0.17988,1,0.75,0.1,2.23071,2.60912,2.74625,3,1,1,1,4.5,33,35,1,0.148532,0.282456,0.630137,0.882162,1,0.1,0.436051,2.97523,2,0.468373,1,2,0.65,0.65,1,0.00658158,0.561371,1,1,1,1,1,0.067932,1,210,3.43599,1.16773,0.959577,1,10,0.0422909,0.783108,0,0.118955,0,0.00299562,0,0,0,1,0.5,2.32498,0.671868,0.1,0.408685,0.1,0.25,0.25,10,0.348731,0.1,0.1,0.241479,0.0304,0.028339,0.000779559,0.0254685,1,0.075,4.5,114,487,295,171,1,12,0.860023,0.91673,0.0117951
392,0,1,0.9,3.05272,0,0.968477,0.0401686,0,1,1,1,1,1,1,1,0,0,0,0,0,0.195274,1,0.75,0.1,2.23071,2.60912,2.74625,3,1,1,1,4.5,33,35,1,0.148532,0.282456,0.630137,0.882162,1,0.1,0.436051,2.97523,2,0.468373,1,2,0.65,0.65,1,0.000112317,1.78548,1,1,1,1,1,0.00194985,1,210,3.43599,1.16773,0.959577,1,10,0.243842,8.11121,0,0.218983,0,0.0746329,0,0,0,1,0.5,2.32498,0.671868,0.1,0.408685,0.1,0.25,0.25,10,0.348731,0.1,0.1,0.241479,0.0304,0.028339,0.000779559,0.0254685,1,0.075,4.5,114,487,295,171,1,12,0.860546,1,2.08e-13
393,0,1,0.9,0.982226,0,0.978029,0.0441459,0,1,1,1,1,1,1,0.356336,0,0,0,0,0,0.729109,0.0798823,0.75,0.1,2.23071,2.60912,2.74625,3,1,1,1,4.5,33,35,1,0.148532,0.282456,0.630137,0.882162,1,0.1,0.436051,2.97523,2,0.468373,1,2,0.65,0.65,1,0.0106126,2.89734,1,1,1,1,1,0.173369,1,210,3.43599,1.16773,0.959577,1,10,0.0691111,1.324,0,0.295706,0,3.63847,0,0,0,1,0.5,2.32498,0.671868,0.1,0.408685,0.1,0.25,0.25,10,0.348731,0.1,0.1,0.241479,0.0304,0.028339,0.000779559,0.0254685,1,0.075,4.5,114,487,295,171,1,12,1,0.834872,4.01339e-13
394,0,1,0.9,0.9,0,0.943872,0.0443934,0,1,1,1,1,1,1,0.309093,0,0,0,0,0,0.441347,0.262419,0.75,0.1,2.23071,2.60912,2.74625,3,1,1,1,4.5,33,35,1,0.148532,0.282456,0.630137,0.882162,1,0.1,0.436051,2.97523,2,0.468373,1,2,0.65,0.65,1,0.0153882,1.32513,1,1,1,1,1,0.0370901,1,210,3.43599,1.16773,0.959577,1,10,0.0482966,0.466026,0,0.0887201,0,0.00954248,0,0,0,1,0.5,2.32498,0.671868,0.1,0.408685,0.1,0.25,0.25,10,0.348731,0.1,0.1,0.241479,0.0304,0.028339,0.000779559,0.0254685,1,0.075,4.5,114,487,295,171,1,12,1,0.955842,0.000179637
395,0,1,0.9,1.16148,0,0.996811,0.0376728,0,1,1,1,1,1,1,0.93324,0,0,0,0,0,0.185102,0.0951203,0.75,0.1,2.23071,2.60912,2.74625,3,1,1,1,4.5,33,35,1,0.148532,0.282456,0.630137,0.882162,1,0.1,0.436051,2.97523,2,0.468373,1,2,0.65,0.65,1,0.075169,2.64649,1,1,1,1,1,0.435056,1,210,3.43599,1.16773,0.959577,1,10,0.0293123,0.425191,0,0.223249,0,0.534425,0,0,0,1,0.5,2.32498,0.671868,0.1,0.408685,0.1,0.25,0.25,10,0.348731,0.1,0.1,0.241479,0.0304,0.028339,0.000779559,0.0254685,1,0.075,4.5,114,487,295,171,1,12,1,0.745603,0
396,0,1,0.9,1.27845,0,1.12599,0.0374631,0,1,1,1,1,1,1,0.759812,0,0,0,0,0,1,0.610004,0.75,0.1,2.23071,2.60912,2.74625,3,1,1,1,4.5,33,35,1,0.148532,0.282456,0.630137,0.882162,1,0.1,0.436051,2.97523,2,0.468373,1,2,0.65,0.65,1,0.0406029,1.64918,1,1,1,1,1,0.0122767,1,210,3.43599,1.16773,0.959577,1,10,0.0214567,0.919126,0,1.89589,0,0.257582,0,0,0,1,0.5,2.32498,0.671868,0.1,0.408685,0.1,0.25,0.25,10,0.348731,0.1,0.1,0.241479,0.0304,0.028339,0.000779559,0.0254685,1,0.075,4.5,114,487,295,171,1,12,1,1,0
397,0,1,0.9,1.56145,0,0.910856,0.046421,0,1,1,1,1,1,1,0.069721,0,0,0,0,0,0.593213,0.473936,0.75,0.1,2.23071,2.60912,2.74625,3,1,1,1,4.5,33,35,1,0.148532,0.282456,0.630137,0.882162,1,0.1,0.436051,2.97523,2,0.468373,1,2,0.65,0.65,1,0.000147573,0.23686,1,1,1,1,1,0.229289,1,210,3.43599,1.16773,0.959577,1,10,0.0587054,0.943018,0,0.903527,0,0.266429,0,0,0,1,0.5,2.32498,0.671868,0.1,0.408685,0.1,0.25,0.25,10,0.348731,0.1,0.1,0.241479,0.0304,0.028339,0.000779559,0.0254685,1,0.075,4.5,114,487,295,171,1,12,1,0.963805,6.93088e-09
398,0,1,0.9,1.90074,0,1.10546,0.0410167,0,1,1,1,1,1,1,0.608981,0,0,0,0,0,0.620139,0.825393,0.75,0.1,2.23071,2.60912,2.74625,3,1,1,1,4.5,33,35,1,0.148532,0.282456,0.630137,0.882162,1,0.1,0.436051,2.97523,2,0.468373,1,2,0.65,0.65,1,0.00178397,2.76611,1,1,1,1,1,0.00453512,1,210,3.43599,1.16773,0.959577,1,10,0.167636,6.02555,0,0.0950571,0,0.0207221,0,0,0,1,0.5,2.32498,0.671868,0.1,0.408685,0.1,0.25,0.25,10,0.348731,0.1,0.1,0.241479,0.0304,0.028339,0.000779559,0.0254685,1,0.075,4.5,114,487,295,171,1,12,1,1,7.15591e-14
399,0,1,0.9,3.33169,0,1.08019,0.0378418,0,1,1,1,1,1,1,0.288216,0,0,0,0,0,0.125348,0.515194,0.75,0.1,2.23071,2.60912,2.74625,3,1,1,1,4.5,33,35,1,0.148532,0.282456,0.630137,0.882162,1,0.1,0.436051,2.97523,2,0.468373,1,2,0.65,0.65,1,0.0677496,1.71051,1,1,1,1,1,1.16072,1.16072,210,3.43599,1.16773,0.959577,1,10,0.686942,2.52397,0,0.017708,0,0.0663872,0,0,0,1,0.5,2.32498,0.671868,0.1,0.408685,0.1,0.25,0.25,10,0.348731,0.1,0.1,0.241479,0.0304,0.028339,0.000779559,0.0254685,1,0.075,4.5,114,487,295,171,1,12,0.99726,1,0
400,0,1,0.9,0.995079,0,0.924414,0.0475026,0,1,1,1,1,1,1,0.385336,0,0,0,0,0,0.316775,0.395688,0.75,0.1,2.23071,2.60912,2.74625,3,1,1,1,4.5,33,35,1,0.148532,0.282456,0.630137,0.882162,1,0.1,0.436051,2.97523,2,0.468373,1,2,0.65,0.65,1,6.45299e-05,0.810594,1,1,1,1,1,0.0007319,1,210,3.43599,1.16773,0.959577,1,10,0.0383927,10.7881,0,0.0937435,0,0.226535,0,0,0,1,0.5,2.32498,0.671868,0.1,0.408685,0.1,0.25,0.25,10,0.348731,0.1,0.1,0.241479,0.0304,0.028339,0.000779559,0.0254685,1,0.075,4.5,114,487,295,171,1,12,0.930498,0.870915,0.00400607
401,0,1,0.9,0.9,0,1.08829,0.0441969,0,1,1,1,1,1,1,0.253185,0,0,0,0,0,0.631131,0.994823,0.75,0.1,2.23071,2.60912,2.74625,3,1,1,1,4.5,33,35,1,0.148532,0.282456,0.630137,0.882162,1,0.1,0.436051,2.97523,2,0.468373,1,2,0.65,0.65,1,0.00444551,0.825636,1,1,1,1,1,0.0207587,1,210,3.43599,1.16773,0.959577,1,10,0.104171,7.78042,0,0.0338013,0,0.0627764,0,0,0,1,0.5,2.32498,0.671868,0.1,0.408685,0.1,0.25,0.25,10,0.348731,0.1,0.1,0.241479,0.0304,0.028339,0.000779559,0.0254685,1,0.075,4.5,114,487,295,171,1,12,1,0.837777,0
402,0,1,0.9,7.00334,0,1.08944,0.0425101,0,1,1,1,1,1,1,0.654566,0,0,0,0,0,1,0.667391,0.75,0.1,2.23071,2.60912,2.74625,3,1,1,1,4.5,33,35,1,0.148532,0.282456,0.630137,0.882162,1,0.1,0.436051,2.97523,2,0.468373,1,2,0.65,0.65,1,0.00412568,2.95588,1,1,1,1,1,0.11575,1,210,3.43599,1.16773,0.959577,1,10,0.0440411,1.18023,0,0.0447983,0,0.0848788,0,0,0,1,0.5,2.32498,0.671868,0.1,0.408685,0.1,0.25,0.25,10,0.348731,0.1,0.1,0.241479,0.0304,0.028339,0.000779559,0.0254685,1,0.075,4.5,114,487,295,171,1,12,0.987594,0.94331,4.0572e-09
403,0,1,0.9,1.80863,0,1.20771,0.0417155,0,1,1,1,1,1,1,0.106239,0,0,0,0,0,0.133311,0.871616,0.75,0.1,2.23071,2.60912,2.74625,3,1,1,1,4.5,33,35,1,0.148532,0.282456,0.630137,0.882162,1,0.1,0.436051,2.97523,2,0.468373,1,2,0.65,0.65,1,0.00132206,0.711629,1,1,1,1,1,0.627456,1,210,3.43599,1.16773,0.959577,1,10,0.0826932,1.53072,0,5.16045,0,0.0301448,0,0,0,1,0.5,2.32498,0.671868,0.1,0.408685,0.1,0.25,0.25,10,0.348731,0.1,0.1,0.241479,0.0304,0.028339,0.000779559,0.0254685,1,0.075,4.5,114,487,295,171,1,12,0.916417,0.897812,4.04524e-13
404,0,1,0.9,1.74537,0,0.947114,0.0371742,0,1,1,1,1,1,1,0.679365,0,0,0,0,0,0.210728,0.605955,0.75,0.1,2.23071,2.60912,2.74625,3,1,1,1,4.5,33,35,1,0.148532,0.282456,0.630137,0.882162,1,0.1,0.436051,2.97523,2,0.468373,1,2,0.65,0.65,1,0.00262313,0.296219,1,1,1,1,1,0.244003,1,210,3.43599,1.16773,0.959577,1,10,0.121393,0.267982,0,0.291188,0,1.41698,0,0,0,1,0.5,2.32498,0.671868,0.1,0.408685,0.1,0.25,0.25,10,0.348731,0.1,0.1,0.241479,0.0304,0.028339,0.000779559,0.0254685,1,0.075,4.5,114,487,295,171,1,12,0.852167,0.971638,0.00263158
405,0,1,0.9,1.03002,0,0.861083,0.0404756,0,1,1,1,1,1,1,0.551741,0,0,0,0,0,0.439934,1,0.75,0.1,2.23071,2.60912,2.74625,3,1,1,1,4.5,33,35,1,0.148532,0.282456,0.630137,0.882162,1,0.1,0.436051,2.97523,2,0.468373,1,2,0.65,0.65,1,0.000780502,3.85956,1,1,1,1,1,0.161258,1,210,3.43599,1.16773,0.959577,1,10,0.0119255,6.67402,0,0.00433543,0,0.277931,0,0,0,1,0.5,2.32498,0.671868,0.1,0.408685,0.1,0.25,0.25,10,0.348731,0.1,0.1,0.241479,0.0304,0.028339,0.000779559,0.0254685,1,0.075,4.5,114,487,295,171,1,12,1,0.813482,2.08e-13
406,0,1,0.9,3.11415,0,0.89819,0.0411064,0,1,1,1,1,1,1,0.900461,0,0,0,0,0,0.453063,0.288867,0.75,0.1,2.23071,2.60912,2.74625,3,1,1,1,4.5,33,35,1,0.148532,0.282456,0.630137,0.882162,1,0.1,0.436051,2.97523,2,0.468373,1,2,0.65,0.65,1,0.00109504,0.30879,1,1,1,1,1,0.516999,1,210,3.43599,1.16773,0.959577,1,10,0.0889109,0.955299,0,0.00627129,0,0.0437587,0,0,0,1,0.5,2.32498,0.671868,0.1,0.408685,0.1,0.25,0.25,10,0.348731,0.1,0.1,0.241479,0.0304,0.028339,0.000779559,0.0254685,1,0.075,4.5,114,487,295,171,1,12,1,0.77156,0.000179637
407,0,1,0.9,0.9,0,1.05563,0.0407082,0,1,1,1,1,1,1,0.374744,0,0,0,0,0,0.576384,1,0.75,0.1,2.23071,2.60912,2.74625,3,1,1,1,4.5,33,35,1,0.148532,0.282456,0.630137,0.882162,1,0.1,0.436051,2.97523,2,0.468373,1,2,0.65,0.65,1,0.000566271,3.08223,1,1,1,1,1,0.0263064,1,210,3.43599,1.16773,0.959577,1,10,0.0273297,1.48605,0,1.24813,0,0.0987702,0,0,0,1,0.5,2.32498,0.671868,0.1,0.408685,0.1,0.25,0.25,10,0.348731,0.1,0.1,0.241479,0.0304,0.028339,0.000779559,0.0254685,1,0.075,4.5,114,487,295,171,1,12,1,0.707819,7.65957e-14
408,0,1,0.9,0.9,0,1.11378,0.0390259,0,1,1,1,1,1,1,1,0,0,0,0,0,0.0984637,0.987535,0.75,0.1,2.23071,2.60912,2.74625,3,1,1,1,4.5,33,35,1,0.148532,0.282456,0.630137,0.882162,1,0.1,0.436051,2.97523,2,0.468373,1,2,0.65,0.65,1,0.0088147,1.10966,1,1,1,1,1,0.0413467,1,210,3.43599,1.16773,0.959577,1,10,0.0775137,1.65693,0,0.39702,0,8.68056,0,0,0,1,0.5,2.32498,0.671868,0.1,0.408685,0.1,0.25,0.25,10,0.348731,0.1,0.1,0.241479,0.0304,0.028339,0.000779559,0.0254685,1,0.075,4.5,114,487,295,171,1,12,0.990311,0.949144,0
409,0,1,0.9,1.69069,0,1.19344,0.0427475,0,1,1,1,1,1,1,0.308187,0,0,0,0,0,1,0.16522,0.75,0.1,2.23071,2.60912,2.74625,3,1,1,1,4.5,33,35,1,0.148532,0.282456,0.630137,0.882162,1,0.1,0.436051,2.97523,2,0.468373,1,2,0.65,0.65,1,0.0112881,2.00615,1,1,1,1,1,0.115037,1,210,3.43599,1.16773,0.959577,1,10,0.0928642,2.13141,0,0.735228,0,0.00993071,0,0,0,1,0.5,2.32498,0.671868,0.1,0.408685,0.1,0.25,0.25,10,0.348731,0.1,0.1,0.241479,0.0304,0.028339,0.000779559,0.0254685,1,0.075,4.5,114,487,295,171,1,12,0.977275,0.950147,0.0090977
410,0,1,0.9,0.9,0,0.882115,0.0425912,0,1,1,1,1,1,1,0.127369,0,0,0,0,0,0.181957,0.313576,0.75,0.1,2.23071,2.60912,2.74625,3,1,1,1,4.5,33,35,1,0.148532,0.282456,0.630137,0.882162,1,0.1,0.436051,2.97523,2,0.468373,1,2,0.65,0.65,1,0.00262269,4.71552,1,1,1,1,1,0.00313319,1,210,3.43599,1.16773,0.959577,1,10,0.00988058,0.960485,0,6.71135,0,0.155318,0,0,0,1,0.5,2.32498,0.671868,0.1,0.408685,0.1,0.25,0.25,10,0.348731,0.1,0.1,0.241479,0.0304,0.028339,0.000779559,0.0254685,1,0.075,4.5,114,487,295,171,1,12,1,1,7.84038e-14
411,0,1,0.9,1.37725,0,1.11645,0.0387927,0,1,1,1,1,1,1,1,0,0,0,0,0,1,0.903766,0.75,0.1,2.23071,2.60912,2.74625,3,1,1,1,4.5,33,35,1,0.148532,0.282456,0.630137,0.882162,1,0.1,0.436051,2.97523,2,0.468373,1,2,0.65,0.65,1,0.0152221,7.61595,1,1,1,1,1,0.000335254,1,210,3.43599,1.16773,0.959577,1,10,0.0197961,4.15377,0,0.090547,0,0.0117471,0,0,0,1,0.5,2.32498,0.671868,0.1,0.408685,0.1,0.25,0.25,10,0.348731,0.1,0.1,0.241479,0.0304,0.028339,0.000779559,0.0254685,1,0.075,4.5,114,487,295,171,1,12,1,1,7.84038e-14
412,0,1,0.9,0.936454,0,1.09245,0.0441186,0,1,1,1,1,1,1,0.330589,0,0,0,0,0,0.46169,0.97053,0.75,0.1,2.23071,2.60912,2.74625,3,1,1,1,4.5,33,35,1,0.148532,0.282456,0.630137,0.882162,1,0.1,0.436051,2.97523,2,0.468373,1,2,0.65,0.65,1,0.0032105,0.622332,1,1,1,1,1,0.82077,1,210,3.43599,1.16773,0.959577,1,10,0.0200941,2.80605,0,0.149073,0,0.0069241,0,0,0,1,0.5,2.32498,0.671868,0.1,0.408685,0.1,0.25,0.25,10,0.348731,0.1,0.1,0.241479,0.0304,0.028339,0.000779559,0.0254685,1,0.075,4.5,114,487,295,171,1,12,0.89294,0.837155,0.0149653
413,0,1,0.9,0.967334,0,0.950297,0.0358376,0,1,1,1,1,1,1,0.0378668,0,0,0,0,0,1,0.442127,0.75,0.1,2.23071,2.60912,2.74625,3,1,1,1,4.5,33,35,1,0.148532,0.282456,0.630137,0.882162,1,0.1,0.436051,2.97523,2,0.468373,1,2,0.65,0.65,1,0.33953,1.10696,1,1,1,1,1,0.0332453,1,210,3.43599,1.16773,0.959577,1,10,0.0645131,8.94486,0,0.0416523,0,0.122431,0,0,0,1,0.5,2.32498,0.671868,0.1,0.408685,0.1,0.25,0.25,10,0.348731,0.1,0.1,0.241479,0.0304,0.028339,0.000779559,0.0254685,1,0.075,4.5,114,487,295,171,1,12,1,0.892048,0
414,0,1,0.9,0.9,0,0.991163,0.0379428,0,1,1,1,1,1,1,1,0,0,0,0,0,0.0864859,0.740039,0.75,0.1,2.23071,2.60912,2.74625,3,1,1,1,4.5,33,35,1,0.148532,0.282456,0.630137,0.882162,1,0.1,0.436051,2.97523,2,0.468373,1,2,0.65,0.65,1,0.306034,1.35271,1,1,1,1,1,0.119749,1,210,3.43599,1.16773,0.959577,1,10,0.0589524,1.4594,0,0.0183193,0,0.350662,0,0,0,1,0.5,2.32498,0.671868,0.1,0.408685,0.1,0.25,0.25,10,0.348731,0.1,0.1,0.241479,0.0304,0.028339,0.000779559,0.0254685,1,0.075,4.5,114,487,295,171,1,12,1,0.849716,0
415,0,1,0.9,1.20571,0,1.27196,0.0390718,0,1,1,1,1,1,1,0.308097,0,0,0,0,0,0.21243,0.265018,0.75,0.1,2.23071,2.60912,2.74625,3,1,1,1,4.5,33,35,1,0.148532,0.282456,0.630137,0.882162,1,0.1,0.436051,2.97523,2,0.468373,1,2,0.65,0.65,1,0.00438178,0.470059,1,1,1,1,1,0.00166884,1,210,3.43599,1.16773,0.959577,1,10,0.092946,1.59645,0,0.0346193,0,0.119626,0,0,0,1,0.5,2.32498,0.671868,0.1,0.408685,0.1,0.25,0.25,10,0.348731,0.1,0.1,0.241479,0.0304,0.028339,0.000779559,0.0254685,1,0.075,4.5,114,487,295,171,1,12,1,0.822767,0
416,0,1,0.9,1.77992,0,0.92896,0.0421791,0,1,1,1,1,1,1,0.136374,0,0,0,0,0,0.170938,1,0.75,0.1,2.23071,2.60912,2.74625,3,1,1,1,4.5,33,35,1,0.148532,0.282456,0.630137,0.882162,1,0.1,0.436051,2.97523,2,0.468373,1,2,0.65,0.65,1,0.00327751,0.658441,1,1,1,1,1,0.459847,1,210,3.43599,1.16773,0.959577,1,10,0.0871982,4.13184,0,0.590253,0,0.116927,0,0,0,1,0.5,2.32498,0.671868,0.1,0.408685,0.1,0.25,0.25,10,0.348731,0.1,0.1,0.241479,0.0304,0.028339,0.000779559,0.0254685,1,0.075,4.5,114,487,295,171,1,12,0.965462,0.83773,0
417,0,1,0.9,0.9,0,1.05884,0.0387628,0,1,1,1,1,1,1,1,0,0,0,0,0,0.386995,0.257119,0.75,0.1,2.23071,2.60912,2.74625,3,1,1,1,4.5,33,35,1,0.148532,0.282456,0.630137,0.882162,1,0.1,0.436051,2.97523,2,0.468373,1,2,0.65,0.65,1,0.00405819,0.459497,1,1,1,1,1,0.00199516,1,210,3.43599,1.16773,0.959577,1,10,0.220634,1.25379,0,1.61701,0,0.0629633,0,0,0,1,0.5,2.32498,0.671868,0.1,0.408685,0.1,0.25,0.25,10,0.348731,0.1,0.1,0.241479,0.0304,0.028339,0.000779559,0.0254685,1,0.075,4.5,114,487,295,171,1,12,0.93358,0.819712,2.69243e-13
418,0,1,0.9,0.954756,0,0.955608,0.0425121,0,1,1,1,1,1,1,0.157686,0,0,0,0,0,0.472066,1,0.75,0.1,2.23071,2.60912,2.74625,3,1,1,1,4.5,33,35,1,0.148532,0.282456,0.630137,0.882162,1,0.1,0.436051,2.97523,2,0.468373,1,2,0.65,0.65,1,0.00776226,0.854819,1,1,1,1,1,0.127158,1,210,3.43599,1.16773,0.959577,1,10,0.0474626,1.2318,0,0.0861894,0,0.0891623,0,0,0,1,0.5,2.32498,0.671868,0.1,0.408685,0.1,0.25,0.25,10,0.348731,0.1,0.1,0.241479,0.0304,0.028339,0.000779559,0.0254685,1,0.075,4.5,114,487,295,171,1,12,1,0.909421,4.0572e-09
419,0,1,0.9,0.9,0,0.942466,0.0415477,0,1,1,1,1,1,1,0.276418,0,0,0,0,0,1,1,0.75,0.1,2.23071,2.60912,2.74625,3,1,1,1,4.5,33,35,1,0.148532,0.282456,0.630137,0.882162,1,0.1,0.436051,2.97523,2,0.468373,1,2,0.65,0.65,1,0.00244662,0.490881,1,1,1,1,1,1.02201,1.02201,210,3.43599,1.16773,0.959577,1,10,0.0519842,1.26472,0,0.0133807,0,0.267532,0,0,0,1,0.5,2.32498,0.671868,0.1,0.408685,0.1,0.25,0.25,10,0.348731,0.1,0.1,0.241479,0.0304,0.028339,0.000779559,0.0254685,1,0.075,4.5,114,487,295,171,1,12,1,0.660998,0
420,0,1,0.9,0.9,0,1.19821,0.0390749,0,1,1,1,1,1,1,1,0,0,0,0,0,0.60421,0.540835,0.75,0.1,2.23071,2.60912,2.74625,3,1,1,1,4.5,33,35,1,0.148532,0.282456,0.630137,0.882162,1,0.1,0.436051,2.97523,2,0.468373,1,2,0.65,0.65,1,0.0843328,7.938,1,1,1,1,1,0.742322,1,210,3.43599,1.16773,0.959577,1,10,0.0428145,4.25754,0,1.01654,0,0.453377,0,0,0,1,0.5,2.32498,0.671868,0.1,0.408685,0.1,0.25,0.25,10,0.348731,0.1,0.1,0.241479,0.0304,0.028339,0.000779559,0.0254685,1,0.075,4.5,114,487,295,171,1,12,0.934639,0.914948,0.00119048
421,0,1,0.9,0.9,0,1.00576,0.0394775,0,1,1,1,1,1,1,0.386671,0,0,0,0,0,0.471748,1,0.75,0.1,2.23071,2.60912,2.74625,3,1,1,1,4.5,33,35,1,0.148532,0.282456,0.630137,0.882162,1,0.1,0.436051,2.97523,2,0.468373,1,2,0.65,0.65,1,0.000888736,0.216651,1,1,1,1,1,0.0289362,1,210,3.43599,1.16773,0.959577,1,10,0.0688981,1.55646,0,0.00401324,0,0.00206021,0,0,0,1,0.5,2.32498,0.671868,0.1,0.408685,0.1,0.25,0.25,10,0.348731,0.1,0.1,0.241479,0.0304,0.028339,0.000779559,0.0254685,1,0.075,4.5,114,487,295,171,1,12,1,0.739179,0.000179637
422,0,1,0.9,0.9,0,1.03776,0.0427153,0,1,1,1,1,1,1,0.577133,0,0,0,0,0,0.525794,0.167814,0.75,0.1,2.23071,2.60912,2.74625,3,1,1,1,4.5,33,35,1,0.148532,0.282456,0.630137,0.882162,1,0.1,0.436051,2.97523,2,0.468373,1,2,0.65,0.65,1,0.00114388,0.882415,1,1,1,1,1,0.345992,1,210,3.43599,1.16773,0.959577,1,10,0.0176802,2.80376,0,0.0634617,0,0.144558,0,0,0,1,0.5,2.32498,0.671868,0.1,0.408685,0.1,0.25,0.25,10,0.348731,0.1,0.1,0.241479,0.0304,0.028339,0.000779559,0.0254685,1,0.075,4.5,114,487,295,171,1,12,0.952499,0.914982,5.26041e-13
423,0,1,0.9,10.5543,0,0.909734,0.0384415,0,1,1,1,1,1,1,0.340402,0,0,0,0,0,0.0875555,0.285485,0.75,0.1,2.23071,2.60912,2.74625,3,1,1,1,4.5,33,35,1,0.148532,0.282456,0.630137,0.882162,1,0.1,0.436051,2.97523,2,0.468373,1,2,0.65,0.65,1,0.0166921,0.624031,1,1,1,1,1,0.0439833,1,210,3.43599,1.16773,0.959577,1,10,0.0252897,0.611593,0,0.0146733,0,0.025273,0,0,0,1,0.5,2.32498,0.671868,0.1,0.408685,0.1,0.25,0.25,10,0.348731,0.1,0.1,0.241479,0.0304,0.028339,0.000779559,0.0254685,1,0.075,4.5,114,487,295,171,1,12,0.934382,0.97213,6.93088e-09
424,0,1,0.9,1.50853,0,1.03542,0.0424455,0,1,1,1,1,1,1,0.0906139,0,0,0,0,0,0.449388,0.143189,0.75,0.1,2.23071,2.60912,2.74625,3,1,1,1,4.5,33,35,1,0.148532,0.282456,0.630137,0.882162,1,0.1,0.436051,2.97523,2,0.468373,1,2,0.65,0.65,1,0.00476754,0.904457,1,1,1,1,1,0.0186293,1,210,3.43599,1.16773,0.959577,1,10,0.0765318,2.49257,0,0.0534273,0,0.277907,0,0,0,1,0.5,2.32498,0.671868,0.1,0.408685,0.1,0.25,0.25,10,0.348731,0.1,0.1,0.241479,0.0304,0.028339,0.000779559,0.0254685,1,0.075,4.5,114,487,295,171,1,12,1,0.917012,0
425,0,1,0.9,1.26542,0,0.867652,0.0382591,0,1,1,1,1,1,1,0.183832,0,0,0,0,0,1,0.958169,0.75,0.1,2.23071,2.60912,2.74625,3,1,1,1,4.5,33,35,1,0.148532,0.282456,0.630137,0.882162,1,0.1,0.436051,2.97523,2,0.468373,1,2,0.65,0.65,1,0.016091,0.543487,1,1,1,1,1,0.0128229,1,210,3.43599,1.16773,0.959577,1,10,0.045001,1.12015,0,0.150466,0,1.7158,0,0,0,1,0.5,2.32498,0.671868,0.1,0.408685,0.1,0.25,0.25,10,0.348731,0.1,0.1,0.241479,0.0304,0.028339,0.000779559,0.0254685,1,0.075,4.5,114,487,295,171,1,12,0.904263,0.985441,5.19942e-14
426,0,1,0.9,0.9,0,0.874568,0.0495253,0,1,1,1,1,1,1,1,0,0,0,0,0,0.838746,0.869046,0.75,0.1,2.23071,2.60912,2.74625,3,1,1,1,4.5,33,35,1,0.148532,0.282456,0.630137,0.882162,1,0.1,0.436051,2.97523,2,0.468373,1,2,0.65,0.65,1,0.00794918,3.30687,1,1,1,1,1,0.000835864,1,210,3.43599,1.16773,0.959577,1,10,0.0133802,5.47594,0,7.53473,0,0.0990112,0,0,0,1,0.5,2.32498,0.671868,0.1,0.408685,0.1,0.25,0.25,10,0.348731,0.1,0.1,0.241479,0.0304,0.028339,0.000779559,0.0254685,1,0.075,4.5,114,487,295,171,1,12,0.999786,0.860831,0.0149653
427,0,1,0.9,1.35871,0,1.01845,0.0377128,0,1,1,1,1,1,1,0.41407,0,0,0,0,0,1,0.291425,0.75,0.1,2.23071,2.60912,2.74625,3,1,1,1,4.5,33,35,1,0.148532,0.282456,0.630137,0.882162,1,0.1,0.436051,2.97523,2,0.468373,1,2,0.65,0.65,1,0.0011883,2.3918,1,1,1,1,1,0.0023922,1,210,3.43599,1.16773,0.959577,1,10,0.192093,2.01307,0,1.4224,0,0.0606704,0,0,0,1,0.5,2.32498,0.671868,0.1,0.408685,0.1,0.25,0.25,10,0.348731,0.1,0.1,0.241479,0.0304,0.028339,0.000779559,0.0254685,1,0.075,4.5,114,487,295,171,1,12,1,0.885211,7.65957e-14
428,0,1,0.9,1.33538,0,0.944002,0.0393713,0,1,1,1,1,1,1,0.656311,0,0,0,0,0,1,0.343561,0.75,0.1,2.23071,2.60912,2.74625,3,1,1,1,4.5,33,35,1,0.148532,0.282456,0.630137,0.882162,1,0.1,0.436051,2.97523,2,0.468373,1,2,0.65,0.65,1,0.0186598,1.3208,1,1,1,1,1,0.0710405,1,210,3.43599,1.16773,0.959577,1,10,0.0473544,1.73671,0,0.102032,0,0.302198,0,0,0,1,0.5,2.32498,0.671868,0.1,0.408685,0.1,0.25,0.25,10,0.348731,0.1,0.1,0.241479,0.0304,0.028339,0.000779559,0.0254685,1,0.075,4.5,114,487,295,171,1,12,0.760313,1,0.00119048
429,0,1,0.9,0.9,0,1.09667,0.0379768,0,1,1,1,1,1,1,1,0,0,0,0,0,0.199237,0.876402,0.75,0.1,2.23071,2.60912,2.74625,3,1,1,1,4.5,33,35,1,0.148532,0.282456,0.630137,0.882162,1,0.1,0.436051,2.97523,2,0.468373,1,2,0.65,0.65,1,0.00755685,0.907402,1,1,1,1,1,0.00239102,1,210,3.43599,1.16773,0.959577,1,10,0.0294422,3.04275,0,0.251679,0,0.00394108,0,0,0,1,0.5,2.32498,0.671868,0.1,0.408685,0.1,0.25,0.25,10,0.348731,0.1,0.1,0.241479,0.0304,0.028339,0.000779559,0.0254685,1,0.075,4.5,114,487,295,171,1,12,0.949348,0.871301,0.0122678
430,0,1,0.9,0.9,0,0.924796,0.0441779,0,1,1,1,1,1,1,0.130678,0,0,0,0,0,0.181583,0.174332,0.75,0.1,2.23071,2.60912,2.74625,3,1,1,1,4.5,33,35,1,0.148532,0.282456,0.630137,0.882162,1,0.1,0.436051,2.97523,2,0.468373,1,2,0.65,0.65,1,0.0318572,10.516,1,1,1,1,1,0.0141389,1,210,3.43599,1.16773,0.959577,1,10,0.0210935,14.289,0,0.0128699,0,0.195063,0,0,0,1,0.5,2.32498,0.671868,0.1,0.408685,0.1,0.25,0.25,10,0.348731,0.1,0.1,0.241479,0.0304,0.028339,0.000779559,0.0254685,1,0.075,4.5,114,487,295,171,1,12,1,0.874107,0.00263158
431,0,1,0.9,1.10244,0,1.10693,0.0356911,0,1,1,1,1,1,1,0.435849,0,0,0,0,0,1,0.387641,0.75,0.1,2.23071,2.60912,2.74625,3,1,1,1,4.5,33,35,1,0.148532,0.282456,0.630137,0.882162,1,0.1,0.436051,2.97523,2,0.468373,1,2,0.65,0.65,1,0.00210207,0.448756,1,1,1,1,1,0.32412,1,210,3.43599,1.16773,0.959577,1,10,0.0544625,6.9326,0,0.163516,0,0.498988,0,0,0,1,0.5,2.32498,0.671868,0.1,0.408685,0.1,0.25,0.25,10,0.348731,0.1,0.1,0.241479,0.0304,0.028339,0.000779559,0.0254685,1,0.075,4.5,114,487,295,171,1,12,0.99374,0.814452,0
432,0,1,0.9,0.9,0,0.980792,0.0425131,0,1,1,1,1,1,1,0.454516,0,0,0,0,0,1,0.268,0.75,0.1,2.23071,2.60912,2.74625,3,1,1,1,4.5,33,35,1,0.148532,0.282456,0.630137,0.882162,1,0.1,0.436051,2.97523,2,0.468373,1,2,0.65,0.65,1,0.0376342,1.17014,1,1,1,1,1,0.0783097,1,210,3.43599,1.16773,0.959577,1,10,0.0449028,2.3641,0,0.323259,0,0.0229011,0,0,0,1,0.5,2.32498,0.671868,0.1,0.408685,0.1,0.25,0.25,10,0.348731,0.1,0.1,0.241479,0.0304,0.028339,0.000779559,0.0254685,1,0.075,4.5,114,487,295,171,1,12,1,0.894244,4.0572e-09
433,0,1,0.9,0.9,0,0.936395,0.0337372,0,1,1,1,1,1,1,0.66776,0,0,0,0,0,0.110157,0.39977,0.75,0.1,2.23071,2.60912,2.74625,3,1,1,1,4.5,33,35,1,0.148532,0.282456,0.630137,0.882162,1,0.1,0.436051,2.97523,2,0.468373,1,2,0.65,0.65,1,0.154145,0.80664,1,1,1,1,1,0.0254732,1,210,3.43599,1.16773,0.959577,1,10,0.0507022,1.78628,0,0.0564663,0,0.0386635,0,0,0,1,0.5,2.32498,0.671868,0.1,0.408685,0.1,0.25,0.25,10,0.348731,0.1,0.1,0.241479,0.0304,0.028339,0.000779559,0.0254685,1,0.075,4.5,114,487,295,171,1,12,1,0.835031,0
434,0,1,0.9,0.9,0,0.962804,0.0413029,0,1,1,1,1,1,1,0.892294,0,0,0,0,0,0.036818,0.430348,0.75,0.1,2.23071,2.60912,2.74625,3,1,1,1,4.5,33,35,1,0.148532,0.282456,0.630137,0.882162,1,0.1,0.436051,2.97523,2,0.468373,1,2,0.65,0.65,1,0.002069,0.638294,1,1,1,1,1,0.107663,1,210,3.43599,1.16773,0.959577,1,10,0.0512237,2.84049,0,0.123768,0,0.0287934,0,0,0,1,0.5,2.32498,0.671868,0.1,0.408685,0.1,0.25,0.25,10,0.348731,0.1,0.1,0.241479,0.0304,0.028339,0.000779559,0.0254685,1,0.075,4.5,114,487,295,171,1,12,1,1,0
435,0,1,0.9,0.9,0,1.18438,0.0374242,0,1,1,1,1,1,1,0.316639,0,0,0,0,0,0.169934,0.231052,0.75,0.1,2.23071,2.60912,2.74625,3,1,1,1,4.5,33,35,1,0.148532,0.282456,0.630137,0.882162,1,0.1,0.436051,2.97523,2,0.468373,1,2,0.65,0.65,1,0.205166,0.711102,1,1,1,1,1,0.000920478,1,210,3.43599,1.16773,0.959577,1,10,0.0283833,2.41918,0,1.0532,0,0.166838,0,0,0,1,0.5,2.32498,0.671868,0.1,0.408685,0.1,0.25,0.25,10,0.348731,0.1,0.1,0.241479,0.0304,0.028339,0.000779559,0.0254685,1,0.075,4.5,114,487,295,171,1,12,1,0.921364,0
436,0,1,0.9,0.956132,0,1.07361,0.0476579,0,1,1,1,1,1,1,0.314182,0,0,0,0,0,1,0.287459,0.75,0.1,2.23071,2.60912,2.74625,3,1,1,1,4.5,33,35,1,0.148532,0.282456,0.630137,0.882162,1,0.1,0.436051,2.97523,2,0.468373,1,2,0.65,0.65,1,0.0174539,0.495411,1,1,1,1,1,0.0771379,1,210,3.43599,1.16773,0.959577,1,10,0.0189237,1.03837,0,0.0149489,0,1.73805,0,0,0,1,0.5,2.32498,0.671868,0.1,0.408685,0.1,0.25,0.25,10,0.348731,0.1,0.1,0.241479,0.0304,0.028339,0.000779559,0.0254685,1,0.075,4.5,114,487,295,171,1,12,1,0.893417,4.0572e-09
437,0,1,0.9,1.07727,0,1.11613,0.0382599,0,1,1,1,1,1,1,0.117819,0,0,0,0,0,0.394295,0.276319,0.75,0.1,2.23071,2.60912,2.74625,3,1,1,1,4.5,33,35,1,0.148532,0.282456,0.630137,0.882162,1,0.1,0.436051,2.97523,2,0.468373,1,2,0.65,0.65,1,0.116995,1.21784,1,1,1,1,1,0.0632046,1,210,3.43599,1.16773,0.959577,1,10,0.0278529,1.55738,0,2.46069,0,0.194904,0,0,0,1,0.5,2.32498,0.671868,0.1,0.408685,0.1,0.25,0.25,10,0.348731,0.1,0.1,0.241479,0.0304,0.028339,0.000779559,0.0254685,1,0.075,4.5,114,487,295,171,1,12,1,0.772564,0
438,0,1,0.9,3.01247,0,1.15359,0.0409487,0,1,1,1,1,1,1,0.218623,0,0,0,0,0,0.301628,0.364785,0.75,0.1,2.23071,2.60912,2.74625,3,1,1,1,4.5,33,35,1,0.148532,0.282456,0.630137,0.882162,1,0.1,0.436051,2.97523,2,0.468373,1,2,0.65,0.65,1,0.00460475,0.799749,1,1,1,1,1,0.00152209,1,210,3.43599,1.16773,0.959577,1,10,0.0128756,1.18348,0,9.64081,0,0.052075,0,0,0,1,0.5,2.32498,0.671868,0.1,0.408685,0.1,0.25,0.25,10,0.348731,0.1,0.1,0.241479,0.0304,0.028339,0.000779559,0.0254685,1,0.075,4.5,114,487,295,171,1,12,0.894762,0.959067,0.0117951
439,0,1,0.9,0.9,0,1.22907,0.0394228,0,1,1,1,1,1,1,1,0,0,0,0,0,0.702672,0.346741,0.75,0.1,2.23071,2.60912,2.74625,3,1,1,1,4.5,33,35,1,0.148532,0.282456,0.630137,0.882162,1,0.1,0.436051,2.97523,2,0.468373,1,2,0.65,0.65,1,0.559466,0.559466,1,1,1,1,1,0.674103,1,210,3.43599,1.16773,0.959577,1,10,0.00845289,0.196166,0,0.0715095,0,0.0230093,0,0,0,1,0.5,2.32498,0.671868,0.1,0.408685,0.1,0.25,0.25,10,0.348731,0.1,0.1,0.241479,0.0304,0.028339,0.000779559,0.0254685,1,0.075,4.5,114,487,295,171,1,12,0.882287,0.997378,2.08e-13
440,0,1,0.9,0.9,0,1.12167,0.03754,0,1,1,1,1,1,1,0.813884,0,0,0,0,0,0.167642,0.343254,0.75,0.1,2.23071,2.60912,2.74625,3,1,1,1,4.5,33,35,1,0.148532,0.282456,0.630137,0.882162,1,0.1,0.436051,2.97523,2,0.468373,1,2,0.65,0.65,1,0.0234938,3.20441,1,1,1,1,1,0.00217311,1,210,3.43599,1.16773,0.959577,1,10,0.0398023,4.48296,0,0.41115,0,0.0159771,0,0,0,1,0.5,2.32498,0.671868,0.1,0.408685,0.1,0.25,0.25,10,0.348731,0.1,0.1,0.241479,0.0304,0.028339,0.000779559,0.0254685,1,0.075,4.5,114,487,295,171,1,12,1,0.906181,1.60209e-13
441,0,1,0.9,1.20616,0,1.03564,0.0365529,0,1,1,1,1,1,1,0.925603,0,0,0,0,0,1,0.245337,0.75,0.1,2.23071,2.60912,2.74625,3,1,1,1,4.5,33,35,1,0.148532,0.282456,0.630137,0.882162,1,0.1,0.436051,2.97523,2,0.468373,1,2,0.65,0.65,1,0.018965,2.48509,1,1,1,1,1,0.230848,1,210,3.43599,1.16773,0.959577,1,10,0.0173516,0.347055,0,0.238609,0,0.0942338,0,0,0,1,0.5,2.32498,0.671868,0.1,0.408685,0.1,0.25,0.25,10,0.348731,0.1,0.1,0.241479,0.0304,0.028339,0.000779559,0.0254685,1,0.075,4.5,114,487,295,171,1,12,0.958924,0.939553,6.93088e-09
442,0,1,0.9,1.63219,0,0.964413,0.0372884,0,1,1,1,1,1,1,0.10648,0,0,0,0,0,0.382157,0.0944611,0.75,0.1,2.23071,2.60912,2.74625,3,1,1,1,4.5,33,35,1,0.148532,0.282456,0.630137,0.882162,1,0.1,0.436051,2.97523,2,0.468373,1,2,0.65,0.65,1,0.000641102,7.97174,1,1,1,1,1,0.0249375,1,210,3.43599,1.16773,0.959577,1,10,0.25816,0.572591,0,0.169826,0,0.0729578,0,0,0,1,0.5,2.32498,0.671868,0.1,0.408685,0.1,0.25,0.25,10,0.348731,0.1,0.1,0.241479,0.0304,0.028339,0.000779559,0.0254685,1,0.075,4.5,114,487,295,171,1,12,0.954429,0.789927,7.15591e-14
443,0,1,0.9,0.9,0,1.12936,0.044575,0,1,1,1,1,1,1,0.218282,0,0,0,0,0,0.602753,0.527099,0.75,0.1,2.23071,2.60912,2.74625,3,1,1,1,4.5,33,35,1,0.148532,0.282456,0.630137,0.882162,1,0.1,0.436051,2.97523,2,0.468373,1,2,0.65,0.65,1,0.0698456,1.22199,1,1,1,1,1,0.017439,1,210,3.43599,1.16773,0.959577,1,10,0.00440508,4.65569,0,0.0269829,0,1.97351,0,0,0,1,0.5,2.32498,0.671868,0.1,0.408685,0.1,0.25,0.25,10,0.348731,0.1,0.1,0.241479,0.0304,0.028339,0.000779559,0.0254685,1,0.075,4.5,114,487,295,171,1,12,1,0.970831,0
444,0,1,0.9,0.924985,0,0.862556,0.0388113,0,1,1,1,1,1,1,0.128751,0,0,0,0,0,0.23081,1,0.75,0.1,2.23071,2.60912,2.74625,3,1,1,1,4.5,33,35,1,0.148532,0.282456,0.630137,0.882162,1,0.1,0.436051,2.97523,2,0.468373,1,2,0.65,0.65,1,0.121541,0.724171,1,1,1,1,1,0.0162802,1,210,3.43599,1.16773,0.959577,1,10,0.220606,3.82121,0,0.102864,0,0.0986039,0,0,0,1,0.5,2.32498,0.671868,0.1,0.408685,0.1,0.25,0.25,10,0.348731,0.1,0.1,0.241479,0.0304,0.028339,0.000779559,0.0254685,1,0.075,4.5,114,487,295,171,1,12,1,0.819573,0
445,0,1,0.9,5.18734,0,1.08812,0.0418687,0,1,1,1,1,1,1,1,0,0,0,0,0,0.883278,0.146453,0.75,0.1,2.23071,2.60912,2.74625,3,1,1,1,4.5,33,35,1,0.148532,0.282456,0.630137,0.882162,1,0.1,0.436051,2.97523,2,0.468373,1,2,0.65,0.65,1,0.00234972,0.148556,1,1,1,1,1,0.0202323,1,210,3.43599,1.16773,0.959577,1,10,0.143008,0.958746,0,0.939837,0,0.120737,0,0,0,1,0.5,2.32498,0.671868,0.1,0.408685,0.1,0.25,0.25,10,0.348731,0.1,0.1,0.241479,0.0304,0.028339,0.000779559,0.0254685,1,0.075,4.5,114,487,295,171,1,12,0.957803,1,6.93088e-09
446,0,1,0.9,0.9,0,1.13642,0.0406006,0,1,1,1,1,1,1,0.319738,0,0,0,0,0,1,0.654783,0.75,0.1,2.23071,2.60912,2.74625,3,1,1,1,4.5,33,35,1,0.148532,0.282456,0.630137,0.882162,1,0.1,0.436051,2.97523,2,0.468373,1,2,0.65,0.65,1,0.00200137,0.368787,1,1,1,1,1,0.00538099,1,210,3.43599,1.16773,0.959577,1,10,0.0448831,0.29389,0,1.12989,0,0.0234281,0,0,0,1,0.5,2.32498,0.671868,0.1,0.408685,0.1,0.25,0.25,10,0.348731,0.1,0.1,0.241479,0.0304,0.028339,0.000779559,0.0254685,1,0.075,4.5,114,487,295,171,1,12,1,1,0.000179637
447,0,1,0.9,0.9,0,0.998162,0.0414794,0,1,1,1,1,1,1,0.481758,0,0,0,0,0,0.4541,0.553542,0.75,0.1,2.23071,2.60912,2.74625,3,1,1,1,4.5,33,35,1,0.148532,0.282456,0.630137,0.882162,1,0.1,0.436051,2.97523,2,0.468373,1,2,0.65,0.65,1,0.0123048,1.16591,1,1,1,1,1,0.00897004,1,210,3.43599,1.16773,0.959577,1,10,0.0196652,0.358657,0,0.0381868,0,0.222327,0,0,0,1,0.5,2.32498,0.671868,0.1,0.408685,0.1,0.25,0.25,10,0.348731,0.1,0.1,0.241479,0.0304,0.028339,0.000779559,0.0254685,1,0.075,4.5,114,487,295,171,1,12,0.827849,0.902454,0.00916667
448,0,1,0.9,4.33371,0,0.960411,0.0384885,0,1,1,1,1,1,1,0.49048,0,0,0,0,0,0.100172,0.276014,0.75,0.1,2.23071,2.60912,2.74625,3,1,1,1,4.5,33,35,1,0.148532,0.282456,0.630137,0.882162,1,0.1,0.436051,2.97523,2,0.468373,1,2,0.65,0.65,1,0.194511,0.358208,1,1,1,1,1,0.0115975,1,210,3.43599,1.16773,0.959577,1,10,0.00904997,0.453072,0,0.322767,0,0.149614,0,0,0,1,0.5,2.32498,0.671868,0.1,0.408685,0.1,0.25,0.25,10,0.348731,0.1,0.1,0.241479,0.0304,0.028339,0.000779559,0.0254685,1,0.075,4.5,114,487,295,171,1,12,0.945444,0.830016,0
449,0,1,0.9,0.9,0,0.892788,0.0398885,0,1,1,1,1,1,1,0.150173,0,0,0,0,0,0.178119,0.0915584,0.75,0.1,2.23071,2.60912,2.74625,3,1,1,1,4.5,33,35,1,0.148532,0.282456,0.630137,0.882162,1,0.1,0.436051,2.97523,2,0.468373,1,2,0.65,0.65,1,0.0374891,8.3466,1,1,1,1,1,0.20677,1,210,3.43599,1.16773,0.959577,1,10,0.0965812,0.943951,0,0.733152,0,0.00456995,0,0,0,1,0.5,2.32498,0.671868,0.1,0.408685,0.1,0.25,0.25,10,0.348731,0.1,0.1,0.241479,0.0304,0.028339,0.000779559,0.0254685,1,0.075,4.5,114,487,295,171,1,12,0.909734,0.894443,2.26075e-13
450,0,1,0.9,0.9,0,0.956517,0.0412702,0,1,1,1,1,1,1,0.81717,0,0,0,0,0,0.65859,1,0.75,0.1,2.23071,2.60912,2.74625,3,1,1,1,4.5,33,35,1,0.148532,0.282456,0.630137,0.882162,1,0.1,0.436051,2.97523,2,0.468373,1,2,0.65,0.65,1,0.00149853,0.740289,1,1,1,1,1,0.00406336,1,210,3.43599,1.16773,0.959577,1,10,0.0383355,0.0803211,0,3.70717,0,0.0274849,0,0,0,1,0.5,2.32498,0.671868,0.1,0.408685,0.1,0.25,0.25,10,0.348731,0.1,0.1,0.241479,0.0304,0.028339,0.000779559,0.0254685,1,0.075,4.5,114,487,295,171,1,12,1,0.990642,0.000179637
451,0,1,0.9,0.9,0,0.857354,0.0401697,0,1,1,1,1,1,1,0.488896,0,0,0,0,0,0.365281,0.20517,0.75,0.1,2.23071,2.60912,2.74625,3,1,1,1,4.5,33,35,1,0.148532,0.282456,0.630137,0.882162,1,0.1,0.436051,2.97523,2,0.468373,1,2,0.65,0.65,1,0.0832222,6.22869,1,1,1,1,1,0.0546258,1,210,3.43599,1.16773,0.959577,1,10,0.0331875,3.17551,0,0.683898,0,0.882357,0,0,0,1,0.5,2.32498,0.671868,0.1,0.408685,0.1,0.25,0.25,10,0.348731,0.1,0.1,0.241479,0.0304,0.028339,0.000779559,0.0254685,1,0.075,4.5,114,487,295,171,1,12,1,0.836327,0.00119048
452,0,1,0.9,0.9,0,1.00696,0.0400054,0,1,1,1,1,1,1,0.690248,0,0,0,0,0,1,0.152947,0.75,0.1,2.23071,2.60912,2.74625,3,1,1,1,4.5,33,35,1,0.148532,0.282456,0.630137,0.882162,1,0.1,0.436051,2.97523,2,0.468373,1,2,0.65,0.65,1,0.0145814,0.372447,1,1,1,1,1,0.0884718,1,210,3.43599,1.16773,0.959577,1,10,0.199315,1.00465,0,0.00419566,0,0.00223867,0,0,0,1,0.5,2.32498,0.671868,0.1,0.408685,0.1,0.25,0.25,10,0.348731,0.1,0.1,0.241479,0.0304,0.028339,0.000779559,0.0254685,1,0.075,4.5,114,487,295,171,1,12,1,0.831785,0.000179637
453,0,1,0.9,0.9,0,0.921007,0.0358534,0,1,1,1,1,1,1,1,0,0,0,0,0,0.138714,0.77954,0.75,0.1,2.23071,2.60912,2.74625,3,1,1,1,4.5,33,35,1,0.148532,0.282456,0.630137,0.882162,1,0.1,0.436051,2.97523,2,0.468373,1,2,0.65,0.65,1,0.0033675,6.88057,1,1,1,1,1,0.002773,1,210,3.43599,1.16773,0.959577,1,10,0.177557,1.30601,0,0.0663954,0,0.0281383,0,0,0,1,0.5,2.32498,0.671868,0.1,0.408685,0.1,0.25,0.25,10,0.348731,0.1,0.1,0.241479,0.0304,0.028339,0.000779559,0.0254685,1,0.075,4.5,114,487,295,171,1,12,0.973721,0.927883,0
454,0,1,0.9,2.4177,0,1.09465,0.0437615,0,1,1,1,1,1,1,0.350251,0,0,0,0,0,1,0.469006,0.75,0.1,2.23071,2.60912,2.74625,3,1,1,1,4.5,33,35,1,0.148532,0.282456,0.630137,0.882162,1,0.1,0.436051,2.97523,2,0.468373,1,2,0.65,0.65,1,0.266294,3.2146,1,1,1,1,1,1.06426,1.06426,210,3.43599,1.16773,0.959577,1,10,0.0833454,0.969986,0,0.0598541,0,0.0255966,0,0,0,1,0.5,2.32498,0.671868,0.1,0.408685,0.1,0.25,0.25,10,0.348731,0.1,0.1,0.241479,0.0304,0.028339,0.000779559,0.0254685,1,0.075,4.5,114,487,295,171,1,12,0.953532,0.95485,0
455,0,1,0.9,3.2562,0,0.90586,0.0432555,0,1,1,1,1,1,1,1,0,0,0,0,0,0.659002,0.168069,0.75,0.1,2.23071,2.60912,2.74625,3,1,1,1,4.5,33,35,1,0.148532,0.282456,0.630137,0.882162,1,0.1,0.436051,2.97523,2,0.468373,1,2,0.65,0.65,1,0.0143028,0.632256,1,1,1,1,1,0.000997989,1,210,3.43599,1.16773,0.959577,1,10,0.0059715,1.80762,0,0.103337,0,0.505802,0,0,0,1,0.5,2.32498,0.671868,0.1,0.408685,0.1,0.25,0.25,10,0.348731,0.1,0.1,0.241479,0.0304,0.028339,0.000779559,0.0254685,1,0.075,4.5,114,487,295,171,1,12,1,0.909182,0
456,0,1,0.9,0.9,0,0.978018,0.0332844,0,1,1,1,1,1,1,0.0431893,0,0,0,0,0,1,0.639429,0.75,0.1,2.23071,2.60912,2.74625,3,1,1,1,4.5,33,35,1,0.148532,0.282456,0.630137,0.882162,1,0.1,0.436051,2.97523,2,0.468373,1,2,0.65,0.65,1,0.0142713,1.07819,1,1,1,1,1,0.0484244,1,210,3.43599,1.16773,0.959577,1,10,0.0818204,1.39081,0,0.100784,0,0.00715952,0,0,0,1,0.5,2.32498,0.671868,0.1,0.408685,0.1,0.25,0.25,10,0.348731,0.1,0.1,0.241479,0.0304,0.028339,0.000779559,0.0254685,1,0.075,4.5,114,487,295,171,1,12,0.853151,0.737923,4.92263e-12
457,0,1,0.9,2.25918,0,1.09467,0.0440846,0,1,1,1,1,1,1,0.747658,0,0,0,0,0,0.0969954,0.0744452,0.75,0.1,2.23071,2.60912,2.74625,3,1,1,1,4.5,33,35,1,0.148532,0.282456,0.630137,0.882162,1,0.1,0.436051,2.97523,2,0.468373,1,2,0.65,0.65,1,0.00290276,0.513117,1,1,1,1,1,0.00270241,1,210,3.43599,1.16773,0.959577,1,10,0.116255,2.51955,0,1.928,0,0.342493,0,0,0,1,0.5,2.32498,0.671868,0.1,0.408685,0.1,0.25,0.25,10,0.348731,0.1,0.1,0.241479,0.0304,0.028339,0.000779559,0.0254685,1,0.075,4.5,114,487,295,171,1,12,0.977598,0.732319,0
458,0,1,0.9,0.962291,0,0.942537,0.0416713,0,1,1,1,1,1,1,0.0801926,0,0,0,0,0,0.206287,1,0.75,0.1,2.23071,2.60912,2.74625,3,1,1,1,4.5,33,35,1,0.148532,0.282456,0.630137,0.882162,1,0.1,0.436051,2.97523,2,0.468373,1,2,0.65,0.65,1,0.147417,0.367997,1,1,1,1,1,0.0532429,1,210,3.43599,1.16773,0.959577,1,10,0.0165287,11.3317,0,0.294462,0,0.0126916,0,0,0,1,0.5,2.32498,0.671868,0.1,0.408685,0.1,0.25,0.25,10,0.348731,0.1,0.1,0.241479,0.0304,0.028339,0.000779559,0.0254685,1,0.075,4.5,114,487,295,171,1,12,0.986389,0.859445,0
459,0,1,0.9,0.9,0,0.941748,0.0426173,0,1,1,1,1,1,1,0.163132,0,0,0,0,0,1,0.646661,0.75,0.1,2.23071,2.60912,2.74625,3,1,1,1,4.5,33,35,1,0.148532,0.282456,0.630137,0.882162,1,0.1,0.436051,2.97523,2,0.468373,1,2,0.65,0.65,1,0.00367101,0.263024,1,1,1,1,1,0.0215762,1,210,3.43599,1.16773,0.959577,1,10,0.014272,0.206002,0,12.0471,0,0.0405559,0,0,0,1,0.5,2.32498,0.671868,0.1,0.408685,0.1,0.25,0.25,10,0.348731,0.1,0.1,0.241479,0.0304,0.028339,0.000779559,0.0254685,1,0.075,4.5,114,487,295,171,1,12,0.978429,0.857001,0.000179637
460,0,1,0.9,3.47109,0,1.14218,0.0341863,0,1,1,1,1,1,1,0.0597732,0,0,0,0,0,0.215305,0.430468,0.75,0.1,2.23071,2.60912,2.74625,3,1,1,1,4.5,33,35,1,0.148532,0.282456,0.630137,0.882162,1,0.1,0.436051,2.97523,2,0.468373,1,2,0.65,0.65,1,0.000240935,2.85841,1,1,1,1,1,0.0196366,1,210,3.43599,1.16773,0.959577,1,10,0.064702,2.56236,0,0.583492,0,0.000415635,0,0,0,1,0.5,2.32498,0.671868,0.1,0.408685,0.1,0.25,0.25,10,0.348731,0.1,0.1,0.241479,0.0304,0.028339,0.000779559,0.0254685,1,0.075,4.5,114,487,295,171,1,12,0.861936,0.848911,0
461,0,1,0.9,0.9,0,1.00424,0.0400508,0,1,1,1,1,1,1,0.686549,0,0,0,0,0,1,0.221604,0.75,0.1,2.23071,2.60912,2.74625,3,1,1,1,4.5,33,35,1,0.148532,0.282456,0.630137,0.882162,1,0.1,0.436051,2.97523,2,0.468373,1,2,0.65,0.65,1,0.00307694,3.99572,1,1,1,1,1,0.00995998,1,210,3.43599,1.16773,0.959577,1,10,0.00769682,0.383769,0,0.15353,0,1.0923,0,0,0,1,0.5,2.32498,0.671868,0.1,0.408685,0.1,0.25,0.25,10,0.348731,0.1,0.1,0.241479,0.0304,0.028339,0.000779559,0.0254685,1,0.075,4.5,114,487,295,171,1,12,0.910577,0.826842,4.04524e-13
462,0,1,0.9,0.9,0,1.3861,0.0428919,0,1,1,1,1,1,1,0.162984,0,0,0,0,0,0.54808,0.60435,0.75,0.1,2.23071,2.60912,2.74625,3,1,1,1,4.5,33,35,1,0.148532,0.282456,0.630137,0.882162,1,0.1,0.436051,2.97523,2,0.468373,1,2,0.65,0.65,1,0.000395218,0.532507,1,1,1,1,1,0.100781,1,210,3.43599,1.16773,0.959577,1,10,0.0556286,10.3037,0,1.25096,0,0.0144002,0,0,0,1,0.5,2.32498,0.671868,0.1,0.408685,0.1,0.25,0.25,10,0.348731,0.1,0.1,0.241479,0.0304,0.028339,0.000779559,0.0254685,1,0.075,4.5,114,487,295,171,1,12,1,0.797848,0
463,0,1,0.9,0.9,0,0.994155,0.0330608,0,1,1,1,1,1,1,0.386158,0,0,0,0,0,1,1,0.75,0.1,2.23071,2.60912,2.74625,3,1,1,1,4.5,33,35,1,0.148532,0.282456,0.630137,0.882162,1,0.1,0.436051,2.97523,2,0.468373,1,2,0.65,0.65,1,0.00521846,0.401347,1,1,1,1,1,0.0186841,1,210,3.43599,1.16773,0.959577,1,10,0.0171882,1.51582,0,0.0758204,0,0.00685141,0,0,0,1,0.5,2.32498,0.671868,0.1,0.408685,0.1,0.25,0.25,10,0.348731,0.1,0.1,0.241479,0.0304,0.028339,0.000779559,0.0254685,1,0.075,4.5,114,487,295,171,1,12,0.953665,0.88315,0.0044812
464,0,1,0.9,0.9,0,0.96186,0.0356333,0,1,1,1,1,1,1,0.462165,0,0,0,0,0,1,0.19323,0.75,0.1,2.23071,2.60912,2.74625,3,1,1,1,4.5,33,35,1,0.148532,0.282456,0.630137,0.882162,1,0.1,0.436051,2.97523,2,0.468373,1,2,0.65,0.65,1,0.316316,5.46882,1,1,1,1,1,0.0244099,1,210,3.43599,1.16773,0.959577,1,10,0.113381,0.436821,0,0.0881394,0,0.106155,0,0,0,1,0.5,2.32498,0.671868,0.1,0.408685,0.1,0.25,0.25,10,0.348731,0.1,0.1,0.241479,0.0304,0.028339,0.000779559,0.0254685,1,0.075,4.5,114,487,295,171,1,12,0.944111,1,2.18521e-13
465,0,1,0.9,0.966961,0,1.06604,0.042049,0,1,1,1,1,1,1,0.113778,0,0,0,0,0,0.776259,1,0.75,0.1,2.23071,2.60912,2.74625,3,1,1,1,4.5,33,35,1,0.148532,0.282456,0.630137,0.882162,1,0.1,0.436051,2.97523,2,0.468373,1,2,0.65,0.65,1,0.00571554,1.04366,1,1,1,1,1,0.397425,1,210,3.43599,1.16773,0.959577,1,10,0.0140347,0.683215,0,0.189403,0,0.00715983,0,0,0,1,0.5,2.32498,0.671868,0.1,0.408685,0.1,0.25,0.25,10,0.348731,0.1,0.1,0.241479,0.0304,0.028339,0.000779559,0.0254685,1,0.075,4.5,114,487,295,171,1,12,0.91789,0.914721,0.00707997
466,0,1,0.9,0.9,0,1.0691,0.0386038,0,1,1,1,1,1,1,0.27707,0,0,0,0,0,0.185121,0.251402,0.75,0.1,2.23071,2.60912,2.74625,3,1,1,1,4.5,33,35,1,0.148532,0.282456,0.630137,0.882162,1,0.1,0.436051,2.97523,2,0.468373,1,2,0.65,0.65,1,0.0319268,0.60623,1,1,1,1,1,0.578484,1,210,3.43599,1.16773,0.959577,1,10,0.121866,0.902507,0,0.0174694,0,0.014587,0,0,0,1,0.5,2.32498,0.671868,0.1,0.408685,0.1,0.25,0.25,10,0.348731,0.1,0.1,0.241479,0.0304,0.028339,0.000779559,0.0254685,1,0.075,4.5,114,487,295,171,1,12,0.904489,0.895184,4.04524e-13
467,0,1,0.9,0.954531,0,1.04192,0.0409647,0,1,1,1,1,1,1,1,0,0,0,0,0,0.187902,0.768691,0.75,0.1,2.23071,2.60912,2.74625,3,1,1,1,4.5,33,35,1,0.148532,0.282456,0.630137,0.882162,1,0.1,0.436051,2.97523,2,0.468373,1,2,0.65,0.65,1,0.196508,1.93722,1,1,1,1,1,0.198071,1,210,3.43599,1.16773,0.959577,1,10,0.0162491,0.366762,0,0.104732,0,0.142909,0,0,0,1,0.5,2.32498,0.671868,0.1,0.408685,0.1,0.25,0.25,10,0.348731,0.1,0.1,0.241479,0.0304,0.028339,0.000779559,0.0254685,1,0.075,4.5,114,487,295,171,1,12,1,0.810258,0
468,0,1,0.9,0.9,0,1.01934,0.0368729,0,1,1,1,1,1,1,0.129819,0,0,0,0,0,1,1,0.75,0.1,2.23071,2.60912,2.74625,3,1,1,1,4.5,33,35,1,0.148532,0.282456,0.630137,0.882162,1,0.1,0.436051,2.97523,2,0.468373,1,2,0.65,0.65,1,0.0104765,0.631872,1,1,1,1,1,0.0310225,1,210,3.43599,1.16773,0.959577,1,10,0.116994,6.5192,0,0.0359426,0,0.0707727,0,0,0,1,0.5,2.32498,0.671868,0.1,0.408685,0.1,0.25,0.25,10,0.348731,0.1,0.1,0.241479,0.0304,0.028339,0.000779559,0.0254685,1,0.075,4.5,114,487,295,171,1,12,0.976521,0.821245,0
469,0,1,0.9,6.58304,0,1.03172,0.0432969,0,1,1,1,1,1,1,1,0,0,0,0,0,0.806279,0.231978,0.75,0.1,2.23071,2.60912,2.74625,3,1,1,1,4.5,33,35,1,0.148532,0.282456,0.630137,0.882162,1,0.1,0.436051,2.97523,2,0.468373,1,2,0.65,0.65,1,0.0058584,3.42072,1,1,1,1,1,0.10571,1,210,3.43599,1.16773,0.959577,1,10,0.0136083,0.282289,0,0.049324,0,0.00192124,0,0,0,1,0.5,2.32498,0.671868,0.1,0.408685,0.1,0.25,0.25,10,0.348731,0.1,0.1,0.241479,0.0304,0.028339,0.000779559,0.0254685,1,0.075,4.5,114,487,295,171,1,12,1,0.703663,0.000179637
470,0,1,0.9,1.28916,0,1.0473,0.0349385,0,1,1,1,1,1,1,0.260215,0,0,0,0,0,0.260269,0.513662,0.75,0.1,2.23071,2.60912,2.74625,3,1,1,1,4.5,33,35,1,0.148532,0.282456,0.630137,0.882162,1,0.1,0.436051,2.97523,2,0.468373,1,2,0.65,0.65,1,0.00503787,1.11887,1,1,1,1,1,0.0105381,1,210,3.43599,1.16773,0.959577,1,10,0.00925046,1.18507,0,0.0861291,0,1.42772,0,0,0,1,0.5,2.32498,0.671868,0.1,0.408685,0.1,0.25,0.25,10,0.348731,0.1,0.1,0.241479,0.0304,0.028339,0.000779559,0.0254685,1,0.075,4.5,114,487,295,171,1,12,1,0.954103,0
471,0,1,0.9,0.986073,0,1.07786,0.0379472,0,1,1,1,1,1,1,1,0,0,0,0,0,0.625833,0.469637,0.75,0.1,2.23071,2.60912,2.74625,3,1,1,1,4.5,33,35,1,0.148532,0.282456,0.630137,0.882162,1,0.1,0.436051,2.97523,2,0.468373,1,2,0.65,0.65,1,0.00666841,0.852277,1,1,1,1,1,0.0189627,1,210,3.43599,1.16773,0.959577,1,10,0.0453429,0.260368,0,0.0099429,0,0.125979,0,0,0,1,0.5,2.32498,0.671868,0.1,0.408685,0.1,0.25,0.25,10,0.348731,0.1,0.1,0.241479,0.0304,0.028339,0.000779559,0.0254685,1,0.075,4.5,114,487,295,171,1,12,1,0.843703,0.000179637
472,0,1,0.9,0.9,0,1.06694,0.0397405,0,1,1,1,1,1,1,0.904578,0,0,0,0,0,0.14415,0.5941,0.75,0.1,2.23071,2.60912,2.74625,3,1,1,1,4.5,33,35,1,0.148532,0.282456,0.630137,0.882162,1,0.1,0.436051,2.97523,2,0.468373,1,2,0.65,0.65,1,1.18895,1.18895,1,1,1,1,1,0.00395544,1,210,3.43599,1.16773,0.959577,1,10,0.0582383,2.43721,0,0.088903,0,0.00722799,0,0,0,1,0.5,2.32498,0.671868,0.1,0.408685,0.1,0.25,0.25,10,0.348731,0.1,0.1,0.241479,0.0304,0.028339,0.000779559,0.0254685,1,0.075,4.5,114,487,295,171,1,12,0.841479,0.888743,9.88619e-13
473,0,1,0.9,2.6583,0,1.15917,0.043099,0,1,1,1,1,1,1,1,0,0,0,0,0,0.998759,0.225825,0.75,0.1,2.23071,2.60912,2.74625,3,1,1,1,4.5,33,35,1,0.148532,0.282456,0.630137,0.882162,1,0.1,0.436051,2.97523,2,0.468373,1,2,0.65,0.65,1,0.00198646,0.35775,1,1,1,1,1,0.0128307,1,210,3.43599,1.16773,0.959577,1,10,0.149333,0.926079,0,0.252274,0,0.0008023,0,0,0,1,0.5,2.32498,0.671868,0.1,0.408685,0.1,0.25,0.25,10,0.348731,0.1,0.1,0.241479,0.0304,0.028339,0.000779559,0.0254685,1,0.075,4.5,114,487,295,171,1,12,0.898145,0.973553,0.0148666
474,0,1,0.9,0.9,0,1.00216,0.040725,0,1,1,1,1,1,1,0.872382,0,0,0,0,0,0.114382,1,0.75,0.1,2.23071,2.60912,2.74625,3,1,1,1,4.5,33,35,1,0.148532,0.282456,0.630137,0.882162,1,0.1,0.436051,2.97523,2,0.468373,1,2,0.65,0.65,1,0.000140414,2.94587,1,1,1,1,1,0.00666609,1,210,3.43599,1.16773,0.959577,1,10,0.0813899,4.96268,0,5.51436,0,0.0380542,0,0,0,1,0.5,2.32498,0.671868,0.1,0.408685,0.1,0.25,0.25,10,0.348731,0.1,0.1,0.241479,0.0304,0.028339,0.000779559,0.0254685,1,0.075,4.5,114,487,295,171,1,12,1,0.847724,7.05497e-14
475,0,1,0.9,1.47055,0,0.924228,0.0421479,0,1,1,1,1,1,1,0.106436,0,0,0,0,0,0.109399,0.20152,0.75,0.1,2.23071,2.60912,2.74625,3,1,1,1,4.5,33,35,1,0.148532,0.282456,0.630137,0.882162,1,0.1,0.436051,2.97523,2,0.468373,1,2,0.65,0.65,1,0.0103381,6.98838,1,1,1,1,1,0.00518578,1,210,3.43599,1.16773,0.959577,1,10,0.036165,0.574038,0,4.04314,0,0.654236,0,0,0,1,0.5,2.32498,0.671868,0.1,0.408685,0.1,0.25,0.25,10,0.348731,0.1,0.1,0.241479,0.0304,0.028339,0.000779559,0.0254685,1,0.075,4.5,114,487,295,171,1,12,1,0.792051,0
476,0,1,0.9,3.81623,0,0.963793,0.0395577,0,1,1,1,1,1,1,0.312104,0,0,0,0,0,1,0.353633,0.75,0.1,2.23071,2.60912,2.74625,3,1,1,1,4.5,33,35,1,0.148532,0.282456,0.630137,0.882162,1,0.1,0.436051,2.97523,2,0.468373,1,2,0.65,0.65,1,0.0765503,0.976711,1,1,1,1,1,0.0304419,1,210,3.43599,1.16773,0.959577,1,10,0.0225864,1.6668,0,0.148454,0,0.0348007,0,0,0,1,0.5,2.32498,0.671868,0.1,0.408685,0.1,0.25,0.25,10,0.348731,0.1,0.1,0.241479,0.0304,0.028339,0.000779559,0.0254685,1,0.075,4.5,114,487,295,171,1,12,0.933075,0.962238,2.69243e-13
477,0,1,0.9,0.9,0,0.980702,0.0542206,0,1,1,1,1,1,1,0.450175,0,0,0,0,0,1,0.650183,0.75,0.1,2.23071,2.60912,2.74625,3,1,1,1,4.5,33,35,1,0.148532,0.282456,0.630137,0.882162,1,0.1,0.436051,2.97523,2,0.468373,1,2,0.65,0.65,1,0.00382798,0.963573,1,1,1,1,1,0.637747,1,210,3.43599,1.16773,0.959577,1,10,0.0747246,0.79545,0,0.167342,0,0.337511,0,0,0,1,0.5,2.32498,0.671868,0.1,0.408685,0.1,0.25,0.25,10,0.348731,0.1,0.1,0.241479,0.0304,0.028339,0.000779559,0.0254685,1,0.075,4.5,114,487,295,171,1,12,1,0.879362,6.93088e-09
478,0,1,0.9,0.9,0,0.854035,0.0366112,0,1,1,1,1,1,1,0.630061,0,0,0,0,0,1,0.25411,0.75,0.1,2.23071,2.60912,2.74625,3,1,1,1,4.5,33,35,1,0.148532,0.282456,0.630137,0.882162,1,0.1,0.436051,2.97523,2,0.468373,1,2,0.65,0.65,1,0.00131452,0.235804,1,1,1,1,1,0.0196433,1,210,3.43599,1.16773,0.959577,1,10,0.00812022,0.577913,0,2.79058,0,3.06598,0,0,0,1,0.5,2.32498,0.671868,0.1,0.408685,0.1,0.25,0.25,10,0.348731,0.1,0.1,0.241479,0.0304,0.028339,0.000779559,0.0254685,1,0.075,4.5,114,487,295,171,1,12,0.909176,0.903981,6.48645e-13
479,0,1,0.9,0.9,0,0.962935,0.0375698,0,1,1,1,1,1,1,0.323824,0,0,0,0,0,0.449687,1,0.75,0.1,2.23071,2.60912,2.74625,3,1,1,1,4.5,33,35,1,0.148532,0.282456,0.630137,0.882162,1,0.1,0.436051,2.97523,2,0.468373,1,2,0.65,0.65,1,0.0335443,0.0884634,1,1,1,1,1,0.478432,1,210,3.43599,1.16773,0.959577,1,10,0.0174241,3.7809,0,0.419131,0,0.172478,0,0,0,1,0.5,2.32498,0.671868,0.1,0.408685,0.1,0.25,0.25,10,0.348731,0.1,0.1,0.241479,0.0304,0.028339,0.000779559,0.0254685,1,0.075,4.5,114,487,295,171,1,12,1,0.906394,0
480,0,1,0.9,0.9,0,1.0868,0.0423031,0,1,1,1,1,1,1,0.252798,0,0,0,0,0,0.485003,1,0.75,0.1,2.23071,2.60912,2.74625,3,1,1,1,4.5,33,35,1,0.148532,0.282456,0.630137,0.882162,1,0.1,0.436051,2.97523,2,0.468373,1,2,0.65,0.65,1,0.0318287,0.401107,1,1,1,1,1,0.129146,1,210,3.43599,1.16773,0.959577,1,10,0.0623439,8.44182,0,0.0248329,0,0.157004,0,0,0,1,0.5,2.32498,0.671868,0.1,0.408685,0.1,0.25,0.25,10,0.348731,0.1,0.1,0.241479,0.0304,0.028339,0.000779559,0.0254685,1,0.075,4.5,114,487,295,171,1,12,1,0.871635,0
481,0,1,0.9,1.46816,0,0.934002,0.0394071,0,1,1,1,1,1,1,0.299514,0,0,0,0,0,1,0.990776,0.75,0.1,2.23071,2.60912,2.74625,3,1,1,1,4.5,33,35,1,0.148532,0.282456,0.630137,0.882162,1,0.1,0.436051,2.97523,2,0.468373,1,2,0.65,0.65,1,0.00020741,0.869154,1,1,1,1,1,0.0545694,1,210,3.43599,1.16773,0.959577,1,10,0.0381945,4.00045,0,0.116297,0,0.228671,0,0,0,1,0.5,2.32498,0.671868,0.1,0.408685,0.1,0.25,0.25,10,0.348731,0.1,0.1,0.241479,0.0304,0.028339,0.000779559,0.0254685,1,0.075,4.5,114,487,295,171,1,12,1,0.773744,0
482,0,1,0.9,0.9,0,1.16417,0.0417939,0,1,1,1,1,1,1,0.178043,0,0,0,0,0,0.321923,0.542961,0.75,0.1,2.23071,2.60912,2.74625,3,1,1,1,4.5,33,35,1,0.148532,0.282456,0.630137,0.882162,1,0.1,0.436051,2.97523,2,0.468373,1,2,0.65,0.65,1,0.0244691,5.89188,1,1,1,1,1,0.0305122,1,210,3.43599,1.16773,0.959577,1,10,0.125474,9.35408,0,0.128943,0,0.800522,0,0,0,1,0.5,2.32498,0.671868,0.1,0.408685,0.1,0.25,0.25,10,0.348731,0.1,0.1,0.241479,0.0304,0.028339,0.000779559,0.0254685,1,0.075,4.5,114,487,295,171,1,12,1,0.911579,0.00263158
483,0,1,0.9,0.9,0,1.03144,0.0457324,0,1,1,1,1,1,1,0.374527,0,0,0,0,0,0.134788,1,0.75,0.1,2.23071,2.60912,2.74625,3,1,1,1,4.5,33,35,1,0.148532,0.282456,0.630137,0.882162,1,0.1,0.436051,2.97523,2,0.468373,1,2,0.65,0.65,1,0.00213767,1.46953,1,1,1,1,1,0.0484745,1,210,3.43599,1.16773,0.959577,1,10,0.171924,2.19466,0,0.0150614,0,0.611054,0,0,0,1,0.5,2.32498,0.671868,0.1,0.408685,0.1,0.25,0.25,10,0.348731,0.1,0.1,0.241479,0.0304,0.028339,0.000779559,0.0254685,1,0.075,4.5,114,487,295,171,1,12,1,0.743354,0
484,0,1,0.9,1.27103,0,0.83928,0.0459181,0,1,1,1,1,1,1,0.0438065,0,0,0,0,0,0.155269,1,0.75,0.1,2.23071,2.60912,2.74625,3,1,1,1,4.5,33,35,1,0.148532,0.282456,0.630137,0.882162,1,0.1,0.436051,2.97523,2,0.468373,1,2,0.65,0.65,1,0.379882,0.379882,1,1,1,1,1,52.9667,52.9667,210,3.43599,1.16773,0.959577,1,10,0.0472467,2.51783,0,0.147663,0,1.12805,0,0,0,1,0.5,2.32498,0.671868,0.1,0.408685,0.1,0.25,0.25,10,0.348731,0.1,0.1,0.241479,0.0304,0.028339,0.000779559,0.0254685,1,0.075,4.5,114,487,295,171,1,12,1,1,4.0572e-09
485,0,1,0.9,2.45252,0,1.05603,0.0374404,0,1,1,1,1,1,1,1,0,0,0,0,0,0.455212,0.485148,0.75,0.1,2.23071,2.60912,2.74625,3,1,1,1,4.5,33,35,1,0.148532,0.282456,0.630137,0.882162,1,0.1,0.436051,2.97523,2,0.468373,1,2,0.65,0.65,1,0.03936,0.755506,1,1,1,1,1,0.445585,1,210,3.43599,1.16773,0.959577,1,10,0.292712,2.18689,0,6.23279,0,0.082431,0,0,0,1,0.5,2.32498,0.671868,0.1,0.408685,0.1,0.25,0.25,10,0.348731,0.1,0.1,0.241479,0.0304,0.028339,0.000779559,0.0254685,1,0.075,4.5,114,487,295,171,1,12,1,1,0
486,0,1,0.9,7.28037,0,0.983402,0.038394,0,1,1,1,1,1,1,0.262529,0,0,0,0,0,1,0.58035,0.75,0.1,2.23071,2.60912,2.74625,3,1,1,1,4.5,33,35,1,0.148532,0.282456,0.630137,0.882162,1,0.1,0.436051,2.97523,2,0.468373,1,2,0.65,0.65,1,0.0109689,1.39523,1,1,1,1,1,0.203498,1,210,3.43599,1.16773,0.959577,1,10,0.0145861,0.879991,0,1.26223,0,0.0112143,0,0,0,1,0.5,2.32498,0.671868,0.1,0.408685,0.1,0.25,0.25,10,0.348731,0.1,0.1,0.241479,0.0304,0.028339,0.000779559,0.0254685,1,0.075,4.5,114,487,295,171,1,12,1,0.800292,0.000179637
487,0,1,0.9,1.45832,0,1.06521,0.0414891,0,1,1,1,1,1,1,0.111433,0,0,0,0,0,0.378571,1,0.75,0.1,2.23071,2.60912,2.74625,3,1,1,1,4.5,33,35,1,0.148532,0.282456,0.630137,0.882162,1,0.1,0.436051,2.97523,2,0.468373,1,2,0.65,0.65,1,0.00233753,0.462953,1,1,1,1,1,0.428004,1,210,3.43599,1.16773,0.959577,1,10,0.0111097,3.69732,0,2.83728,0,0.524539,0,0,0,1,0.5,2.32498,0.671868,0.1,0.408685,0.1,0.25,0.25,10,0.348731,0.1,0.1,0.241479,0.0304,0.028339,0.000779559,0.0254685,1,0.075,4.5,114,487,295,171,1,12,0.840401,0.821369,0.00263158
488,0,1,0.9,2.87207,0,0.895384,0.0439351,0,1,1,1,1,1,1,1,0,0,0,0,0,0.397361,0.073643,0.75,0.1,2.23071,2.60912,2.74625,3,1,1,1,4.5,33,35,1,0.148532,0.282456,0.630137,0.882162,1,0.1,0.436051,2.97523,2,0.468373,1,2,0.65,0.65,1,0.00733475,3.22829,1,1,1,1,1,0.037794,1,210,3.43599,1.16773,0.959577,1,10,0.242155,0.917216,0,0.297077,0,0.00159418,0,0,0,1,0.5,2.32498,0.671868,0.1,0.408685,0.1,0.25,0.25,10,0.348731,0.1,0.1,0.241479,0.0304,0.028339,0.000779559,0.0254685,1,0.075,4.5,114,487,295,171,1,12,0.909498,0.940465,4.15161e-13
489,0,1,0.9,0.903329,0,1.08734,0.0419385,0,1,1,1,1,1,1,0.830358,0,0,0,0,0,0.958448,0.122709,0.75,0.1,2.23071,2.60912,2.74625,3,1,1,1,4.5,33,35,1,0.148532,0.282456,0.630137,0.882162,1,0.1,0.436051,2.97523,2,0.468373,1,2,0.65,0.65,1,0.000471727,0.693558,1,1,1,1,1,1.10544,1.10544,210,3.43599,1.16773,0.959577,1,10,0.00896899,2.05265,0,0.259068,0,0.0215264,0,0,0,1,0.5,2.32498,0.671868,0.1,0.408685,0.1,0.25,0.25,10,0.348731,0.1,0.1,0.241479,0.0304,0.028339,0.000779559,0.0254685,1,0.075,4.5,114,487,295,171,1,12,1,0.957423,0.000179637
490,0,1,0.9,0.9,0,1.00527,0.0450631,0,1,1,1,1,1,1,1,0,0,0,0,0,0.0713521,0.308572,0.75,0.1,2.23071,2.60912,2.74625,3,1,1,1,4.5,33,35,1,0.148532,0.282456,0.630137,0.882162,1,0.1,0.436051,2.97523,2,0.468373,1,2,0.65,0.65,1,0.00382438,2.19078,1,1,1,1,1,0.163637,1,210,3.43599,1.16773,0.959577,1,10,0.0174934,5.07199,0,2.32032,0,0.423806,0,0,0,1,0.5,2.32498,0.671868,0.1,0.408685,0.1,0.25,0.25,10,0.348731,0.1,0.1,0.241479,0.0304,0.028339,0.000779559,0.0254685,1,0.075,4.5,114,487,295,171,1,12,0.990352,0.907148,4.04524e-13
491,0,1,0.9,1.16343,0,0.996029,0.0481096,0,1,1,1,1,1,1,1,0,0,0,0,0,1,0.457871,0.75,0.1,2.23071,2.60912,2.74625,3,1,1,1,4.5,33,35,1,0.148532,0.282456,0.630137,0.882162,1,0.1,0.436051,2.97523,2,0.468373,1,2,0.65,0.65,1,0.0129136,6.17888,1,1,1,1,1,0.0745576,1,210,3.43599,1.16773,0.959577,1,10,0.0232437,1.61779,0,0.125442,0,0.106428,0,0,0,1,0.5,2.32498,0.671868,0.1,0.408685,0.1,0.25,0.25,10,0.348731,0.1,0.1,0.241479,0.0304,0.028339,0.000779559,0.0254685,1,0.075,4.5,114,487,295,171,1,12,1,0.793586,6.94327e-09
492,0,1,0.9,11.2129,0,0.948021,0.0371153,0,1,1,1,1,1,1,0.179273,0,0,0,0,0,1,1,0.75,0.1,2.23071,2.60912,2.74625,3,1,1,1,4.5,33,35,1,0.148532,0.282456,0.630137,0.882162,1,0.1,0.436051,2.97523,2,0.468373,1,2,0.65,0.65,1,0.157941,1.48476,1,1,1,1,1,0.00548396,1,210,3.43599,1.16773,0.959577,1,10,0.0640265,0.496418,0,0.473641,0,6.63065,0,0,0,1,0.5,2.32498,0.671868,0.1,0.408685,0.1,0.25,0.25,10,0.348731,0.1,0.1,0.241479,0.0304,0.028339,0.000779559,0.0254685,1,0.075,4.5,114,487,295,171,1,12,0.902575,0.920133,5.19942e-14
493,0,1,0.9,0.9,0,1.10861,0.0441866,0,1,1,1,1,1,1,0.397632,0,0,0,0,0,0.650732,1,0.75,0.1,2.23071,2.60912,2.74625,3,1,1,1,4.5,33,35,1,0.148532,0.282456,0.630137,0.882162,1,0.1,0.436051,2.97523,2,0.468373,1,2,0.65,0.65,1,0.00306668,1.54715,1,1,1,1,1,0.012273,1,210,3.43599,1.16773,0.959577,1,10,0.0551613,0.865812,0,0.0515245,0,0.0790003,0,0,0,1,0.5,2.32498,0.671868,0.1,0.408685,0.1,0.25,0.25,10,0.348731,0.1,0.1,0.241479,0.0304,0.028339,0.000779559,0.0254685,1,0.075,4.5,114,487,295,171,1,12,1,0.916417,0.000179637
494,0,1,0.9,1.12134,0,0.90715,0.0403166,0,1,1,1,1,1,1,0.394271,0,0,0,0,0,0.297391,0.724014,0.75,0.1,2.23071,2.60912,2.74625,3,1,1,1,4.5,33,35,1,0.148532,0.282456,0.630137,0.882162,1,0.1,0.436051,2.97523,2,0.468373,1,2,0.65,0.65,1,0.0643581,0.612294,1,1,1,1,1,0.0375141,1,210,3.43599,1.16773,0.959577,1,10,0.295772,0.408943,0,0.00521928,0,2.54251,0,0,0,1,0.5,2.32498,0.671868,0.1,0.408685,0.1,0.25,0.25,10,0.348731,0.1,0.1,0.241479,0.0304,0.028339,0.000779559,0.0254685,1,0.075,4.5,114,487,295,171,1,12,1,0.924424,0
495,0,1,0.9,0.9,0,0.934172,0.0457744,0,1,1,1,1,1,1,0.480891,0,0,0,0,0,1,0.16581,0.75,0.1,2.23071,2.60912,2.74625,3,1,1,1,4.5,33,35,1,0.148532,0.282456,0.630137,0.882162,1,0.1,0.436051,2.97523,2,0.468373,1,2,0.65,0.65,1,0.00220795,0.362787,1,1,1,1,1,0.0148079,1,210,3.43599,1.16773,0.959577,1,10,0.0275558,2.61259,0,0.0811924,0,0.0504681,0,0,0,1,0.5,2.32498,0.671868,0.1,0.408685,0.1,0.25,0.25,10,0.348731,0.1,0.1,0.241479,0.0304,0.028339,0.000779559,0.0254685,1,0.075,4.5,114,487,295,171,1,12,1,0.94816,6.93088e-09
496,0,1,0.9,0.9,0,1.00266,0.0422929,0,1,1,1,1,1,1,0.816685,0,0,0,0,0,1,0.281089,0.75,0.1,2.23071,2.60912,2.74625,3,1,1,1,4.5,33,35,1,0.148532,0.282456,0.630137,0.882162,1,0.1,0.436051,2.97523,2,0.468373,1,2,0.65,0.65,1,0.0507714,0.448664,1,1,1,1,1,0.00891135,1,210,3.43599,1.16773,0.959577,1,10,0.0865221,0.512468,0,0.360613,0,0.0434308,0,0,0,1,0.5,2.32498,0.671868,0.1,0.408685,0.1,0.25,0.25,10,0.348731,0.1,0.1,0.241479,0.0304,0.028339,0.000779559,0.0254685,1,0.075,4.5,114,487,295,171,1,12,1,0.898454,0
497,0,1,0.9,0.9,0,1.20913,0.0412455,0,1,1,1,1,1,1,1,0,0,0,0,0,1,1,0.75,0.1,2.23071,2.60912,2.74625,3,1,1,1,4.5,33,35,1,0.148532,0.282456,0.630137,0.882162,1,0.1,0.436051,2.97523,2,0.468373,1,2,0.65,0.65,1,0.129483,1.71887,1,1,1,1,1,0.0382563,1,210,3.43599,1.16773,0.959577,1,10,0.0631044,0.383072,0,1.84126,0,0.966988,0,0,0,1,0.5,2.32498,0.671868,0.1,0.408685,0.1,0.25,0.25,10,0.348731,0.1,0.1,0.241479,0.0304,0.028339,0.000779559,0.0254685,1,0.075,4.5,114,487,295,171,1,12,0.819075,0.749711,2.08e-13
498,0,1,0.9,0.9,0,0.941374,0.0380394,0,1,1,1,1,1,1,0.570371,0,0,0,0,0,0.496185,0.199947,0.75,0.1,2.23071,2.60912,2.74625,3,1,1,1,4.5,33,35,1,0.148532,0.282456,0.630137,0.882162,1,0.1,0.436051,2.97523,2,0.468373,1,2,0.65,0.65,1,0.003925,0.80022,1,1,1,1,1,7.68745,7.68745,210,3.43599,1.16773,0.959577,1,10,0.0632156,4.65546,0,0.327652,0,0.035298,0,0,0,1,0.5,2.32498,0.671868,0.1,0.408685,0.1,0.25,0.25,10,0.348731,0.1,0.1,0.241479,0.0304,0.028339,0.000779559,0.0254685,1,0.075,4.5,114,487,295,171,1,12,1,0.905157,0
499,0,1,0.9,1.27664,0,0.89841,0.0438326,0,1,1,1,1,1,1,1,0,0,0,0,0,0.575174,1,0.75,0.1,2.23071,2.60912,2.74625,3,1,1,1,4.5,33,35,1,0.148532,0.282456,0.630137,0.882162,1,0.1,0.436051,2.97523,2,0.468373,1,2,0.65,0.65,1,0.017754,0.310151,1,1,1,1,1,0.0417542,1,210,3.43599,1.16773,0.959577,1,10,0.137252,0.273288,0,0.0180696,0,0.00288815,0,0,0,1,0.5,2.32498,0.671868,0.1,0.408685,0.1,0.25,0.25,10,0.348731,0.1,0.1,0.241479,0.0304,0.028339,0.000779559,0.0254685,1,0.075,4.5,114,487,295,171,1,12,1,0.840432,0.000179637
500,0,1,0.9,0.9,0,0.945156,0.0405891,0,1,1,1,1,1,1,0.781309,0,0,0,0,0,0.226914,1,0.75,0.1,2.23071,2.60912,2.74625,3,1,1,1,4.5,33,35,1,0.148532,0.282456,0.630137,0.882162,1,0.1,0.436051,2.97523,2,0.468373,1,2,0.65,0.65,1,0.00434531,1.32237,1,1,1,1,1,2.21926,2.21926,210,3.43599,1.16773,0.959577,1,10,0.0378955,3.51052,0,1.22138,0,25.8188,0,0,0,1,0.5,2.32498,0.671868,0.1,0.408685,0.1,0.25,0.25,10,0.348731,0.1,0.1,0.241479,0.0304,0.028339,0.000779559,0.0254685,1,0.075,4.5,114,487,295,171,1,12,0.947133,1,0
501,0,1,0.9,2.56626,0,1.08247,0.0394681,0,1,1,1,1,1,1,0.343781,0,0,0,0,0,0.516238,0.213297,0.75,0.1,2.23071,2.60912,2.74625,3,1,1,1,4.5,33,35,1,0.148532,0.282456,0.630137,0.882162,1,0.1,0.436051,2.97523,2,0.468373,1,2,0.65,0.65,1,0.00340968,0.829209,1,1,1,1,1,0.0305929,1,210,3.43599,1.16773,0.959577,1,10,0.129571,1.80426,0,0.255341,0,3.01224,0,0,0,1,0.5,2.32498,0.671868,0.1,0.408685,0.1,0.25,0.25,10,0.348731,0.1,0.1,0.241479,0.0304,0.028339,0.000779559,0.0254685,1,0.075,4.5,114,487,295,171,1,12,1,0.704632,0
502,0,1,0.9,0.9,0,1.02614,0.0429138,0,1,1,1,1,1,1,0.164395,0,0,0,0,0,0.120817,1,0.75,0.1,2.23071,2.60912,2.74625,3,1,1,1,4.5,33,35,1,0.148532,0.282456,0.630137,0.882162,1,0.1,0.436051,2.97523,2,0.468373,1,2,0.65,0.65,1,0.0195178,2.27937,1,1,1,1,1,0.0575404,1,210,3.43599,1.16773,0.959577,1,10,0.0966984,1.49622,0,0.0669603,0,0.653081,0,0,0,1,0.5,2.32498,0.671868,0.1,0.408685,0.1,0.25,0.25,10,0.348731,0.1,0.1,0.241479,0.0304,0.028339,0.000779559,0.0254685,1,0.075,4.5,114,487,295,171,1,12,1,0.871119,4.04524e-13
503,0,1,0.9,0.9,0,0.901345,0.0475992,0,1,1,1,1,1,1,0.21635,0,0,0,0,0,0.234501,0.821307,0.75,0.1,2.23071,2.60912,2.74625,3,1,1,1,4.5,33,35,1,0.148532,0.282456,0.630137,0.882162,1,0.1,0.436051,2.97523,2,0.468373,1,2,0.65,0.65,1,2.58291,2.58291,1,1,1,1,1,0.0276913,1,210,3.43599,1.16773,0.959577,1,10,0.00880878,0.494835,0,0.0682281,0,0.242,0,0,0,1,0.5,2.32498,0.671868,0.1,0.408685,0.1,0.25,0.25,10,0.348731,0.1,0.1,0.241479,0.0304,0.028339,0.000779559,0.0254685,1,0.075,4.5,114,487,295,171,1,12,0.800533,0.925699,0.00916667
504,0,1,0.9,0.9,0,0.925209,0.0370079,0,1,1,1,1,1,1,0.0525042,0,0,0,0,0,0.113419,0.431177,0.75,0.1,2.23071,2.60912,2.74625,3,1,1,1,4.5,33,35,1,0.148532,0.282456,0.630137,0.882162,1,0.1,0.436051,2.97523,2,0.468373,1,2,0.65,0.65,1,0.0406011,3.08753,1,1,1,1,1,0.337162,1,210,3.43599,1.16773,0.959577,1,10,0.117653,0.705986,0,0.0211053,0,0.00587916,0,0,0,1,0.5,2.32498,0.671868,0.1,0.408685,0.1,0.25,0.25,10,0.348731,0.1,0.1,0.241479,0.0304,0.028339,0.000779559,0.0254685,1,0.075,4.5,114,487,295,171,1,12,1,0.697185,0
505,0,1,0.9,0.997552,0,1.23577,0.0460102,0,1,1,1,1,1,1,0.490999,0,0,0,0,0,0.465285,1,0.75,0.1,2.23071,2.60912,2.74625,3,1,1,1,4.5,33,35,1,0.148532,0.282456,0.630137,0.882162,1,0.1,0.436051,2.97523,2,0.468373,1,2,0.65,0.65,1,0.0307822,2.9967,1,1,1,1,1,0.364614,1,210,3.43599,1.16773,0.959577,1,10,0.0181822,1.42664,0,0.43883,0,0.0810361,0,0,0,1,0.5,2.32498,0.671868,0.1,0.408685,0.1,0.25,0.25,10,0.348731,0.1,0.1,0.241479,0.0304,0.028339,0.000779559,0.0254685,1,0.075,4.5,114,487,295,171,1,12,1,0.855594,0.00289054
506,0,1,0.9,0.95198,0,1.07868,0.0361142,0,1,1,1,1,1,1,0.474201,0,0,0,0,0,0.497604,0.361795,0.75,0.1,2.23071,2.60912,2.74625,3,1,1,1,4.5,33,35,1,0.148532,0.282456,0.630137,0.882162,1,0.1,0.436051,2.97523,2,0.468373,1,2,0.65,0.65,1,0.0157669,0.625336,1,1,1,1,1,0.078973,1,210,3.43599,1.16773,0.959577,1,10,0.0297019,5.67837,0,0.897655,0,0.249293,0,0,0,1,0.5,2.32498,0.671868,0.1,0.408685,0.1,0.25,0.25,10,0.348731,0.1,0.1,0.241479,0.0304,0.028339,0.000779559,0.0254685,1,0.075,4.5,114,487,295,171,1,12,1,0.923004,0
507,0,1,0.9,3.91703,0,1.03212,0.0382721,0,1,1,1,1,1,1,0.332103,0,0,0,0,0,1,0.167288,0.75,0.1,2.23071,2.60912,2.74625,3,1,1,1,4.5,33,35,1,0.148532,0.282456,0.630137,0.882162,1,0.1,0.436051,2.97523,2,0.468373,1,2,0.65,0.65,1,0.0040305,0.324433,1,1,1,1,1,4.83211,4.83211,210,3.43599,1.16773,0.959577,1,10,0.408946,0.51608,0,0.456567,0,0.0120335,0,0,0,1,0.5,2.32498,0.671868,0.1,0.408685,0.1,0.25,0.25,10,0.348731,0.1,0.1,0.241479,0.0304,0.028339,0.000779559,0.0254685,1,0.075,4.5,114,487,295,171,1,12,1,0.836027,1.23335e-08
508,0,1,0.9,0.9,0,0.964335,0.036933,0,1,1,1,1,1,1,1,0,0,0,0,0,0.332244,0.30471,0.75,0.1,2.23071,2.60912,2.74625,3,1,1,1,4.5,33,35,1,0.148532,0.282456,0.630137,0.882162,1,0.1,0.436051,2.97523,2,0.468373,1,2,0.65,0.65,1,0.000437345,0.405943,1,1,1,1,1,3.28278,3.28278,210,3.43599,1.16773,0.959577,1,10,0.0248285,2.59797,0,1.00116,0,0.531071,0,0,0,1,0.5,2.32498,0.671868,0.1,0.408685,0.1,0.25,0.25,10,0.348731,0.1,0.1,0.241479,0.0304,0.028339,0.000779559,0.0254685,1,0.075,4.5,114,487,295,171,1,12,0.904507,0.924028,2.08e-13
509,0,1,0.9,1.12248,0,1.03205,0.0408042,0,1,1,1,1,1,1,1,0,0,0,0,0,0.0671297,0.702291,0.75,0.1,2.23071,2.60912,2.74625,3,1,1,1,4.5,33,35,1,0.148532,0.282456,0.630137,0.882162,1,0.1,0.436051,2.97523,2,0.468373,1,2,0.65,0.65,1,0.013363,3.20484,1,1,1,1,1,0.0325282,1,210,3.43599,1.16773,0.959577,1,10,0.0243376,0.610149,0,0.311934,0,0.00304712,0,0,0,1,0.5,2.32498,0.671868,0.1,0.408685,0.1,0.25,0.25,10,0.348731,0.1,0.1,0.241479,0.0304,0.028339,0.000779559,0.0254685,1,0.075,4.5,114,487,295,171,1,12,0.955785,0.895403,0.000179637
510,0,1,0.9,2.43743,0,0.95063,0.0390231,0,1,1,1,1,1,1,0.188006,0,0,0,0,0,0.830901,0.76866,0.75,0.1,2.23071,2.60912,2.74625,3,1,1,1,4.5,33,35,1,0.148532,0.282456,0.630137,0.882162,1,0.1,0.436051,2.97523,2,0.468373,1,2,0.65,0.65,1,0.147749,1.69847,1,1,1,1,1,0.674561,1,210,3.43599,1.16773,0.959577,1,10,0.128778,3.25919,0,0.293139,0,0.1374,0,0,0,1,0.5,2.32498,0.671868,0.1,0.408685,0.1,0.25,0.25,10,0.348731,0.1,0.1,0.241479,0.0304,0.028339,0.000779559,0.0254685,1,0.075,4.5,114,487,295,171,1,12,1,1,2.18521e-13
511,0,1,0.9,0.9,0,1.08647,0.0446606,0,1,1,1,1,1,1,0.469541,0,0,0,0,0,0.802537,0.171249,0.75,0.1,2.23071,2.60912,2.74625,3,1,1,1,4.5,33,35,1,0.148532,0.282456,0.630137,0.882162,1,0.1,0.436051,2.97523,2,0.468373,1,2,0.65,0.65,1,0.00240647,0.393942,1,1,1,1,1,0.285627,1,210,3.43599,1.16773,0.959577,1,10,0.0336114,1.26985,0,0.122082,0,0.144807,0,0,0,1,0.5,2.32498,0.671868,0.1,0.408685,0.1,0.25,0.25,10,0.348731,0.1,0.1,0.241479,0.0304,0.028339,0.000779559,0.0254685,1,0.075,4.5,114,487,295,171,1,12,0.954222,0.780276,4.0572e-09
512,0,1,0.9,0.9,0,1.00874,0.0403073,0,1,1,1,1,1,1,0.312122,0,0,0,0,0,1,0.183124,0.75,0.1,2.23071,2.60912,2.74625,3,1,1,1,4.5,33,35,1,0.148532,0.282456,0.630137,0.882162,1,0.1,0.436051,2.97523,2,0.468373,1,2,0.65,0.65,1,0.0174088,3.3837,1,1,1,1,1,0.00419528,1,210,3.43599,1.16773,0.959577,1,10,0.0339296,1.54958,0,6.77652,0,5.79392,0,0,0,1,0.5,2.32498,0.671868,0.1,0.408685,0.1,0.25,0.25,10,0.348731,0.1,0.1,0.241479,0.0304,0.028339,0.000779559,0.0254685,1,0.075,4.5,114,487,295,171,1,12,1,0.948162,0.00119048
513,0,1,0.9,4.77799,0,0.883893,0.0390183,0,1,1,1,1,1,1,0.439664,0,0,0,0,0,0.0958692,0.88426,0.75,0.1,2.23071,2.60912,2.74625,3,1,1,1,4.5,33,35,1,0.148532,0.282456,0.630137,0.882162,1,0.1,0.436051,2.97523,2,0.468373,1,2,0.65,0.65,1,0.00857734,4.90519,1,1,1,1,1,0.0393849,1,210,3.43599,1.16773,0.959577,1,10,0.0185024,11.3866,0,0.0266441,0,0.313543,0,0,0,1,0.5,2.32498,0.671868,0.1,0.408685,0.1,0.25,0.25,10,0.348731,0.1,0.1,0.241479,0.0304,0.028339,0.000779559,0.0254685,1,0.075,4.5,114,487,295,171,1,12,1,0.789765,0.00119048
514,0,1,0.9,0.9,0,0.810823,0.0383447,0,1,1,1,1,1,1,0.517516,0,0,0,0,0,0.106487,0.611229,0.75,0.1,2.23071,2.60912,2.74625,3,1,1,1,4.5,33,35,1,0.148532,0.282456,0.630137,0.882162,1,0.1,0.436051,2.97523,2,0.468373,1,2,0.65,0.65,1,0.168449,0.283952,1,1,1,1,1,0.251922,1,210,3.43599,1.16773,0.959577,1,10,0.0749179,0.97685,0,0.662458,0,0.168628,0,0,0,1,0.5,2.32498,0.671868,0.1,0.408685,0.1,0.25,0.25,10,0.348731,0.1,0.1,0.241479,0.0304,0.028339,0.000779559,0.0254685,1,0.075,4.5,114,487,295,171,1,12,1,1,0
515,0,1,0.9,0.9,0,1.13553,0.0405652,0,1,1,1,1,1,1,0.78579,0,0,0,0,0,1,0.0666035,0.75,0.1,2.23071,2.60912,2.74625,3,1,1,1,4.5,33,35,1,0.148532,0.282456,0.630137,0.882162,1,0.1,0.436051,2.97523,2,0.468373,1,2,0.65,0.65,1,0.00417619,2.26437,1,1,1,1,1,0.884717,1,210,3.43599,1.16773,0.959577,1,10,0.0531593,6.7218,0,3.054,0,0.00951507,0,0,0,1,0.5,2.32498,0.671868,0.1,0.408685,0.1,0.25,0.25,10,0.348731,0.1,0.1,0.241479,0.0304,0.028339,0.000779559,0.0254685,1,0.075,4.5,114,487,295,171,1,12,1,0.805778,7.65957e-14
516,0,1,0.9,4.85379,0,1.00611,0.0332705,0,1,1,1,1,1,1,0.393501,0,0,0,0,0,1,1,0.75,0.1,2.23071,2.60912,2.74625,3,1,1,1,4.5,33,35,1,0.148532,0.282456,0.630137,0.882162,1,0.1,0.436051,2.97523,2,0.468373,1,2,0.65,0.65,1,0.14567,5.07441,1,1,1,1,1,0.0159957,1,210,3.43599,1.16773,0.959577,1,10,0.0171586,1.09292,0,1.27081,0,0.165978,0,0,0,1,0.5,2.32498,0.671868,0.1,0.408685,0.1,0.25,0.25,10,0.348731,0.1,0.1,0.241479,0.0304,0.028339,0.000779559,0.0254685,1,0.075,4.5,114,487,295,171,1,12,1,0.945087,0
517,0,1,0.9,1.58996,0,1.00308,0.0422063,0,1,1,1,1,1,1,0.768724,0,0,0,0,0,1,0.832481,0.75,0.1,2.23071,2.60912,2.74625,3,1,1,1,4.5,33,35,1,0.148532,0.282456,0.630137,0.882162,1,0.1,0.436051,2.97523,2,0.468373,1,2,0.65,0.65,1,0.0111456,0.661961,1,1,1,1,1,0.00737188,1,210,3.43599,1.16773,0.959577,1,10,0.0286066,1.06645,0,1.89068,0,0.0570835,0,0,0,1,0.5,2.32498,0.671868,0.1,0.408685,0.1,0.25,0.25,10,0.348731,0.1,0.1,0.241479,0.0304,0.028339,0.000779559,0.0254685,1,0.075,4.5,114,487,295,171,1,12,0.867991,0.814617,0.0117951
518,0,1,0.9,0.9,0,0.952815,0.0356242,0,1,1,1,1,1,1,0.366466,0,0,0,0,0,0.0752873,0.082979,0.75,0.1,2.23071,2.60912,2.74625,3,1,1,1,4.5,33,35,1,0.148532,0.282456,0.630137,0.882162,1,0.1,0.436051,2.97523,2,0.468373,1,2,0.65,0.65,1,0.0659463,1.7313,1,1,1,1,1,0.00225335,1,210,3.43599,1.16773,0.959577,1,10,0.018926,2.24453,0,0.222401,0,0.0719438,0,0,0,1,0.5,2.32498,0.671868,0.1,0.408685,0.1,0.25,0.25,10,0.348731,0.1,0.1,0.241479,0.0304,0.028339,0.000779559,0.0254685,1,0.075,4.5,114,487,295,171,1,12,1,0.997737,1.20723e-13
519,0,1,0.9,0.9,0,0.997119,0.0356455,0,1,1,1,1,1,1,0.39736,0,0,0,0,0,1,1,0.75,0.1,2.23071,2.60912,2.74625,3,1,1,1,4.5,33,35,1,0.148532,0.282456,0.630137,0.882162,1,0.1,0.436051,2.97523,2,0.468373,1,2,0.65,0.65,1,0.00160706,0.200586,1,1,1,1,1,0.0196106,1,210,3.43599,1.16773,0.959577,1,10,0.017989,0.349287,0,0.0795166,0,0.01711,0,0,0,1,0.5,2.32498,0.671868,0.1,0.408685,0.1,0.25,0.25,10,0.348731,0.1,0.1,0.241479,0.0304,0.028339,0.000779559,0.0254685,1,0.075,4.5,114,487,295,171,1,12,1,0.875989,0.000179637
520,0,1,0.9,0.981955,0,0.999343,0.0401873,0,1,1,1,1,1,1,0.131658,0,0,0,0,0,0.0906203,1,0.75,0.1,2.23071,2.60912,2.74625,3,1,1,1,4.5,33,35,1,0.148532,0.282456,0.630137,0.882162,1,0.1,0.436051,2.97523,2,0.468373,1,2,0.65,0.65,1,0.0031384,0.731029,1,1,1,1,1,0.00726555,1,210,3.43599,1.16773,0.959577,1,10,0.05215,1.2392,0,0.231336,0,0.643299,0,0,0,1,0.5,2.32498,0.671868,0.1,0.408685,0.1,0.25,0.25,10,0.348731,0.1,0.1,0.241479,0.0304,0.028339,0.000779559,0.0254685,1,0.075,4.5,114,487,295,171,1,12,1,1,0
521,0,1,0.9,0.9,0,0.920009,0.0400851,0,1,1,1,1,1,1,0.9237,0,0,0,0,0,0.439222,0.253885,0.75,0.1,2.23071,2.60912,2.74625,3,1,1,1,4.5,33,35,1,0.148532,0.282456,0.630137,0.882162,1,0.1,0.436051,2.97523,2,0.468373,1,2,0.65,0.65,1,0.000950393,0.237659,1,1,1,1,1,0.0496367,1,210,3.43599,1.16773,0.959577,1,10,0.0823219,1.27342,0,2.53373,0,1.39931,0,0,0,1,0.5,2.32498,0.671868,0.1,0.408685,0.1,0.25,0.25,10,0.348731,0.1,0.1,0.241479,0.0304,0.028339,0.000779559,0.0254685,1,0.075,4.5,114,487,295,171,1,12,1,0.848189,0
522,0,1,0.9,1.71341,0,1.0567,0.0376377,0,1,1,1,1,1,1,0.51497,0,0,0,0,0,0.394243,0.508977,0.75,0.1,2.23071,2.60912,2.74625,3,1,1,1,4.5,33,35,1,0.148532,0.282456,0.630137,0.882162,1,0.1,0.436051,2.97523,2,0.468373,1,2,0.65,0.65,1,0.00234523,0.21629,1,1,1,1,1,0.0202144,1,210,3.43599,1.16773,0.959577,1,10,0.246546,3.87798,0,1.01944,0,0.273529,0,0,0,1,0.5,2.32498,0.671868,0.1,0.408685,0.1,0.25,0.25,10,0.348731,0.1,0.1,0.241479,0.0304,0.028339,0.000779559,0.0254685,1,0.075,4.5,114,487,295,171,1,12,0.883604,0.789274,2.08e-13
523,0,1,0.9,2.71995,0,1.18393,0.0419978,0,1,1,1,1,1,1,0.277903,0,0,0,0,0,0.386039,1,0.75,0.1,2.23071,2.60912,2.74625,3,1,1,1,4.5,33,35,1,0.148532,0.282456,0.630137,0.882162,1,0.1,0.436051,2.97523,2,0.468373,1,2,0.65,0.65,1,0.0138382,12.338,1,1,1,1,1,0.282432,1,210,3.43599,1.16773,0.959577,1,10,0.11303,2.67251,0,0.0854781,0,19.5093,0,0,0,1,0.5,2.32498,0.671868,0.1,0.408685,0.1,0.25,0.25,10,0.348731,0.1,0.1,0.241479,0.0304,0.028339,0.000779559,0.0254685,1,0.075,4.5,114,487,295,171,1,12,1,0.881989,0.00263158
524,0,1,0.9,1.00597,0,0.911581,0.0438997,0,1,1,1,1,1,1,0.503844,0,0,0,0,0,1,1,0.75,0.1,2.23071,2.60912,2.74625,3,1,1,1,4.5,33,35,1,0.148532,0.282456,0.630137,0.882162,1,0.1,0.436051,2.97523,2,0.468373,1,2,0.65,0.65,1,0.00721712,0.709816,1,1,1,1,1,0.0720125,1,210,3.43599,1.16773,0.959577,1,10,0.0519811,0.125791,0,0.0035041,0,0.0291202,0,0,0,1,0.5,2.32498,0.671868,0.1,0.408685,0.1,0.25,0.25,10,0.348731,0.1,0.1,0.241479,0.0304,0.028339,0.000779559,0.0254685,1,0.075,4.5,114,487,295,171,1,12,1,0.93897,0.000179637
525,0,1,0.9,0.9,0,0.993283,0.0417196,0,1,1,1,1,1,1,0.131595,0,0,0,0,0,0.942051,1,0.75,0.1,2.23071,2.60912,2.74625,3,1,1,1,4.5,33,35,1,0.148532,0.282456,0.630137,0.882162,1,0.1,0.436051,2.97523,2,0.468373,1,2,0.65,0.65,1,0.00184159,1.30107,1,1,1,1,1,0.166872,1,210,3.43599,1.16773,0.959577,1,10,0.0288948,2.68394,0,0.330901,0,0.304947,0,0,0,1,0.5,2.32498,0.671868,0.1,0.408685,0.1,0.25,0.25,10,0.348731,0.1,0.1,0.241479,0.0304,0.028339,0.000779559,0.0254685,1,0.075,4.5,114,487,295,171,1,12,0.922023,0.797579,4.04524e-13
526,0,1,0.9,1.39654,0,1.04216,0.0424311,0,1,1,1,1,1,1,0.680347,0,0,0,0,0,0.600606,0.286922,0.75,0.1,2.23071,2.60912,2.74625,3,1,1,1,4.5,33,35,1,0.148532,0.282456,0.630137,0.882162,1,0.1,0.436051,2.97523,2,0.468373,1,2,0.65,0.65,1,0.144125,1.33832,1,1,1,1,1,0.00479367,1,210,3.43599,1.16773,0.959577,1,10,0.00658035,1.59492,0,11.0381,0,0.019332,0,0,0,1,0.5,2.32498,0.671868,0.1,0.408685,0.1,0.25,0.25,10,0.348731,0.1,0.1,0.241479,0.0304,0.028339,0.000779559,0.0254685,1,0.075,4.5,114,487,295,171,1,12,1,0.643398,0
527,0,1,0.9,0.9,0,0.891732,0.0388965,0,1,1,1,1,1,1,0.618241,0,0,0,0,0,0.86487,0.512757,0.75,0.1,2.23071,2.60912,2.74625,3,1,1,1,4.5,33,35,1,0.148532,0.282456,0.630137,0.882162,1,0.1,0.436051,2.97523,2,0.468373,1,2,0.65,0.65,1,0.004792,0.702635,1,1,1,1,1,0.0250798,1,210,3.43599,1.16773,0.959577,1,10,0.00310238,2.13279,0,1.16547,0,0.0169417,0,0,0,1,0.5,2.32498,0.671868,0.1,0.408685,0.1,0.25,0.25,10,0.348731,0.1,0.1,0.241479,0.0304,0.028339,0.000779559,0.0254685,1,0.075,4.5,114,487,295,171,1,12,1,0.915236,0.000179637
528,0,1,0.9,1.09173,0,0.849514,0.0394989,0,1,1,1,1,1,1,0.321911,0,0,0,0,0,0.240737,0.542387,0.75,0.1,2.23071,2.60912,2.74625,3,1,1,1,4.5,33,35,1,0.148532,0.282456,0.630137,0.882162,1,0.1,0.436051,2.97523,2,0.468373,1,2,0.65,0.65,1,0.0124937,4.50797,1,1,1,1,1,0.0346893,1,210,3.43599,1.16773,0.959577,1,10,0.0423142,0.780623,0,8.7623,0,0.0164399,0,0,0,1,0.5,2.32498,0.671868,0.1,0.408685,0.1,0.25,0.25,10,0.348731,0.1,0.1,0.241479,0.0304,0.028339,0.000779559,0.0254685,1,0.075,4.5,114,487,295,171,1,12,0.906643,0.97408,5.6118e-13
529,0,1,0.9,0.9,0,0.913626,0.0403679,0,1,1,1,1,1,1,0.18875,0,0,0,0,0,0.0404289,1,0.75,0.1,2.23071,2.60912,2.74625,3,1,1,1,4.5,33,35,1,0.148532,0.282456,0.630137,0.882162,1,0.1,0.436051,2.97523,2,0.468373,1,2,0.65,0.65,1,0.000741066,6.63472,1,1,1,1,1,0.0100737,1,210,3.43599,1.16773,0.959577,1,10,0.0953199,7.58041,0,1.17375,0,0.00421769,0,0,0,1,0.5,2.32498,0.671868,0.1,0.408685,0.1,0.25,0.25,10,0.348731,0.1,0.1,0.241479,0.0304,0.028339,0.000779559,0.0254685,1,0.075,4.5,114,487,295,171,1,12,1,0.959083,1.60209e-13
530,0,1,0.9,1.47717,0,0.96842,0.0354365,0,1,1,1,1,1,1,0.316625,0,0,0,0,0,0.234834,1,0.75,0.1,2.23071,2.60912,2.74625,3,1,1,1,4.5,33,35,1,0.148532,0.282456,0.630137,0.882162,1,0.1,0.436051,2.97523,2,0.468373,1,2,0.65,0.65,1,0.00732777,0.448098,1,1,1,1,1,0.0362468,1,210,3.43599,1.16773,0.959577,1,10,0.247527,1.78524,0,0.0104043,0,0.0396487,0,0,0,1,0.5,2.32498,0.671868,0.1,0.408685,0.1,0.25,0.25,10,0.348731,0.1,0.1,0.241479,0.0304,0.028339,0.000779559,0.0254685,1,0.075,4.5,114,487,295,171,1,12,0.896197,0.939219,2.08e-13
531,0,1,0.9,2.13075,0,1.04448,0.0417501,0,1,1,1,1,1,1,0.0759645,0,0,0,0,0,0.138347,1,0.75,0.1,2.23071,2.60912,2.74625,3,1,1,1,4.5,33,35,1,0.148532,0.282456,0.630137,0.882162,1,0.1,0.436051,2.97523,2,0.468373,1,2,0.65,0.65,1,0.0284303,0.898353,1,1,1,1,1,0.0891068,1,210,3.43599,1.16773,0.959577,1,10,0.0407506,3.87669,0,0.102229,0,0.0123311,0,0,0,1,0.5,2.32498,0.671868,0.1,0.408685,0.1,0.25,0.25,10,0.348731,0.1,0.1,0.241479,0.0304,0.028339,0.000779559,0.0254685,1,0.075,4.5,114,487,295,171,1,12,0.917067,0.892473,4.71194e-13
532,0,1,0.9,3.51989,0,0.784911,0.0357173,0,1,1,1,1,1,1,0.0975476,0,0,0,0,0,1,0.370729,0.75,0.1,2.23071,2.60912,2.74625,3,1,1,1,4.5,33,35,1,0.148532,0.282456,0.630137,0.882162,1,0.1,0.436051,2.97523,2,0.468373,1,2,0.65,0.65,1,0.00159163,1.961,1,1,1,1,1,0.0500389,1,210,3.43599,1.16773,0.959577,1,10,0.0180965,0.196323,0,0.452862,0,0.035222,0,0,0,1,0.5,2.32498,0.671868,0.1,0.408685,0.1,0.25,0.25,10,0.348731,0.1,0.1,0.241479,0.0304,0.028339,0.000779559,0.0254685,1,0.075,4.5,114,487,295,171,1,12,1,0.982339,0.000179637
533,0,1,0.9,4.43559,0,1.08097,0.0408564,0,1,1,1,1,1,1,0.172475,0,0,0,0,0,0.276701,0.440945,0.75,0.1,2.23071,2.60912,2.74625,3,1,1,1,4.5,33,35,1,0.148532,0.282456,0.630137,0.882162,1,0.1,0.436051,2.97523,2,0.468373,1,2,0.65,0.65,1,0.0158561,0.231687,1,1,1,1,1,0.639163,1,210,3.43599,1.16773,0.959577,1,10,0.0190159,0.699605,0,0.0473375,0,0.103692,0,0,0,1,0.5,2.32498,0.671868,0.1,0.408685,0.1,0.25,0.25,10,0.348731,0.1,0.1,0.241479,0.0304,0.028339,0.000779559,0.0254685,1,0.075,4.5,114,487,295,171,1,12,1,0.714555,0.000179637
534,0,1,0.9,1.94563,0,0.861436,0.0407439,0,1,1,1,1,1,1,0.622298,0,0,0,0,0,0.102867,0.111159,0.75,0.1,2.23071,2.60912,2.74625,3,1,1,1,4.5,33,35,1,0.148532,0.282456,0.630137,0.882162,1,0.1,0.436051,2.97523,2,0.468373,1,2,0.65,0.65,1,0.00759235,0.240005,1,1,1,1,1,0.0120017,1,210,3.43599,1.16773,0.959577,1,10,0.0642421,2.71418,0,0.279905,0,0.135319,0,0,0,1,0.5,2.32498,0.671868,0.1,0.408685,0.1,0.25,0.25,10,0.348731,0.1,0.1,0.241479,0.0304,0.028339,0.000779559,0.0254685,1,0.075,4.5,114,487,295,171,1,12,1,0.75499,0
535,0,1,0.9,4.49576,0,0.954975,0.0446112,0,1,1,1,1,1,1,0.890231,0,0,0,0,0,0.0858458,0.39273,0.75,0.1,2.23071,2.60912,2.74625,3,1,1,1,4.5,33,35,1,0.148532,0.282456,0.630137,0.882162,1,0.1,0.436051,2.97523,2,0.468373,1,2,0.65,0.65,1,0.00158919,0.458775,1,1,1,1,1,0.0277025,1,210,3.43599,1.16773,0.959577,1,10,0.37757,1.33828,0,0.0192809,0,0.045524,0,0,0,1,0.5,2.32498,0.671868,0.1,0.408685,0.1,0.25,0.25,10,0.348731,0.1,0.1,0.241479,0.0304,0.028339,0.000779559,0.0254685,1,0.075,4.5,114,487,295,171,1,12,0.855645,0.785305,4.04524e-13
536,0,1,0.9,2.18315,0,0.966095,0.0358412,0,1,1,1,1,1,1,1,0,0,0,0,0,0.63614,0.204132,0.75,0.1,2.23071,2.60912,2.74625,3,1,1,1,4.5,33,35,1,0.148532,0.282456,0.630137,0.882162,1,0.1,0.436051,2.97523,2,0.468373,1,2,0.65,0.65,1,0.0621244,1.68484,1,1,1,1,1,0.0395988,1,210,3.43599,1.16773,0.959577,1,10,0.0438031,1.45277,0,0.588835,0,0.0104107,0,0,0,1,0.5,2.32498,0.671868,0.1,0.408685,0.1,0.25,0.25,10,0.348731,0.1,0.1,0.241479,0.0304,0.028339,0.000779559,0.0254685,1,0.075,4.5,114,487,295,171,1,12,0.936269,0.765821,7.65957e-14
537,0,1,0.9,1.78239,0,0.921196,0.0380414,0,1,1,1,1,1,1,0.639229,0,0,0,0,0,0.309011,1,0.75,0.1,2.23071,2.60912,2.74625,3,1,1,1,4.5,33,35,1,0.148532,0.282456,0.630137,0.882162,1,0.1,0.436051,2.97523,2,0.468373,1,2,0.65,0.65,1,0.0153289,1.32757,1,1,1,1,1,0.199026,1,210,3.43599,1.16773,0.959577,1,10,0.0120086,0.716943,0,3.29817,0,0.292526,0,0,0,1,0.5,2.32498,0.671868,0.1,0.408685,0.1,0.25,0.25,10,0.348731,0.1,0.1,0.241479,0.0304,0.028339,0.000779559,0.0254685,1,0.075,4.5,114,487,295,171,1,12,1,0.909365,0
538,0,1,0.9,0.9,0,0.867271,0.0440941,0,1,1,1,1,1,1,0.191109,0,0,0,0,0,0.771181,0.223123,0.75,0.1,2.23071,2.60912,2.74625,3,1,1,1,4.5,33,35,1,0.148532,0.282456,0.630137,0.882162,1,0.1,0.436051,2.97523,2,0.468373,1,2,0.65,0.65,1,0.00170656,0.385413,1,1,1,1,1,0.11476,1,210,3.43599,1.16773,0.959577,1,10,0.0107169,1.08335,0,0.0263049,0,1.31492,0,0,0,1,0.5,2.32498,0.671868,0.1,0.408685,0.1,0.25,0.25,10,0.348731,0.1,0.1,0.241479,0.0304,0.028339,0.000779559,0.0254685,1,0.075,4.5,114,487,295,171,1,12,1,0.96524,0
539,0,1,0.9,1.09215,0,1.12571,0.0437584,0,1,1,1,1,1,1,0.147881,0,0,0,0,0,0.189018,0.42888,0.75,0.1,2.23071,2.60912,2.74625,3,1,1,1,4.5,33,35,1,0.148532,0.282456,0.630137,0.882162,1,0.1,0.436051,2.97523,2,0.468373,1,2,0.65,0.65,1,0.00460901,0.22224,1,1,1,1,1,0.0022573,1,210,3.43599,1.16773,0.959577,1,10,0.180676,0.348299,0,0.515714,0,0.00946424,0,0,0,1,0.5,2.32498,0.671868,0.1,0.408685,0.1,0.25,0.25,10,0.348731,0.1,0.1,0.241479,0.0304,0.028339,0.000779559,0.0254685,1,0.075,4.5,114,487,295,171,1,12,0.867761,0.74895,0.0149653
540,0,1,0.9,0.9,0,1.0096,0.0349538,0,1,1,1,1,1,1,0.386708,0,0,0,0,0,0.746326,0.148676,0.75,0.1,2.23071,2.60912,2.74625,3,1,1,1,4.5,33,35,1,0.148532,0.282456,0.630137,0.882162,1,0.1,0.436051,2.97523,2,0.468373,1,2,0.65,0.65,1,0.019023,1.13899,1,1,1,1,1,0.00440414,1,210,3.43599,1.16773,0.959577,1,10,0.0488163,4.35001,0,0.802462,0,0.691045,0,0,0,1,0.5,2.32498,0.671868,0.1,0.408685,0.1,0.25,0.25,10,0.348731,0.1,0.1,0.241479,0.0304,0.028339,0.000779559,0.0254685,1,0.075,4.5,114,487,295,171,1,12,1,0.964762,0
541,0,1,0.9,0.9,0,1.10827,0.0423988,0,1,1,1,1,1,1,0.107884,0,0,0,0,0,1,0.102895,0.75,0.1,2.23071,2.60912,2.74625,3,1,1,1,4.5,33,35,1,0.148532,0.282456,0.630137,0.882162,1,0.1,0.436051,2.97523,2,0.468373,1,2,0.65,0.65,1,0.000227616,1.15438,1,1,1,1,1,0.104594,1,210,3.43599,1.16773,0.959577,1,10,0.0383324,1.22386,0,0.225151,0,0.0628056,0,0,0,1,0.5,2.32498,0.671868,0.1,0.408685,0.1,0.25,0.25,10,0.348731,0.1,0.1,0.241479,0.0304,0.028339,0.000779559,0.0254685,1,0.075,4.5,114,487,295,171,1,12,0.907763,1,0.0149653
542,0,1,0.9,1.21255,0,1.04871,0.0445152,0,1,1,1,1,1,1,0.41599,0,0,0,0,0,0.27889,0.757714,0.75,0.1,2.23071,2.60912,2.74625,3,1,1,1,4.5,33,35,1,0.148532,0.282456,0.630137,0.882162,1,0.1,0.436051,2.97523,2,0.468373,1,2,0.65,0.65,1,0.00218638,7.45853,1,1,1,1,1,0.106997,1,210,3.43599,1.16773,0.959577,1,10,0.0321823,6.89198,0,0.156309,0,0.662686,0,0,0,1,0.5,2.32498,0.671868,0.1,0.408685,0.1,0.25,0.25,10,0.348731,0.1,0.1,0.241479,0.0304,0.028339,0.000779559,0.0254685,1,0.075,4.5,114,487,295,171,1,12,0.956749,0.943,0.00263158
543,0,1,0.9,3.09911,0,0.984727,0.0438414,0,1,1,1,1,1,1,0.265932,0,0,0,0,0,1,0.199458,0.75,0.1,2.23071,2.60912,2.74625,3,1,1,1,4.5,33,35,1,0.148532,0.282456,0.630137,0.882162,1,0.1,0.436051,2.97523,2,0.468373,1,2,0.65,0.65,1,0.0152516,0.718081,1,1,1,1,1,0.127152,1,210,3.43599,1.16773,0.959577,1,10,0.0586754,3.93436,0,0.0534476,0,1.68834,0,0,0,1,0.5,2.32498,0.671868,0.1,0.408685,0.1,0.25,0.25,10,0.348731,0.1,0.1,0.241479,0.0304,0.028339,0.000779559,0.0254685,1,0.075,4.5,114,487,295,171,1,12,0.997878,0.832429,0
544,0,1,0.9,0.9,0,0.812037,0.042901,0,1,1,1,1,1,1,0.892446,0,0,0,0,0,0.0955475,0.871806,0.75,0.1,2.23071,2.60912,2.74625,3,1,1,1,4.5,33,35,1,0.148532,0.282456,0.630137,0.882162,1,0.1,0.436051,2.97523,2,0.468373,1,2,0.65,0.65,1,0.0146684,0.48856,1,1,1,1,1,0.0445797,1,210,3.43599,1.16773,0.959577,1,10,0.0338972,1.83807,0,0.179585,0,0.354611,0,0,0,1,0.5,2.32498,0.671868,0.1,0.408685,0.1,0.25,0.25,10,0.348731,0.1,0.1,0.241479,0.0304,0.028339,0.000779559,0.0254685,1,0.075,4.5,114,487,295,171,1,12,1,0.974129,0
545,0,1,0.9,4.75705,0,0.974499,0.0388943,0,1,1,1,1,1,1,0.407358,0,0,0,0,0,1,0.15013,0.75,0.1,2.23071,2.60912,2.74625,3,1,1,1,4.5,33,35,1,0.148532,0.282456,0.630137,0.882162,1,0.1,0.436051,2.97523,2,0.468373,1,2,0.65,0.65,1,0.0190602,0.435018,1,1,1,1,1,0.990177,1,210,3.43599,1.16773,0.959577,1,10,0.02179,2.58893,0,0.0596774,0,0.0210822,0,0,0,1,0.5,2.32498,0.671868,0.1,0.408685,0.1,0.25,0.25,10,0.348731,0.1,0.1,0.241479,0.0304,0.028339,0.000779559,0.0254685,1,0.075,4.5,114,487,295,171,1,12,1,0.963499,0.000179637
546,0,1,0.9,0.902286,0,0.902818,0.0357282,0,1,1,1,1,1,1,0.346801,0,0,0,0,0,1,0.262476,0.75,0.1,2.23071,2.60912,2.74625,3,1,1,1,4.5,33,35,1,0.148532,0.282456,0.630137,0.882162,1,0.1,0.436051,2.97523,2,0.468373,1,2,0.65,0.65,1,0.00421164,4.61063,1,1,1,1,1,0.208826,1,210,3.43599,1.16773,0.959577,1,10,0.0509084,1.68841,0,0.519743,0,0.0197951,0,0,0,1,0.5,2.32498,0.671868,0.1,0.408685,0.1,0.25,0.25,10,0.348731,0.1,0.1,0.241479,0.0304,0.028339,0.000779559,0.0254685,1,0.075,4.5,114,487,295,171,1,12,1,0.964611,5.43993e-13
547,0,1,0.9,0.9,0,1.08604,0.0388854,0,1,1,1,1,1,1,0.309458,0,0,0,0,0,0.710676,0.515818,0.75,0.1,2.23071,2.60912,2.74625,3,1,1,1,4.5,33,35,1,0.148532,0.282456,0.630137,0.882162,1,0.1,0.436051,2.97523,2,0.468373,1,2,0.65,0.65,1,0.0264864,0.214861,1,1,1,1,1,0.00056704,1,210,3.43599,1.16773,0.959577,1,10,0.0289684,0.411112,0,0.0109843,0,0.0548551,0,0,0,1,0.5,2.32498,0.671868,0.1,0.408685,0.1,0.25,0.25,10,0.348731,0.1,0.1,0.241479,0.0304,0.028339,0.000779559,0.0254685,1,0.075,4.5,114,487,295,171,1,12,0.952441,1,6.93088e-09
548,0,1,0.9,3.58534,0,0.971242,0.0414481,0,1,1,1,1,1,1,1,0,0,0,0,0,1,0.708732,0.75,0.1,2.23071,2.60912,2.74625,3,1,1,1,4.5,33,35,1,0.148532,0.282456,0.630137,0.882162,1,0.1,0.436051,2.97523,2,0.468373,1,2,0.65,0.65,1,0.00404961,1.30646,1,1,1,1,1,0.000269245,1,210,3.43599,1.16773,0.959577,1,10,0.152064,0.577783,0,0.0061153,0,0.716524,0,0,0,1,0.5,2.32498,0.671868,0.1,0.408685,0.1,0.25,0.25,10,0.348731,0.1,0.1,0.241479,0.0304,0.028339,0.000779559,0.0254685,1,0.075,4.5,114,487,295,171,1,12,1,1,0
549,0,1,0.9,1.23077,0,0.948615,0.0344371,0,1,1,1,1,1,1,1,0,0,0,0,0,0.378969,0.56605,0.75,0.1,2.23071,2.60912,2.74625,3,1,1,1,4.5,33,35,1,0.148532,0.282456,0.630137,0.882162,1,0.1,0.436051,2.97523,2,0.468373,1,2,0.65,0.65,1,0.0296807,0.850016,1,1,1,1,1,0.0063495,1,210,3.43599,1.16773,0.959577,1,10,0.094959,1.29078,0,17.1697,0,0.0106272,0,0,0,1,0.5,2.32498,0.671868,0.1,0.408685,0.1,0.25,0.25,10,0.348731,0.1,0.1,0.241479,0.0304,0.028339,0.000779559,0.0254685,1,0.075,4.5,114,487,295,171,1,12,0.954501,0.764653,0.00289054
550,0,1,0.9,1.96739,0,1.01233,0.0418141,0,1,1,1,1,1,1,1,0,0,0,0,0,0.0861386,0.0783215,0.75,0.1,2.23071,2.60912,2.74625,3,1,1,1,4.5,33,35,1,0.148532,0.282456,0.630137,0.882162,1,0.1,0.436051,2.97523,2,0.468373,1,2,0.65,0.65,1,0.000719014,0.317658,1,1,1,1,1,0.256957,1,210,3.43599,1.16773,0.959577,1,10,0.16882,1.32874,0,0.083699,0,0.0400098,0,0,0,1,0.5,2.32498,0.671868,0.1,0.408685,0.1,0.25,0.25,10,0.348731,0.1,0.1,0.241479,0.0304,0.028339,0.000779559,0.0254685,1,0.075,4.5,114,487,295,171,1,12,1,0.975774,0
551,0,1,0.9,0.9,0,0.896896,0.039081,0,1,1,1,1,1,1,0.418393,0,0,0,0,0,0.842813,0.043592,0.75,0.1,2.23071,2.60912,2.74625,3,1,1,1,4.5,33,35,1,0.148532,0.282456,0.630137,0.882162,1,0.1,0.436051,2.97523,2,0.468373,1,2,0.65,0.65,1,0.440024,0.448881,1,1,1,1,1,0.0767444,1,210,3.43599,1.16773,0.959577,1,10,0.033689,1.59803,0,0.200632,0,0.630798,0,0,0,1,0.5,2.32498,0.671868,0.1,0.408685,0.1,0.25,0.25,10,0.348731,0.1,0.1,0.241479,0.0304,0.028339,0.000779559,0.0254685,1,0.075,4.5,114,487,295,171,1,12,0.986476,1,0
552,0,1,0.9,1.12841,0,0.914583,0.0420852,0,1,1,1,1,1,1,0.328129,0,0,0,0,0,0.156586,1,0.75,0.1,2.23071,2.60912,2.74625,3,1,1,1,4.5,33,35,1,0.148532,0.282456,0.630137,0.882162,1,0.1,0.436051,2.97523,2,0.468373,1,2,0.65,0.65,1,0.00302311,8.51358,1,1,1,1,1,0.0323035,1,210,3.43599,1.16773,0.959577,1,10,0.0347032,7.35251,0,0.152109,0,0.0918762,0,0,0,1,0.5,2.32498,0.671868,0.1,0.408685,0.1,0.25,0.25,10,0.348731,0.1,0.1,0.241479,0.0304,0.028339,0.000779559,0.0254685,1,0.075,4.5,114,487,295,171,1,12,0.909539,0.816333,0.00263158
553,0,1,0.9,1.9821,0,0.932221,0.0350678,0,1,1,1,1,1,1,0.0904383,0,0,0,0,0,0.251342,0.156836,0.75,0.1,2.23071,2.60912,2.74625,3,1,1,1,4.5,33,35,1,0.148532,0.282456,0.630137,0.882162,1,0.1,0.436051,2.97523,2,0.468373,1,2,0.65,0.65,1,0.00357653,0.367273,1,1,1,1,1,0.21249,1,210,3.43599,1.16773,0.959577,1,10,0.0816811,1.45889,0,0.0348241,0,0.0471033,0,0,0,1,0.5,2.32498,0.671868,0.1,0.408685,0.1,0.25,0.25,10,0.348731,0.1,0.1,0.241479,0.0304,0.028339,0.000779559,0.0254685,1,0.075,4.5,114,487,295,171,1,12,0.907269,0.862499,5.19942e-14
554,0,1,0.9,3.05757,0,0.955052,0.038576,0,1,1,1,1,1,1,0.0708777,0,0,0,0,0,0.63979,0.162626,0.75,0.1,2.23071,2.60912,2.74625,3,1,1,1,4.5,33,35,1,0.148532,0.282456,0.630137,0.882162,1,0.1,0.436051,2.97523,2,0.468373,1,2,0.65,0.65,1,0.00238147,0.600627,1,1,1,1,1,1.45313,1.45313,210,3.43599,1.16773,0.959577,1,10,0.0192702,2.18198,0,7.367,0,1.60991,0,0,0,1,0.5,2.32498,0.671868,0.1,0.408685,0.1,0.25,0.25,10,0.348731,0.1,0.1,0.241479,0.0304,0.028339,0.000779559,0.0254685,1,0.075,4.5,114,487,295,171,1,12,1,0.99038,0
555,0,1,0.9,0.9,0,1.05394,0.0352337,0,1,1,1,1,1,1,0.679538,0,0,0,0,0,0.509984,0.159488,0.75,0.1,2.23071,2.60912,2.74625,3,1,1,1,4.5,33,35,1,0.148532,0.282456,0.630137,0.882162,1,0.1,0.436051,2.97523,2,0.468373,1,2,0.65,0.65,1,0.00121111,0.850393,1,1,1,1,1,0.0415404,1,210,3.43599,1.16773,0.959577,1,10,0.13393,1.0246,0,1.70967,0,0.160667,0,0,0,1,0.5,2.32498,0.671868,0.1,0.408685,0.1,0.25,0.25,10,0.348731,0.1,0.1,0.241479,0.0304,0.028339,0.000779559,0.0254685,1,0.075,4.5,114,487,295,171,1,12,0.987301,0.951828,0
556,0,1,0.9,0.9,0,0.964979,0.037242,0,1,1,1,1,1,1,0.33236,0,0,0,0,0,0.8384,0.307007,0.75,0.1,2.23071,2.60912,2.74625,3,1,1,1,4.5,33,35,1,0.148532,0.282456,0.630137,0.882162,1,0.1,0.436051,2.97523,2,0.468373,1,2,0.65,0.65,1,0.0989075,7.94056,1,1,1,1,1,24.8604,24.8604,210,3.43599,1.16773,0.959577,1,10,0.0905036,1.7632,0,0.102891,0,0.0399836,0,0,0,1,0.5,2.32498,0.671868,0.1,0.408685,0.1,0.25,0.25,10,0.348731,0.1,0.1,0.241479,0.0304,0.028339,0.000779559,0.0254685,1,0.075,4.5,114,487,295,171,1,12,1,1,1.60209e-13
557,0,1,0.9,5.89407,0,1.03512,0.0333123,0,1,1,1,1,1,1,0.192365,0,0,0,0,0,1,0.812331,0.75,0.1,2.23071,2.60912,2.74625,3,1,1,1,4.5,33,35,1,0.148532,0.282456,0.630137,0.882162,1,0.1,0.436051,2.97523,2,0.468373,1,2,0.65,0.65,1,0.0014832,0.33268,1,1,1,1,1,0.0950807,1,210,3.43599,1.16773,0.959577,1,10,0.0399267,2.72742,0,0.894265,0,49.9924,0,0,0,1,0.5,2.32498,0.671868,0.1,0.408685,0.1,0.25,0.25,10,0.348731,0.1,0.1,0.241479,0.0304,0.028339,0.000779559,0.0254685,1,0.075,4.5,114,487,295,171,1,12,1,1,0
558,0,1,0.9,3.39949,0,0.934293,0.0473456,0,1,1,1,1,1,1,0.781323,0,0,0,0,0,1,0.545076,0.75,0.1,2.23071,2.60912,2.74625,3,1,1,1,4.5,33,35,1,0.148532,0.282456,0.630137,0.882162,1,0.1,0.436051,2.97523,2,0.468373,1,2,0.65,0.65,1,0.0060287,0.729861,1,1,1,1,1,0.163231,1,210,3.43599,1.16773,0.959577,1,10,0.0274217,0.994273,0,1.15779,0,0.35635,0,0,0,1,0.5,2.32498,0.671868,0.1,0.408685,0.1,0.25,0.25,10,0.348731,0.1,0.1,0.241479,0.0304,0.028339,0.000779559,0.0254685,1,0.075,4.5,114,487,295,171,1,12,1,0.861303,1.23335e-08
559,0,1,0.9,1.93203,0,1.14785,0.0353193,0,1,1,1,1,1,1,0.339182,0,0,0,0,0,0.383372,1,0.75,0.1,2.23071,2.60912,2.74625,3,1,1,1,4.5,33,35,1,0.148532,0.282456,0.630137,0.882162,1,0.1,0.436051,2.97523,2,0.468373,1,2,0.65,0.65,1,0.0136637,5.07188,1,1,1,1,1,0.00859056,1,210,3.43599,1.16773,0.959577,1,10,0.00827353,0.791787,0,0.0384853,0,2.58215,0,0,0,1,0.5,2.32498,0.671868,0.1,0.408685,0.1,0.25,0.25,10,0.348731,0.1,0.1,0.241479,0.0304,0.028339,0.000779559,0.0254685,1,0.075,4.5,114,487,295,171,1,12,1,0.930359,0
560,0,1,0.9,3.43044,0,0.939145,0.0338838,0,1,1,1,1,1,1,0.527821,0,0,0,0,0,0.181207,0.451036,0.75,0.1,2.23071,2.60912,2.74625,3,1,1,1,4.5,33,35,1,0.148532,0.282456,0.630137,0.882162,1,0.1,0.436051,2.97523,2,0.468373,1,2,0.65,0.65,1,0.0418126,0.688757,1,1,1,1,1,0.0673398,1,210,3.43599,1.16773,0.959577,1,10,0.0104569,0.338701,0,5.34386,0,0.0445065,0,0,0,1,0.5,2.32498,0.671868,0.1,0.408685,0.1,0.25,0.25,10,0.348731,0.1,0.1,0.241479,0.0304,0.028339,0.000779559,0.0254685,1,0.075,4.5,114,487,295,171,1,12,1,0.862508,0
561,0,1,0.9,0.9,0,1.2806,0.0412952,0,1,1,1,1,1,1,0.230787,0,0,0,0,0,0.993528,1,0.75,0.1,2.23071,2.60912,2.74625,3,1,1,1,4.5,33,35,1,0.148532,0.282456,0.630137,0.882162,1,0.1,0.436051,2.97523,2,0.468373,1,2,0.65,0.65,1,0.638672,1.80263,1,1,1,1,1,0.164398,1,210,3.43599,1.16773,0.959577,1,10,0.0215328,0.63445,0,0.577029,0,0.10347,0,0,0,1,0.5,2.32498,0.671868,0.1,0.408685,0.1,0.25,0.25,10,0.348731,0.1,0.1,0.241479,0.0304,0.028339,0.000779559,0.0254685,1,0.075,4.5,114,487,295,171,1,12,0.979377,0.937312,0
562,0,1,0.9,0.9,0,0.946649,0.0389445,0,1,1,1,1,1,1,1,0,0,0,0,0,0.547817,1,0.75,0.1,2.23071,2.60912,2.74625,3,1,1,1,4.5,33,35,1,0.148532,0.282456,0.630137,0.882162,1,0.1,0.436051,2.97523,2,0.468373,1,2,0.65,0.65,1,0.0117341,0.960338,1,1,1,1,1,0.0106507,1,210,3.43599,1.16773,0.959577,1,10,0.121508,0.803828,0,2.00405,0,0.036688,0,0,0,1,0.5,2.32498,0.671868,0.1,0.408685,0.1,0.25,0.25,10,0.348731,0.1,0.1,0.241479,0.0304,0.028339,0.000779559,0.0254685,1,0.075,4.5,114,487,295,171,1,12,0.94864,1,3.14699e-08
563,0,1,0.9,1.42707,0,0.993191,0.0475871,0,1,1,1,1,1,1,0.0890938,0,0,0,0,0,0.209932,0.469333,0.75,0.1,2.23071,2.60912,2.74625,3,1,1,1,4.5,33,35,1,0.148532,0.282456,0.630137,0.882162,1,0.1,0.436051,2.97523,2,0.468373,1,2,0.65,0.65,1,0.000790204,1.02371,1,1,1,1,1,0.0384323,1,210,3.43599,1.16773,0.959577,1,10,0.0986064,0.978512,0,0.278838,0,0.29313,0,0,0,1,0.5,2.32498,0.671868,0.1,0.408685,0.1,0.25,0.25,10,0.348731,0.1,0.1,0.241479,0.0304,0.028339,0.000779559,0.0254685,1,0.075,4.5,114,487,295,171,1,12,1,1,4.0572e-09
564,0,1,0.9,1.87572,0,1.03824,0.0404033,0,1,1,1,1,1,1,0.45835,0,0,0,0,0,0.760506,0.253119,0.75,0.1,2.23071,2.60912,2.74625,3,1,1,1,4.5,33,35,1,0.148532,0.282456,0.630137,0.882162,1,0.1,0.436051,2.97523,2,0.468373,1,2,0.65,0.65,1,2.09017,2.09017,1,1,1,1,1,0.325455,1,210,3.43599,1.16773,0.959577,1,10,0.0829284,0.486964,0,0.82074,0,0.0263121,0,0,0,1,0.5,2.32498,0.671868,0.1,0.408685,0.1,0.25,0.25,10,0.348731,0.1,0.1,0.241479,0.0304,0.028339,0.000779559,0.0254685,1,0.075,4.5,114,487,295,171,1,12,0.793623,0.976207,0.00119048
565,0,1,0.9,0.9,0,1.08579,0.0461185,0,1,1,1,1,1,1,0.185791,0,0,0,0,0,0.209847,0.352742,0.75,0.1,2.23071,2.60912,2.74625,3,1,1,1,4.5,33,35,1,0.148532,0.282456,0.630137,0.882162,1,0.1,0.436051,2.97523,2,0.468373,1,2,0.65,0.65,1,0.00376663,0.102365,1,1,1,1,1,0.0462523,1,210,3.43599,1.16773,0.959577,1,10,0.0227251,4.01367,0,0.0124019,0,0.0226928,0,0,0,1,0.5,2.32498,0.671868,0.1,0.408685,0.1,0.25,0.25,10,0.348731,0.1,0.1,0.241479,0.0304,0.028339,0.000779559,0.0254685,1,0.075,4.5,114,487,295,171,1,12,0.873444,0.826957,0.0149653
566,0,1,0.9,1.14562,0,0.959771,0.0547892,0,1,1,1,1,1,1,0.992528,0,0,0,0,0,0.326119,0.303442,0.75,0.1,2.23071,2.60912,2.74625,3,1,1,1,4.5,33,35,1,0.148532,0.282456,0.630137,0.882162,1,0.1,0.436051,2.97523,2,0.468373,1,2,0.65,0.65,1,0.00296976,1.79233,1,1,1,1,1,0.258265,1,210,3.43599,1.16773,0.959577,1,10,0.0479672,1.60511,0,4.07155,0,0.0207332,0,0,0,1,0.5,2.32498,0.671868,0.1,0.408685,0.1,0.25,0.25,10,0.348731,0.1,0.1,0.241479,0.0304,0.028339,0.000779559,0.0254685,1,0.075,4.5,114,487,295,171,1,12,1,0.857459,0.000179637
567,0,1,0.9,0.924338,0,0.803221,0.0402779,0,1,1,1,1,1,1,0.561707,0,0,0,0,0,0.763062,0.66876,0.75,0.1,2.23071,2.60912,2.74625,3,1,1,1,4.5,33,35,1,0.148532,0.282456,0.630137,0.882162,1,0.1,0.436051,2.97523,2,0.468373,1,2,0.65,0.65,1,0.00107605,3.72367,1,1,1,1,1,0.135967,1,210,3.43599,1.16773,0.959577,1,10,0.155904,3.9634,0,0.00338599,0,0.0515153,0,0,0,1,0.5,2.32498,0.671868,0.1,0.408685,0.1,0.25,0.25,10,0.348731,0.1,0.1,0.241479,0.0304,0.028339,0.000779559,0.0254685,1,0.075,4.5,114,487,295,171,1,12,1,0.865906,5.19942e-14
568,0,1,0.9,0.9,0,1.20946,0.0382384,0,1,1,1,1,1,1,1,0,0,0,0,0,1,0.821184,0.75,0.1,2.23071,2.60912,2.74625,3,1,1,1,4.5,33,35,1,0.148532,0.282456,0.630137,0.882162,1,0.1,0.436051,2.97523,2,0.468373,1,2,0.65,0.65,1,0.000180791,1.61715,1,1,1,1,1,0.0290397,1,210,3.43599,1.16773,0.959577,1,10,0.0513825,1.35771,0,0.0101194,0,0.00235348,0,0,0,1,0.5,2.32498,0.671868,0.1,0.408685,0.1,0.25,0.25,10,0.348731,0.1,0.1,0.241479,0.0304,0.028339,0.000779559,0.0254685,1,0.075,4.5,114,487,295,171,1,12,1,1,0.000179637
569,0,1,0.9,3.0337,0,1.09238,0.0462298,0,1,1,1,1,1,1,0.84577,0,0,0,0,0,0.292638,0.94693,0.75,0.1,2.23071,2.60912,2.74625,3,1,1,1,4.5,33,35,1,0.148532,0.282456,0.630137,0.882162,1,0.1,0.436051,2.97523,2,0.468373,1,2,0.65,0.65,1,0.0133349,1.07454,1,1,1,1,1,0.210628,1,210,3.43599,1.16773,0.959577,1,10,0.0217381,0.734004,0,0.293174,0,0.0654362,0,0,0,1,0.5,2.32498,0.671868,0.1,0.408685,0.1,0.25,0.25,10,0.348731,0.1,0.1,0.241479,0.0304,0.028339,0.000779559,0.0254685,1,0.075,4.5,114,487,295,171,1,12,1,0.902087,0.000179637
570,0,1,0.9,0.9,0,0.938573,0.0421425,0,1,1,1,1,1,1,0.269218,0,0,0,0,0,1,0.660656,0.75,0.1,2.23071,2.60912,2.74625,3,1,1,1,4.5,33,35,1,0.148532,0.282456,0.630137,0.882162,1,0.1,0.436051,2.97523,2,0.468373,1,2,0.65,0.65,1,0.00928231,0.966498,1,1,1,1,1,0.00961853,1,210,3.43599,1.16773,0.959577,1,10,0.00550657,1.27197,0,0.0413272,0,0.500808,0,0,0,1,0.5,2.32498,0.671868,0.1,0.408685,0.1,0.25,0.25,10,0.348731,0.1,0.1,0.241479,0.0304,0.028339,0.000779559,0.0254685,1,0.075,4.5,114,487,295,171,1,12,1,0.972428,0
571,0,1,0.9,0.9,0,0.95514,0.0363071,0,1,1,1,1,1,1,0.457685,0,0,0,0,0,0.120496,1,0.75,0.1,2.23071,2.60912,2.74625,3,1,1,1,4.5,33,35,1,0.148532,0.282456,0.630137,0.882162,1,0.1,0.436051,2.97523,2,0.468373,1,2,0.65,0.65,1,0.279128,0.279128,1,1,1,1,1,0.00917448,1,210,3.43599,1.16773,0.959577,1,10,0.0752025,7.05702,0,0.296548,0,0.286011,0,0,0,1,0.5,2.32498,0.671868,0.1,0.408685,0.1,0.25,0.25,10,0.348731,0.1,0.1,0.241479,0.0304,0.028339,0.000779559,0.0254685,1,0.075,4.5,114,487,295,171,1,12,1,0.853418,0
572,0,1,0.9,0.9,0,0.870257,0.0473582,0,1,1,1,1,1,1,0.770117,0,0,0,0,0,1,0.59684,0.75,0.1,2.23071,2.60912,2.74625,3,1,1,1,4.5,33,35,1,0.148532,0.282456,0.630137,0.882162,1,0.1,0.436051,2.97523,2,0.468373,1,2,0.65,0.65,1,0.00279556,2.13231,1,1,1,1,1,0.00359098,1,210,3.43599,1.16773,0.959577,1,10,0.0368756,0.384465,0,1.47097,0,0.170177,0,0,0,1,0.5,2.32498,0.671868,0.1,0.408685,0.1,0.25,0.25,10,0.348731,0.1,0.1,0.241479,0.0304,0.028339,0.000779559,0.0254685,1,0.075,4.5,114,487,295,171,1,12,0.958497,0.816415,0.000179637
573,0,1,0.9,1.02938,0,1.01223,0.0442509,0,1,1,1,1,1,1,0.783194,0,0,0,0,0,0.0390568,0.898793,0.75,0.1,2.23071,2.60912,2.74625,3,1,1,1,4.5,33,35,1,0.148532,0.282456,0.630137,0.882162,1,0.1,0.436051,2.97523,2,0.468373,1,2,0.65,0.65,1,0.0260449,1.80814,1,1,1,1,1,0.0175286,1,210,3.43599,1.16773,0.959577,1,10,0.0292201,0.814193,0,1.34219,0,0.0406834,0,0,0,1,0.5,2.32498,0.671868,0.1,0.408685,0.1,0.25,0.25,10,0.348731,0.1,0.1,0.241479,0.0304,0.028339,0.000779559,0.0254685,1,0.075,4.5,114,487,295,171,1,12,1,1,0.000179637
574,0,1,0.9,0.9,0,0.987024,0.0388932,0,1,1,1,1,1,1,0.142514,0,0,0,0,0,1,0.200721,0.75,0.1,2.23071,2.60912,2.74625,3,1,1,1,4.5,33,35,1,0.148532,0.282456,0.630137,0.882162,1,0.1,0.436051,2.97523,2,0.468373,1,2,0.65,0.65,1,0.314906,0.314906,1,1,1,1,1,0.117897,1,210,3.43599,1.16773,0.959577,1,10,0.00499059,0.314464,0,0.605278,0,0.326488,0,0,0,1,0.5,2.32498,0.671868,0.1,0.408685,0.1,0.25,0.25,10,0.348731,0.1,0.1,0.241479,0.0304,0.028339,0.000779559,0.0254685,1,0.075,4.5,114,487,295,171,1,12,1,0.811143,0
575,0,1,0.9,0.9,0,1.0248,0.0432328,0,1,1,1,1,1,1,1,0,0,0,0,0,1,1,0.75,0.1,2.23071,2.60912,2.74625,3,1,1,1,4.5,33,35,1,0.148532,0.282456,0.630137,0.882162,1,0.1,0.436051,2.97523,2,0.468373,1,2,0.65,0.65,1,0.0279532,1.06889,1,1,1,1,1,0.0122372,1,210,3.43599,1.16773,0.959577,1,10,0.0425323,2.31771,0,1.07054,0,0.114935,0,0,0,1,0.5,2.32498,0.671868,0.1,0.408685,0.1,0.25,0.25,10,0.348731,0.1,0.1,0.241479,0.0304,0.028339,0.000779559,0.0254685,1,0.075,4.5,114,487,295,171,1,12,0.891183,0.944082,6.48645e-13
576,0,1,0.9,4.94933,0,0.932152,0.0382088,0,1,1,1,1,1,1,1,0,0,0,0,0,1,0.786834,0.75,0.1,2.23071,2.60912,2.74625,3,1,1,1,4.5,33,35,1,0.148532,0.282456,0.630137,0.882162,1,0.1,0.436051,2.97523,2,0.468373,1,2,0.65,0.65,1,0.0163196,1.14615,1,1,1,1,1,0.0106033,1,210,3.43599,1.16773,0.959577,1,10,0.0520569,6.9003,0,1.30692,0,0.3104,0,0,0,1,0.5,2.32498,0.671868,0.1,0.408685,0.1,0.25,0.25,10,0.348731,0.1,0.1,0.241479,0.0304,0.028339,0.000779559,0.0254685,1,0.075,4.5,114,487,295,171,1,12,1,0.911272,0
577,0,1,0.9,3.34407,0,0.839692,0.0404588,0,1,1,1,1,1,1,0.865411,0,0,0,0,0,0.31406,0.498812,0.75,0.1,2.23071,2.60912,2.74625,3,1,1,1,4.5,33,35,1,0.148532,0.282456,0.630137,0.882162,1,0.1,0.436051,2.97523,2,0.468373,1,2,0.65,0.65,1,0.0165143,0.324615,1,1,1,1,1,0.0769081,1,210,3.43599,1.16773,0.959577,1,10,0.165744,1.08895,0,1.35141,0,0.343269,0,0,0,1,0.5,2.32498,0.671868,0.1,0.408685,0.1,0.25,0.25,10,0.348731,0.1,0.1,0.241479,0.0304,0.028339,0.000779559,0.0254685,1,0.075,4.5,114,487,295,171,1,12,0.994942,1,0
578,0,1,0.9,1.16336,0,1.06795,0.0340461,0,1,1,1,1,1,1,0.884401,0,0,0,0,0,1,0.403932,0.75,0.1,2.23071,2.60912,2.74625,3,1,1,1,4.5,33,35,1,0.148532,0.282456,0.630137,0.882162,1,0.1,0.436051,2.97523,2,0.468373,1,2,0.65,0.65,1,0.00938345,5.99017,1,1,1,1,1,0.0167827,1,210,3.43599,1.16773,0.959577,1,10,0.177666,4.81303,0,1.19054,0,0.0722189,0,0,0,1,0.5,2.32498,0.671868,0.1,0.408685,0.1,0.25,0.25,10,0.348731,0.1,0.1,0.241479,0.0304,0.028339,0.000779559,0.0254685,1,0.075,4.5,114,487,295,171,1,12,0.957747,0.872576,0
579,0,1,0.9,5.1169,0,0.963756,0.0436635,0,1,1,1,1,1,1,0.0415714,0,0,0,0,0,0.679542,0.325818,0.75,0.1,2.23071,2.60912,2.74625,3,1,1,1,4.5,33,35,1,0.148532,0.282456,0.630137,0.882162,1,0.1,0.436051,2.97523,2,0.468373,1,2,0.65,0.65,1,0.0306926,0.196601,1,1,1,1,1,0.00929897,1,210,3.43599,1.16773,0.959577,1,10,0.0502348,1.30801,0,1.66695,0,1.17005,0,0,0,1,0.5,2.32498,0.671868,0.1,0.408685,0.1,0.25,0.25,10,0.348731,0.1,0.1,0.241479,0.0304,0.028339,0.000779559,0.0254685,1,0.075,4.5,114,487,295,171,1,12,0.996266,1,0
580,0,1,0.9,0.9,0,1.02379,0.0396771,0,1,1,1,1,1,1,0.404576,0,0,0,0,0,0.255623,1,0.75,0.1,2.23071,2.60912,2.74625,3,1,1,1,4.5,33,35,1,0.148532,0.282456,0.630137,0.882162,1,0.1,0.436051,2.97523,2,0.468373,1,2,0.65,0.65,1,0.00697152,0.0861967,1,1,1,1,1,0.00942262,1,210,3.43599,1.16773,0.959577,1,10,0.0369487,2.7772,0,0.955746,0,0.0385109,0,0,0,1,0.5,2.32498,0.671868,0.1,0.408685,0.1,0.25,0.25,10,0.348731,0.1,0.1,0.241479,0.0304,0.028339,0.000779559,0.0254685,1,0.075,4.5,114,487,295,171,1,12,1,0.740961,0.000179637
581,0,1,0.9,0.9,0,0.993202,0.0452582,0,1,1,1,1,1,1,0.124911,0,0,0,0,0,1,0.181366,0.75,0.1,2.23071,2.60912,2.74625,3,1,1,1,4.5,33,35,1,0.148532,0.282456,0.630137,0.882162,1,0.1,0.436051,2.97523,2,0.468373,1,2,0.65,0.65,1,0.00220426,0.146798,1,1,1,1,1,0.00372709,1,210,3.43599,1.16773,0.959577,1,10,0.0897735,1.4132,0,0.970754,0,0.33008,0,0,0,1,0.5,2.32498,0.671868,0.1,0.408685,0.1,0.25,0.25,10,0.348731,0.1,0.1,0.241479,0.0304,0.028339,0.000779559,0.0254685,1,0.075,4.5,114,487,295,171,1,12,1,0.829994,4.0572e-09
582,0,1,0.9,3.81913,0,1.03557,0.0418292,0,1,1,1,1,1,1,0.868578,0,0,0,0,0,0.324505,1,0.75,0.1,2.23071,2.60912,2.74625,3,1,1,1,4.5,33,35,1,0.148532,0.282456,0.630137,0.882162,1,0.1,0.436051,2.97523,2,0.468373,1,2,0.65,0.65,1,0.0119422,2.22968,1,1,1,1,1,0.162778,1,210,3.43599,1.16773,0.959577,1,10,0.0394813,0.513263,0,0.354151,0,0.0597028,0,0,0,1,0.5,2.32498,0.671868,0.1,0.408685,0.1,0.25,0.25,10,0.348731,0.1,0.1,0.241479,0.0304,0.028339,0.000779559,0.0254685,1,0.075,4.5,114,487,295,171,1,12,1,0.859327,0.000179637
583,0,1,0.9,0.9,0,1.08128,0.0392288,0,1,1,1,1,1,1,0.228509,0,0,0,0,0,0.262079,0.172639,0.75,0.1,2.23071,2.60912,2.74625,3,1,1,1,4.5,33,35,1,0.148532,0.282456,0.630137,0.882162,1,0.1,0.436051,2.97523,2,0.468373,1,2,0.65,0.65,1,0.00906563,1.33181,1,1,1,1,1,0.000442589,1,210,3.43599,1.16773,0.959577,1,10,0.0855848,4.25602,0,0.257842,0,0.84011,0,0,0,1,0.5,2.32498,0.671868,0.1,0.408685,0.1,0.25,0.25,10,0.348731,0.1,0.1,0.241479,0.0304,0.028339,0.000779559,0.0254685,1,0.075,4.5,114,487,295,171,1,12,1,0.823241,2.18521e-13
584,0,1,0.9,0.9,0,0.896728,0.0374002,0,1,1,1,1,1,1,0.335194,0,0,0,0,0,0.415,0.088743,0.75,0.1,2.23071,2.60912,2.74625,3,1,1,1,4.5,33,35,1,0.148532,0.282456,0.630137,0.882162,1,0.1,0.436051,2.97523,2,0.468373,1,2,0.65,0.65,1,0.126359,1.75571,1,1,1,1,1,0.0454379,1,210,3.43599,1.16773,0.959577,1,10,0.102008,0.324818,0,0.288818,0,0.00484751,0,0,0,1,0.5,2.32498,0.671868,0.1,0.408685,0.1,0.25,0.25,10,0.348731,0.1,0.1,0.241479,0.0304,0.028339,0.000779559,0.0254685,1,0.075,4.5,114,487,295,171,1,12,0.887036,0.809375,0
585,0,1,0.9,3.39191,0,1.17529,0.0445318,0,1,1,1,1,1,1,0.208364,0,0,0,0,0,0.610809,0.074231,0.75,0.1,2.23071,2.60912,2.74625,3,1,1,1,4.5,33,35,1,0.148532,0.282456,0.630137,0.882162,1,0.1,0.436051,2.97523,2,0.468373,1,2,0.65,0.65,1,0.0002445,0.161644,1,1,1,1,1,0.0585486,1,210,3.43599,1.16773,0.959577,1,10,0.0189179,5.16767,0,0.166792,0,0.0619977,0,0,0,1,0.5,2.32498,0.671868,0.1,0.408685,0.1,0.25,0.25,10,0.348731,0.1,0.1,0.241479,0.0304,0.028339,0.000779559,0.0254685,1,0.075,4.5,114,487,295,171,1,12,1,0.912149,0
586,0,1,0.9,5.39451,0,0.996723,0.0358936,0,1,1,1,1,1,1,0.967048,0,0,0,0,0,0.121965,1,0.75,0.1,2.23071,2.60912,2.74625,3,1,1,1,4.5,33,35,1,0.148532,0.282456,0.630137,0.882162,1,0.1,0.436051,2.97523,2,0.468373,1,2,0.65,0.65,1,0.00187099,1.17308,1,1,1,1,1,0.257672,1,210,3.43599,1.16773,0.959577,1,10,0.0510607,2.07153,0,27.9642,0,0.987065,0,0,0,1,0.5,2.32498,0.671868,0.1,0.408685,0.1,0.25,0.25,10,0.348731,0.1,0.1,0.241479,0.0304,0.028339,0.000779559,0.0254685,1,0.075,4.5,114,487,295,171,1,12,0.909909,0.973765,2.08e-13
587,0,1,0.9,0.9,0,0.855912,0.0373029,0,1,1,1,1,1,1,0.192421,0,0,0,0,0,0.164654,0.938583,0.75,0.1,2.23071,2.60912,2.74625,3,1,1,1,4.5,33,35,1,0.148532,0.282456,0.630137,0.882162,1,0.1,0.436051,2.97523,2,0.468373,1,2,0.65,0.65,1,0.00107632,1.01861,1,1,1,1,1,0.102154,1,210,3.43599,1.16773,0.959577,1,10,0.0689331,0.345536,0,44.1047,0,0.0616359,0,0,0,1,0.5,2.32498,0.671868,0.1,0.408685,0.1,0.25,0.25,10,0.348731,0.1,0.1,0.241479,0.0304,0.028339,0.000779559,0.0254685,1,0.075,4.5,114,487,295,171,1,12,1,1,0.000179637
588,0,1,0.9,2.19571,0,1.15283,0.0416835,0,1,1,1,1,1,1,0.986386,0,0,0,0,0,1,0.52086,0.75,0.1,2.23071,2.60912,2.74625,3,1,1,1,4.5,33,35,1,0.148532,0.282456,0.630137,0.882162,1,0.1,0.436051,2.97523,2,0.468373,1,2,0.65,0.65,1,0.0249323,3.0914,1,1,1,1,1,0.0948593,1,210,3.43599,1.16773,0.959577,1,10,0.0279463,0.764111,0,0.0636006,0,0.0189338,0,0,0,1,0.5,2.32498,0.671868,0.1,0.408685,0.1,0.25,0.25,10,0.348731,0.1,0.1,0.241479,0.0304,0.028339,0.000779559,0.0254685,1,0.075,4.5,114,487,295,171,1,12,1,0.741054,0.000179637
589,0,1,0.9,0.9,0,1.09024,0.0434226,0,1,1,1,1,1,1,0.837927,0,0,0,0,0,0.157197,0.782071,0.75,0.1,2.23071,2.60912,2.74625,3,1,1,1,4.5,33,35,1,0.148532,0.282456,0.630137,0.882162,1,0.1,0.436051,2.97523,2,0.468373,1,2,0.65,0.65,1,0.00362095,1.03552,1,1,1,1,1,0.876755,1,210,3.43599,1.16773,0.959577,1,10,0.00653207,2.226,0,1.17684,0,0.0107106,0,0,0,1,0.5,2.32498,0.671868,0.1,0.408685,0.1,0.25,0.25,10,0.348731,0.1,0.1,0.241479,0.0304,0.028339,0.000779559,0.0254685,1,0.075,4.5,114,487,295,171,1,12,1,0.942147,0.000179637
590,0,1,0.9,0.9,0,1.03123,0.0381519,0,1,1,1,1,1,1,0.341271,0,0,0,0,0,0.290142,0.559634,0.75,0.1,2.23071,2.60912,2.74625,3,1,1,1,4.5,33,35,1,0.148532,0.282456,0.630137,0.882162,1,0.1,0.436051,2.97523,2,0.468373,1,2,0.65,0.65,1,0.0169099,1.38545,1,1,1,1,1,0.00176898,1,210,3.43599,1.16773,0.959577,1,10,0.0982164,1.22297,0,0.0875586,0,0.0216776,0,0,0,1,0.5,2.32498,0.671868,0.1,0.408685,0.1,0.25,0.25,10,0.348731,0.1,0.1,0.241479,0.0304,0.028339,0.000779559,0.0254685,1,0.075,4.5,114,487,295,171,1,12,1,1,6.93088e-09
591,0,1,0.9,1.94,0,0.98384,0.038138,0,1,1,1,1,1,1,0.765267,0,0,0,0,0,0.264326,1,0.75,0.1,2.23071,2.60912,2.74625,3,1,1,1,4.5,33,35,1,0.148532,0.282456,0.630137,0.882162,1,0.1,0.436051,2.97523,2,0.468373,1,2,0.65,0.65,1,0.276012,2.98091,1,1,1,1,1,0.007608,1,210,3.43599,1.16773,0.959577,1,10,0.00569701,0.518286,0,0.193951,0,0.525028,0,0,0,1,0.5,2.32498,0.671868,0.1,0.408685,0.1,0.25,0.25,10,0.348731,0.1,0.1,0.241479,0.0304,0.028339,0.000779559,0.0254685,1,0.075,4.5,114,487,295,171,1,12,0.947401,1,2.18521e-13
592,0,1,0.9,1.39805,0,1.01516,0.04,0,1,1,1,1,1,1,0.0950701,0,0,0,0,0,1,0.675358,0.75,0.1,2.23071,2.60912,2.74625,3,1,1,1,4.5,33,35,1,0.148532,0.282456,0.630137,0.882162,1,0.1,0.436051,2.97523,2,0.468373,1,2,0.65,0.65,1,0.0410279,2.16864,1,1,1,1,1,0.00589335,1,210,3.43599,1.16773,0.959577,1,10,0.174194,1.23569,0,1.09385,0,0.859585,0,0,0,1,0.5,2.32498,0.671868,0.1,0.408685,0.1,0.25,0.25,10,0.348731,0.1,0.1,0.241479,0.0304,0.028339,0.000779559,0.0254685,1,0.075,4.5,114,487,295,171,1,12,1,0.895082,2.69243e-13
593,0,1,0.9,1.58617,0,0.877541,0.0403664,0,1,1,1,1,1,1,1,0,0,0,0,0,0.881195,0.917796,0.75,0.1,2.23071,2.60912,2.74625,3,1,1,1,4.5,33,35,1,0.148532,0.282456,0.630137,0.882162,1,0.1,0.436051,2.97523,2,0.468373,1,2,0.65,0.65,1,0.00812119,0.470095,1,1,1,1,1,0.0171162,1,210,3.43599,1.16773,0.959577,1,10,0.0860543,0.768836,0,1.07747,0,0.302246,0,0,0,1,0.5,2.32498,0.671868,0.1,0.408685,0.1,0.25,0.25,10,0.348731,0.1,0.1,0.241479,0.0304,0.028339,0.000779559,0.0254685,1,0.075,4.5,114,487,295,171,1,12,1,0.901265,6.93088e-09
594,0,1,0.9,3.78192,0,0.922087,0.042323,0,1,1,1,1,1,1,0.490417,0,0,0,0,0,0.27485,0.158901,0.75,0.1,2.23071,2.60912,2.74625,3,1,1,1,4.5,33,35,1,0.148532,0.282456,0.630137,0.882162,1,0.1,0.436051,2.97523,2,0.468373,1,2,0.65,0.65,1,0.00127998,1.28468,1,1,1,1,1,0.00393138,1,210,3.43599,1.16773,0.959577,1,10,0.41219,0.9985,0,3.41216,0,0.898238,0,0,0,1,0.5,2.32498,0.671868,0.1,0.408685,0.1,0.25,0.25,10,0.348731,0.1,0.1,0.241479,0.0304,0.028339,0.000779559,0.0254685,1,0.075,4.5,114,487,295,171,1,12,0.911897,0.999096,6.48645e-13
595,0,1,0.9,0.9,0,1.10508,0.0417819,0,1,1,1,1,1,1,0.182833,0,0,0,0,0,0.304682,0.924335,0.75,0.1,2.23071,2.60912,2.74625,3,1,1,1,4.5,33,35,1,0.148532,0.282456,0.630137,0.882162,1,0.1,0.436051,2.97523,2,0.468373,1,2,0.65,0.65,1,0.627043,2.90872,1,1,1,1,1,0.426819,1,210,3.43599,1.16773,0.959577,1,10,0.127078,1.59443,0,0.00693055,0,0.327649,0,0,0,1,0.5,2.32498,0.671868,0.1,0.408685,0.1,0.25,0.25,10,0.348731,0.1,0.1,0.241479,0.0304,0.028339,0.000779559,0.0254685,1,0.075,4.5,114,487,295,171,1,12,0.902287,1,0.00263158
596,0,1,0.9,0.9,0,1.06499,0.043464,0,1,1,1,1,1,1,0.851316,0,0,0,0,0,0.167969,0.0809554,0.75,0.1,2.23071,2.60912,2.74625,3,1,1,1,4.5,33,35,1,0.148532,0.282456,0.630137,0.882162,1,0.1,0.436051,2.97523,2,0.468373,1,2,0.65,0.65,1,0.00464926,1.5947,1,1,1,1,1,0.0536505,1,210,3.43599,1.16773,0.959577,1,10,0.043007,0.77384,0,0.00637977,0,0.0411817,0,0,0,1,0.5,2.32498,0.671868,0.1,0.408685,0.1,0.25,0.25,10,0.348731,0.1,0.1,0.241479,0.0304,0.028339,0.000779559,0.0254685,1,0.075,4.5,114,487,295,171,1,12,1,0.721359,0.000179637
597,0,1,0.9,1.39295,0,0.831535,0.0443151,0,1,1,1,1,1,1,0.712215,0,0,0,0,0,0.361075,1,0.75,0.1,2.23071,2.60912,2.74625,3,1,1,1,4.5,33,35,1,0.148532,0.282456,0.630137,0.882162,1,0.1,0.436051,2.97523,2,0.468373,1,2,0.65,0.65,1,0.00192926,1.3778,1,1,1,1,1,0.0495858,1,210,3.43599,1.16773,0.959577,1,10,0.0181106,4.44693,0,2.82777,0,0.939499,0,0,0,1,0.5,2.32498,0.671868,0.1,0.408685,0.1,0.25,0.25,10,0.348731,0.1,0.1,0.241479,0.0304,0.028339,0.000779559,0.0254685,1,0.075,4.5,114,487,295,171,1,12,0.846858,1,4.01339e-13
598,0,1,0.9,1.17537,0,1.01792,0.0421815,0,1,1,1,1,1,1,0.606124,0,0,0,0,0,0.330432,0.935692,0.75,0.1,2.23071,2.60912,2.74625,3,1,1,1,4.5,33,35,1,0.148532,0.282456,0.630137,0.882162,1,0.1,0.436051,2.97523,2,0.468373,1,2,0.65,0.65,1,0.257217,2.10747,1,1,1,1,1,0.0936778,1,210,3.43599,1.16773,0.959577,1,10,0.113968,0.234434,0,0.170439,0,0.0251134,0,0,0,1,0.5,2.32498,0.671868,0.1,0.408685,0.1,0.25,0.25,10,0.348731,0.1,0.1,0.241479,0.0304,0.028339,0.000779559,0.0254685,1,0.075,4.5,114,487,295,171,1,12,0.990113,0.994564,0
599,0,1,0.9,2.76511,0,0.97124,0.0375898,0,1,1,1,1,1,1,1,0,0,0,0,0,1,0.255184,0.75,0.1,2.23071,2.60912,2.74625,3,1,1,1,4.5,33,35,1,0.148532,0.282456,0.630137,0.882162,1,0.1,0.436051,2.97523,2,0.468373,1,2,0.65,0.65,1,0.00138517,1.30146,1,1,1,1,1,0.0131767,1,210,3.43599,1.16773,0.959577,1,10,0.00958865,1.04409,0,0.92145,0,0.11599,0,0,0,1,0.5,2.32498,0.671868,0.1,0.408685,0.1,0.25,0.25,10,0.348731,0.1,0.1,0.241479,0.0304,0.028339,0.000779559,0.0254685,1,0.075,4.5,114,487,295,171,1,12,0.996185,0.93466,0.000179637
600,0,1,0.9,1.18291,0,1.03146,0.044697,0,1,1,1,1,1,1,0.245513,0,0,0,0,0,0.223744,0.80872,0.75,0.1,2.23071,2.60912,2.74625,3,1,1,1,4.5,33,35,1,0.148532,0.282456,0.630137,0.882162,1,0.1,0.436051,2.97523,2,0.468373,1,2,0.65,0.65,1,0.00231422,0.956175,1,1,1,1,1,0.00128472,1,210,3.43599,1.16773,0.959577,1,10,0.0510493,0.702113,0,6.30066,0,0.0642961,0,0,0,1,0.5,2.32498,0.671868,0.1,0.408685,0.1,0.25,0.25,10,0.348731,0.1,0.1,0.241479,0.0304,0.028339,0.000779559,0.0254685,1,0.075,4.5,114,487,295,171,1,12,1,0.836437,0.000179637
601,0,1,0.9,2.39322,0,1.01709,0.0443337,0,1,1,1,1,1,1,1,0,0,0,0,0,0.140258,0.107579,0.75,0.1,2.23071,2.60912,2.74625,3,1,1,1,4.5,33,35,1,0.148532,0.282456,0.630137,0.882162,1,0.1,0.436051,2.97523,2,0.468373,1,2,0.65,0.65,1,0.00360767,0.749571,1,1,1,1,1,0.0290228,1,210,3.43599,1.16773,0.959577,1,10,0.0391477,1.35897,0,0.108171,0,0.111086,0,0,0,1,0.5,2.32498,0.671868,0.1,0.408685,0.1,0.25,0.25,10,0.348731,0.1,0.1,0.241479,0.0304,0.028339,0.000779559,0.0254685,1,0.075,4.5,114,487,295,171,1,12,0.985029,1,0
602,0,1,0.9,0.9,0,1.03327,0.0445531,0,1,1,1,1,1,1,0.467822,0,0,0,0,0,0.24626,1,0.75,0.1,2.23071,2.60912,2.74625,3,1,1,1,4.5,33,35,1,0.148532,0.282456,0.630137,0.882162,1,0.1,0.436051,2.97523,2,0.468373,1,2,0.65,0.65,1,0.0142636,7.64385,1,1,1,1,1,0.0415005,1,210,3.43599,1.16773,0.959577,1,10,0.0195711,0.9093,0,0.089996,0,0.911963,0,0,0,1,0.5,2.32498,0.671868,0.1,0.408685,0.1,0.25,0.25,10,0.348731,0.1,0.1,0.241479,0.0304,0.028339,0.000779559,0.0254685,1,0.075,4.5,114,487,295,171,1,12,0.985377,0.875606,0.00263158
603,0,1,0.9,2.86635,0,1.23357,0.0382976,0,1,1,1,1,1,1,0.380787,0,0,0,0,0,0.03966,0.0957604,0.75,0.1,2.23071,2.60912,2.74625,3,1,1,1,4.5,33,35,1,0.148532,0.282456,0.630137,0.882162,1,0.1,0.436051,2.97523,2,0.468373,1,2,0.65,0.65,1,0.0352332,0.756543,1,1,1,1,1,0.0212196,1,210,3.43599,1.16773,0.959577,1,10,0.173946,3.80859,0,0.188709,0,0.0884359,0,0,0,1,0.5,2.32498,0.671868,0.1,0.408685,0.1,0.25,0.25,10,0.348731,0.1,0.1,0.241479,0.0304,0.028339,0.000779559,0.0254685,1,0.075,4.5,114,487,295,171,1,12,0.983517,1,0
604,0,1,0.9,1.14116,0,0.864061,0.0371526,0,1,1,1,1,1,1,0.49789,0,0,0,0,0,0.67068,0.689215,0.75,0.1,2.23071,2.60912,2.74625,3,1,1,1,4.5,33,35,1,0.148532,0.282456,0.630137,0.882162,1,0.1,0.436051,2.97523,2,0.468373,1,2,0.65,0.65,1,0.00244636,0.680672,1,1,1,1,1,12.5198,12.5198,210,3.43599,1.16773,0.959577,1,10,0.0724998,1.50563,0,0.121334,0,0.00549239,0,0,0,1,0.5,2.32498,0.671868,0.1,0.408685,0.1,0.25,0.25,10,0.348731,0.1,0.1,0.241479,0.0304,0.028339,0.000779559,0.0254685,1,0.075,4.5,114,487,295,171,1,12,1,1,0.000179637
605,0,1,0.9,1.22977,0,1.11497,0.0390148,0,1,1,1,1,1,1,0.12552,0,0,0,0,0,1,0.102087,0.75,0.1,2.23071,2.60912,2.74625,3,1,1,1,4.5,33,35,1,0.148532,0.282456,0.630137,0.882162,1,0.1,0.436051,2.97523,2,0.468373,1,2,0.65,0.65,1,0.0206479,0.367076,1,1,1,1,1,0.0475522,1,210,3.43599,1.16773,0.959577,1,10,0.0503283,0.741521,0,6.32376,0,0.0712558,0,0,0,1,0.5,2.32498,0.671868,0.1,0.408685,0.1,0.25,0.25,10,0.348731,0.1,0.1,0.241479,0.0304,0.028339,0.000779559,0.0254685,1,0.075,4.5,114,487,295,171,1,12,1,0.878682,0.000179637
606,0,1,0.9,0.9,0,1.13667,0.0448961,0,1,1,1,1,1,1,0.319479,0,0,0,0,0,0.239972,1,0.75,0.1,2.23071,2.60912,2.74625,3,1,1,1,4.5,33,35,1,0.148532,0.282456,0.630137,0.882162,1,0.1,0.436051,2.97523,2,0.468373,1,2,0.65,0.65,1,0.00203106,0.545785,1,1,1,1,1,0.0184983,1,210,3.43599,1.16773,0.959577,1,10,0.0194723,2.57375,0,0.0344037,0,3.21464,0,0,0,1,0.5,2.32498,0.671868,0.1,0.408685,0.1,0.25,0.25,10,0.348731,0.1,0.1,0.241479,0.0304,0.028339,0.000779559,0.0254685,1,0.075,4.5,114,487,295,171,1,12,1,1,0
607,0,1,0.9,1.15514,0,0.994206,0.0401438,0,1,1,1,1,1,1,0.288495,0,0,0,0,0,0.0600114,0.281101,0.75,0.1,2.23071,2.60912,2.74625,3,1,1,1,4.5,33,35,1,0.148532,0.282456,0.630137,0.882162,1,0.1,0.436051,2.97523,2,0.468373,1,2,0.65,0.65,1,0.000170595,4.76378,1,1,1,1,1,1.85942,1.85942,210,3.43599,1.16773,0.959577,1,10,0.357006,1.43612,0,0.0248474,0,11.6683,0,0,0,1,0.5,2.32498,0.671868,0.1,0.408685,0.1,0.25,0.25,10,0.348731,0.1,0.1,0.241479,0.0304,0.028339,0.000779559,0.0254685,1,0.075,4.5,114,487,295,171,1,12,1,1,0.00119048
608,0,1,0.9,0.9,0,0.845846,0.0433904,0,1,1,1,1,1,1,0.113667,0,0,0,0,0,0.416199,0.693042,0.75,0.1,2.23071,2.60912,2.74625,3,1,1,1,4.5,33,35,1,0.148532,0.282456,0.630137,0.882162,1,0.1,0.436051,2.97523,2,0.468373,1,2,0.65,0.65,1,0.0153075,0.673969,1,1,1,1,1,0.0442114,1,210,3.43599,1.16773,0.959577,1,10,0.0255933,8.68111,0,0.398561,0,0.00341344,0,0,0,1,0.5,2.32498,0.671868,0.1,0.408685,0.1,0.25,0.25,10,0.348731,0.1,0.1,0.241479,0.0304,0.028339,0.000779559,0.0254685,1,0.075,4.5,114,487,295,171,1,12,1,0.883049,0.000179637
609,0,1,0.9,0.9,0,0.897054,0.0386628,0,1,1,1,1,1,1,0.519245,0,0,0,0,0,1,1,0.75,0.1,2.23071,2.60912,2.74625,3,1,1,1,4.5,33,35,1,0.148532,0.282456,0.630137,0.882162,1,0.1,0.436051,2.97523,2,0.468373,1,2,0.65,0.65,1,0.0178043,2.89413,1,1,1,1,1,0.346957,1,210,3.43599,1.16773,0.959577,1,10,0.0591146,2.69569,0,0.232565,0,0.513261,0,0,0,1,0.5,2.32498,0.671868,0.1,0.408685,0.1,0.25,0.25,10,0.348731,0.1,0.1,0.241479,0.0304,0.028339,0.000779559,0.0254685,1,0.075,4.5,114,487,295,171,1,12,0.946875,1,2.08e-13
610,0,1,0.9,0.9,0,1.06536,0.0428958,0,1,1,1,1,1,1,0.914029,0,0,0,0,0,0.189474,0.673833,0.75,0.1,2.23071,2.60912,2.74625,3,1,1,1,4.5,33,35,1,0.148532,0.282456,0.630137,0.882162,1,0.1,0.436051,2.97523,2,0.468373,1,2,0.65,0.65,1,0.293298,0.376501,1,1,1,1,1,0.0684556,1,210,3.43599,1.16773,0.959577,1,10,0.0123819,2.70337,0,0.0679764,0,0.28643,0,0,0,1,0.5,2.32498,0.671868,0.1,0.408685,0.1,0.25,0.25,10,0.348731,0.1,0.1,0.241479,0.0304,0.028339,0.000779559,0.0254685,1,0.075,4.5,114,487,295,171,1,12,1,0.77199,0
611,0,1,0.9,1.81898,0,0.863026,0.0401928,0,1,1,1,1,1,1,0.190705,0,0,0,0,0,0.367622,0.0598917,0.75,0.1,2.23071,2.60912,2.74625,3,1,1,1,4.5,33,35,1,0.148532,0.282456,0.630137,0.882162,1,0.1,0.436051,2.97523,2,0.468373,1,2,0.65,0.65,1,0.00655548,0.788719,1,1,1,1,1,0.00794007,1,210,3.43599,1.16773,0.959577,1,10,0.0233452,2.19941,0,0.207918,0,3.06293,0,0,0,1,0.5,2.32498,0.671868,0.1,0.408685,0.1,0.25,0.25,10,0.348731,0.1,0.1,0.241479,0.0304,0.028339,0.000779559,0.0254685,1,0.075,4.5,114,487,295,171,1,12,1,0.992345,0
612,0,1,0.9,0.9,0,1.03395,0.0441985,0,1,1,1,1,1,1,0.238087,0,0,0,0,0,0.129661,0.175799,0.75,0.1,2.23071,2.60912,2.74625,3,1,1,1,4.5,33,35,1,0.148532,0.282456,0.630137,0.882162,1,0.1,0.436051,2.97523,2,0.468373,1,2,0.65,0.65,1,0.128281,0.362544,1,1,1,1,1,1.07006,1.07006,210,3.43599,1.16773,0.959577,1,10,0.0147501,1.31707,0,5.35816,0,0.32445,0,0,0,1,0.5,2.32498,0.671868,0.1,0.408685,0.1,0.25,0.25,10,0.348731,0.1,0.1,0.241479,0.0304,0.028339,0.000779559,0.0254685,1,0.075,4.5,114,487,295,171,1,12,1,0.889254,0
613,0,1,0.9,1.33839,0,1.01633,0.035601,0,1,1,1,1,1,1,1,0,0,0,0,0,0.234121,0.178359,0.75,0.1,2.23071,2.60912,2.74625,3,1,1,1,4.5,33,35,1,0.148532,0.282456,0.630137,0.882162,1,0.1,0.436051,2.97523,2,0.468373,1,2,0.65,0.65,1,0.263331,0.939575,1,1,1,1,1,0.0323355,1,210,3.43599,1.16773,0.959577,1,10,0.0222815,2.00769,0,0.17957,0,0.00753935,0,0,0,1,0.5,2.32498,0.671868,0.1,0.408685,0.1,0.25,0.25,10,0.348731,0.1,0.1,0.241479,0.0304,0.028339,0.000779559,0.0254685,1,0.075,4.5,114,487,295,171,1,12,1,0.821814,0
614,0,1,0.9,3.22419,0,1.03288,0.0468809,0,1,1,1,1,1,1,0.501737,0,0,0,0,0,0.605919,0.185866,0.75,0.1,2.23071,2.60912,2.74625,3,1,1,1,4.5,33,35,1,0.148532,0.282456,0.630137,0.882162,1,0.1,0.436051,2.97523,2,0.468373,1,2,0.65,0.65,1,0.00223311,0.415772,1,1,1,1,1,0.106045,1,210,3.43599,1.16773,0.959577,1,10,0.0129629,0.99075,0,7.47665,0,0.255633,0,0,0,1,0.5,2.32498,0.671868,0.1,0.408685,0.1,0.25,0.25,10,0.348731,0.1,0.1,0.241479,0.0304,0.028339,0.000779559,0.0254685,1,0.075,4.5,114,487,295,171,1,12,1,0.858325,4.0572e-09
615,0,1,0.9,0.979142,0,1.19238,0.0417741,0,1,1,1,1,1,1,0.31962,0,0,0,0,0,0.411705,0.539229,0.75,0.1,2.23071,2.60912,2.74625,3,1,1,1,4.5,33,35,1,0.148532,0.282456,0.630137,0.882162,1,0.1,0.436051,2.97523,2,0.468373,1,2,0.65,0.65,1,0.047396,0.814687,1,1,1,1,1,0.00163607,1,210,3.43599,1.16773,0.959577,1,10,0.161229,0.727955,0,0.0853746,0,0.00412881,0,0,0,1,0.5,2.32498,0.671868,0.1,0.408685,0.1,0.25,0.25,10,0.348731,0.1,0.1,0.241479,0.0304,0.028339,0.000779559,0.0254685,1,0.075,4.5,114,487,295,171,1,12,1,1,0
616,0,1,0.9,2.85456,0,0.991785,0.0387908,0,1,1,1,1,1,1,0.284521,0,0,0,0,0,0.387174,1,0.75,0.1,2.23071,2.60912,2.74625,3,1,1,1,4.5,33,35,1,0.148532,0.282456,0.630137,0.882162,1,0.1,0.436051,2.97523,2,0.468373,1,2,0.65,0.65,1,0.0406409,0.642093,1,1,1,1,1,1.63432,1.63432,210,3.43599,1.16773,0.959577,1,10,0.145672,3.80199,0,4.88307,0,0.110301,0,0,0,1,0.5,2.32498,0.671868,0.1,0.408685,0.1,0.25,0.25,10,0.348731,0.1,0.1,0.241479,0.0304,0.028339,0.000779559,0.0254685,1,0.075,4.5,114,487,295,171,1,12,0.95823,0.859351,2.18521e-13
617,0,1,0.9,0.9,0,1.08038,0.0344091,0,1,1,1,1,1,1,0.189353,0,0,0,0,0,0.587443,1,0.75,0.1,2.23071,2.60912,2.74625,3,1,1,1,4.5,33,35,1,0.148532,0.282456,0.630137,0.882162,1,0.1,0.436051,2.97523,2,0.468373,1,2,0.65,0.65,1,0.00307708,1.73094,1,1,1,1,1,0.160247,1,210,3.43599,1.16773,0.959577,1,10,0.0358026,4.83941,0,0.28196,0,0.0791246,0,0,0,1,0.5,2.32498,0.671868,0.1,0.408685,0.1,0.25,0.25,10,0.348731,0.1,0.1,0.241479,0.0304,0.028339,0.000779559,0.0254685,1,0.075,4.5,114,487,295,171,1,12,0.923142,0.8309,0
618,0,1,0.9,1.19288,0,1.01003,0.0416828,0,1,1,1,1,1,1,1,0,0,0,0,0,0.301145,0.426094,0.75,0.1,2.23071,2.60912,2.74625,3,1,1,1,4.5,33,35,1,0.148532,0.282456,0.630137,0.882162,1,0.1,0.436051,2.97523,2,0.468373,1,2,0.65,0.65,1,0.0183905,0.726365,1,1,1,1,1,1.99305,1.99305,210,3.43599,1.16773,0.959577,1,10,0.334999,2.24517,0,4.6281,0,8.667,0,0,0,1,0.5,2.32498,0.671868,0.1,0.408685,0.1,0.25,0.25,10,0.348731,0.1,0.1,0.241479,0.0304,0.028339,0.000779559,0.0254685,1,0.075,4.5,114,487,295,171,1,12,1,0.859875,0
619,0,1,0.9,0.9,0,1.38559,0.0428452,0,1,1,1,1,1,1,0.203144,0,0,0,0,0,0.612822,0.0538621,0.75,0.1,2.23071,2.60912,2.74625,3,1,1,1,4.5,33,35,1,0.148532,0.282456,0.630137,0.882162,1,0.1,0.436051,2.97523,2,0.468373,1,2,0.65,0.65,1,0.000935523,0.210824,1,1,1,1,1,0.0360304,1,210,3.43599,1.16773,0.959577,1,10,0.00727735,0.986148,0,0.762477,0,0.20607,0,0,0,1,0.5,2.32498,0.671868,0.1,0.408685,0.1,0.25,0.25,10,0.348731,0.1,0.1,0.241479,0.0304,0.028339,0.000779559,0.0254685,1,0.075,4.5,114,487,295,171,1,12,1,0.971743,1.23335e-08
620,0,1,0.9,0.9,0,1.11979,0.0385979,0,1,1,1,1,1,1,1,0,0,0,0,0,0.279436,0.406489,0.75,0.1,2.23071,2.60912,2.74625,3,1,1,1,4.5,33,35,1,0.148532,0.282456,0.630137,0.882162,1,0.1,0.436051,2.97523,2,0.468373,1,2,0.65,0.65,1,0.013771,0.637663,1,1,1,1,1,0.0799329,1,210,3.43599,1.16773,0.959577,1,10,0.0523659,8.48203,0,7.3569,0,0.591668,0,0,0,1,0.5,2.32498,0.671868,0.1,0.408685,0.1,0.25,0.25,10,0.348731,0.1,0.1,0.241479,0.0304,0.028339,0.000779559,0.0254685,1,0.075,4.5,114,487,295,171,1,12,1,0.795048,0
621,0,1,0.9,0.9,0,0.91109,0.0397423,0,1,1,1,1,1,1,0.830406,0,0,0,0,0,0.628484,0.277052,0.75,0.1,2.23071,2.60912,2.74625,3,1,1,1,4.5,33,35,1,0.148532,0.282456,0.630137,0.882162,1,0.1,0.436051,2.97523,2,0.468373,1,2,0.65,0.65,1,0.01075,0.66046,1,1,1,1,1,0.00338204,1,210,3.43599,1.16773,0.959577,1,10,0.0641484,1.10702,0,0.158507,0,0.305387,0,0,0,1,0.5,2.32498,0.671868,0.1,0.408685,0.1,0.25,0.25,10,0.348731,0.1,0.1,0.241479,0.0304,0.028339,0.000779559,0.0254685,1,0.075,4.5,114,487,295,171,1,12,1,0.932175,0
622,0,1,0.9,0.9,0,0.895591,0.0437472,0,1,1,1,1,1,1,0.299396,0,0,0,0,0,0.154327,1,0.75,0.1,2.23071,2.60912,2.74625,3,1,1,1,4.5,33,35,1,0.148532,0.282456,0.630137,0.882162,1,0.1,0.436051,2.97523,2,0.468373,1,2,0.65,0.65,1,0.105627,0.705021,1,1,1,1,1,0.0466996,1,210,3.43599,1.16773,0.959577,1,10,0.101704,1.22538,0,0.756275,0,0.0588215,0,0,0,1,0.5,2.32498,0.671868,0.1,0.408685,0.1,0.25,0.25,10,0.348731,0.1,0.1,0.241479,0.0304,0.028339,0.000779559,0.0254685,1,0.075,4.5,114,487,295,171,1,12,1,0.894992,0
623,0,1,0.9,0.9,0,1.11109,0.0395266,0,1,1,1,1,1,1,0.466346,0,0,0,0,0,1,0.668779,0.75,0.1,2.23071,2.60912,2.74625,3,1,1,1,4.5,33,35,1,0.148532,0.282456,0.630137,0.882162,1,0.1,0.436051,2.97523,2,0.468373,1,2,0.65,0.65,1,0.0126776,0.294879,1,1,1,1,1,0.00853861,1,210,3.43599,1.16773,0.959577,1,10,0.057594,3.24431,0,1.48025,0,0.025577,0,0,0,1,0.5,2.32498,0.671868,0.1,0.408685,0.1,0.25,0.25,10,0.348731,0.1,0.1,0.241479,0.0304,0.028339,0.000779559,0.0254685,1,0.075,4.5,114,487,295,171,1,12,1,0.869062,1.23335e-08
624,0,1,0.9,0.9,0,1.21447,0.0421111,0,1,1,1,1,1,1,0.474826,0,0,0,0,0,0.143276,0.219438,0.75,0.1,2.23071,2.60912,2.74625,3,1,1,1,4.5,33,35,1,0.148532,0.282456,0.630137,0.882162,1,0.1,0.436051,2.97523,2,0.468373,1,2,0.65,0.65,1,0.177211,2.1373,1,1,1,1,1,0.0296887,1,210,3.43599,1.16773,0.959577,1,10,0.0185478,3.56661,0,0.729088,0,0.0749767,0,0,0,1,0.5,2.32498,0.671868,0.1,0.408685,0.1,0.25,0.25,10,0.348731,0.1,0.1,0.241479,0.0304,0.028339,0.000779559,0.0254685,1,0.075,4.5,114,487,295,171,1,12,0.891465,0.735394,0.00263158
625,0,1,0.9,0.9,0,1.06148,0.0442214,0,1,1,1,1,1,1,0.337523,0,0,0,0,0,1,0.751858,0.75,0.1,2.23071,2.60912,2.74625,3,1,1,1,4.5,33,35,1,0.148532,0.282456,0.630137,0.882162,1,0.1,0.436051,2.97523,2,0.468373,1,2,0.65,0.65,1,0.00153064,0.437806,1,1,1,1,1,0.00991364,1,210,3.43599,1.16773,0.959577,1,10,0.055828,4.96508,0,0.0108087,0,0.231,0,0,0,1,0.5,2.32498,0.671868,0.1,0.408685,0.1,0.25,0.25,10,0.348731,0.1,0.1,0.241479,0.0304,0.028339,0.000779559,0.0254685,1,0.075,4.5,114,487,295,171,1,12,1,0.890024,0
626,0,1,0.9,2.39758,0,1.01312,0.047146,0,1,1,1,1,1,1,1,0,0,0,0,0,0.237215,0.217555,0.75,0.1,2.23071,2.60912,2.74625,3,1,1,1,4.5,33,35,1,0.148532,0.282456,0.630137,0.882162,1,0.1,0.436051,2.97523,2,0.468373,1,2,0.65,0.65,1,1.70104e-05,0.754679,1,1,1,1,1,0.0547097,1,210,3.43599,1.16773,0.959577,1,10,0.408647,1.45702,0,0.0538109,0,0.952519,0,0,0,1,0.5,2.32498,0.671868,0.1,0.408685,0.1,0.25,0.25,10,0.348731,0.1,0.1,0.241479,0.0304,0.028339,0.000779559,0.0254685,1,0.075,4.5,114,487,295,171,1,12,0.921084,0.840595,0.00400607
627,0,1,0.9,1.55198,0,0.869219,0.0434819,0,1,1,1,1,1,1,1,0,0,0,0,0,0.0888605,1,0.75,0.1,2.23071,2.60912,2.74625,3,1,1,1,4.5,33,35,1,0.148532,0.282456,0.630137,0.882162,1,0.1,0.436051,2.97523,2,0.468373,1,2,0.65,0.65,1,0.302687,0.625785,1,1,1,1,1,0.379337,1,210,3.43599,1.16773,0.959577,1,10,0.0241299,3.77773,0,2.57043,0,0.0208282,0,0,0,1,0.5,2.32498,0.671868,0.1,0.408685,0.1,0.25,0.25,10,0.348731,0.1,0.1,0.241479,0.0304,0.028339,0.000779559,0.0254685,1,0.075,4.5,114,487,295,171,1,12,0.964944,0.760017,0
628,0,1,0.9,3.17875,0,1.07268,0.0414837,0,1,1,1,1,1,1,0.342861,0,0,0,0,0,0.182303,1,0.75,0.1,2.23071,2.60912,2.74625,3,1,1,1,4.5,33,35,1,0.148532,0.282456,0.630137,0.882162,1,0.1,0.436051,2.97523,2,0.468373,1,2,0.65,0.65,1,0.0678687,2.99578,1,1,1,1,1,0.312204,1,210,3.43599,1.16773,0.959577,1,10,0.0349315,0.630608,0,0.0140591,0,0.0226926,0,0,0,1,0.5,2.32498,0.671868,0.1,0.408685,0.1,0.25,0.25,10,0.348731,0.1,0.1,0.241479,0.0304,0.028339,0.000779559,0.0254685,1,0.075,4.5,114,487,295,171,1,12,1,0.901831,0
629,0,1,0.9,2.89726,0,0.962869,0.036847,0,1,1,1,1,1,1,0.546994,0,0,0,0,0,0.376829,0.839183,0.75,0.1,2.23071,2.60912,2.74625,3,1,1,1,4.5,33,35,1,0.148532,0.282456,0.630137,0.882162,1,0.1,0.436051,2.97523,2,0.468373,1,2,0.65,0.65,1,0.097647,1.23085,1,1,1,1,1,0.00626693,1,210,3.43599,1.16773,0.959577,1,10,0.0110079,4.5467,0,0.00019158,0,0.0109337,0,0,0,1,0.5,2.32498,0.671868,0.1,0.408685,0.1,0.25,0.25,10,0.348731,0.1,0.1,0.241479,0.0304,0.028339,0.000779559,0.0254685,1,0.075,4.5,114,487,295,171,1,12,1,0.694081,0
630,0,1,0.9,0.9,0,1.00989,0.0341707,0,1,1,1,1,1,1,0.994513,0,0,0,0,0,0.451367,0.598985,0.75,0.1,2.23071,2.60912,2.74625,3,1,1,1,4.5,33,35,1,0.148532,0.282456,0.630137,0.882162,1,0.1,0.436051,2.97523,2,0.468373,1,2,0.65,0.65,1,0.00252428,0.442754,1,1,1,1,1,0.0998453,1,210,3.43599,1.16773,0.959577,1,10,0.0383445,1.23712,0,0.0435677,0,0.0601281,0,0,0,1,0.5,2.32498,0.671868,0.1,0.408685,0.1,0.25,0.25,10,0.348731,0.1,0.1,0.241479,0.0304,0.028339,0.000779559,0.0254685,1,0.075,4.5,114,487,295,171,1,12,0.854416,0.976956,0.00119048
631,0,1,0.9,2.78051,0,1.08806,0.041633,0,1,1,1,1,1,1,1,0,0,0,0,0,0.185773,0.601003,0.75,0.1,2.23071,2.60912,2.74625,3,1,1,1,4.5,33,35,1,0.148532,0.282456,0.630137,0.882162,1,0.1,0.436051,2.97523,2,0.468373,1,2,0.65,0.65,1,0.0009336,1.98491,1,1,1,1,1,4.25145e-05,1,210,3.43599,1.16773,0.959577,1,10,0.103856,0.301028,0,2.13373,0,0.719012,0,0,0,1,0.5,2.32498,0.671868,0.1,0.408685,0.1,0.25,0.25,10,0.348731,0.1,0.1,0.241479,0.0304,0.028339,0.000779559,0.0254685,1,0.075,4.5,114,487,295,171,1,12,1,0.904483,0
632,0,1,0.9,0.9,0,0.828197,0.044323,0,1,1,1,1,1,1,0.20928,0,0,0,0,0,0.129291,0.0654479,0.75,0.1,2.23071,2.60912,2.74625,3,1,1,1,4.5,33,35,1,0.148532,0.282456,0.630137,0.882162,1,0.1,0.436051,2.97523,2,0.468373,1,2,0.65,0.65,1,0.00226858,1.84618,1,1,1,1,1,0.0281854,1,210,3.43599,1.16773,0.959577,1,10,0.35331,2.60887,0,0.0272473,0,0.123561,0,0,0,1,0.5,2.32498,0.671868,0.1,0.408685,0.1,0.25,0.25,10,0.348731,0.1,0.1,0.241479,0.0304,0.028339,0.000779559,0.0254685,1,0.075,4.5,114,487,295,171,1,12,1,0.803929,2.00538e-13
633,0,1,0.9,2.18643,0,1.01249,0.0428498,0,1,1,1,1,1,1,0.1181,0,0,0,0,0,1,0.313518,0.75,0.1,2.23071,2.60912,2.74625,3,1,1,1,4.5,33,35,1,0.148532,0.282456,0.630137,0.882162,1,0.1,0.436051,2.97523,2,0.468373,1,2,0.65,0.65,1,0.00727022,0.288271,1,1,1,1,1,0.106383,1,210,3.43599,1.16773,0.959577,1,10,0.0118048,5.67596,0,1.83549,0,0.0197012,0,0,0,1,0.5,2.32498,0.671868,0.1,0.408685,0.1,0.25,0.25,10,0.348731,0.1,0.1,0.241479,0.0304,0.028339,0.000779559,0.0254685,1,0.075,4.5,114,487,295,171,1,12,0.985653,0.977791,4.0572e-09
634,0,1,0.9,0.9,0,0.843593,0.042025,0,1,1,1,1,1,1,0.178863,0,0,0,0,0,0.638845,1,0.75,0.1,2.23071,2.60912,2.74625,3,1,1,1,4.5,33,35,1,0.148532,0.282456,0.630137,0.882162,1,0.1,0.436051,2.97523,2,0.468373,1,2,0.65,0.65,1,0.0141086,0.572009,1,1,1,1,1,0.0587636,1,210,3.43599,1.16773,0.959577,1,10,0.100225,3.59464,0,0.270041,0,0.600322,0,0,0,1,0.5,2.32498,0.671868,0.1,0.408685,0.1,0.25,0.25,10,0.348731,0.1,0.1,0.241479,0.0304,0.028339,0.000779559,0.0254685,1,0.075,4.5,114,487,295,171,1,12,1,0.835465,0
635,0,1,0.9,1.58671,0,1.07769,0.0397672,0,1,1,1,1,1,1,1,0,0,0,0,0,0.995626,0.248033,0.75,0.1,2.23071,2.60912,2.74625,3,1,1,1,4.5,33,35,1,0.148532,0.282456,0.630137,0.882162,1,0.1,0.436051,2.97523,2,0.468373,1,2,0.65,0.65,1,0.00460008,1.11025,1,1,1,1,1,2.37685,2.37685,210,3.43599,1.16773,0.959577,1,10,0.0810362,3.03943,0,0.51755,0,0.0095412,0,0,0,1,0.5,2.32498,0.671868,0.1,0.408685,0.1,0.25,0.25,10,0.348731,0.1,0.1,0.241479,0.0304,0.028339,0.000779559,0.0254685,1,0.075,4.5,114,487,295,171,1,12,1,0.852075,0.000179637
636,0,1,0.9,1.09032,0,0.956616,0.0397808,0,1,1,1,1,1,1,0.409479,0,0,0,0,0,0.116353,0.107449,0.75,0.1,2.23071,2.60912,2.74625,3,1,1,1,4.5,33,35,1,0.148532,0.282456,0.630137,0.882162,1,0.1,0.436051,2.97523,2,0.468373,1,2,0.65,0.65,1,0.0904119,3.51497,1,1,1,1,1,0.729653,1,210,3.43599,1.16773,0.959577,1,10,0.0549945,0.976053,0,0.360813,0,0.0739282,0,0,0,1,0.5,2.32498,0.671868,0.1,0.408685,0.1,0.25,0.25,10,0.348731,0.1,0.1,0.241479,0.0304,0.028339,0.000779559,0.0254685,1,0.075,4.5,114,487,295,171,1,12,1,0.916999,1.73294e-13
637,0,1,0.9,2.6004,0,0.975221,0.0466994,0,1,1,1,1,1,1,0.203811,0,0,0,0,0,0.217161,0.795179,0.75,0.1,2.23071,2.60912,2.74625,3,1,1,1,4.5,33,35,1,0.148532,0.282456,0.630137,0.882162,1,0.1,0.436051,2.97523,2,0.468373,1,2,0.65,0.65,1,0.00497702,2.81034,1,1,1,1,1,0.559067,1,210,3.43599,1.16773,0.959577,1,10,0.0675357,0.281274,0,0.00537823,0,0.0469767,0,0,0,1,0.5,2.32498,0.671868,0.1,0.408685,0.1,0.25,0.25,10,0.348731,0.1,0.1,0.241479,0.0304,0.028339,0.000779559,0.0254685,1,0.075,4.5,114,487,295,171,1,12,1,0.802108,0.000179637
638,0,1,0.9,0.944641,0,0.904536,0.043483,0,1,1,1,1,1,1,0.333019,0,0,0,0,0,0.205982,0.564238,0.75,0.1,2.23071,2.60912,2.74625,3,1,1,1,4.5,33,35,1,0.148532,0.282456,0.630137,0.882162,1,0.1,0.436051,2.97523,2,0.468373,1,2,0.65,0.65,1,0.014557,0.596868,1,1,1,1,1,0.0203957,1,210,3.43599,1.16773,0.959577,1,10,0.0672588,3.40091,0,0.0408081,0,0.0788925,0,0,0,1,0.5,2.32498,0.671868,0.1,0.408685,0.1,0.25,0.25,10,0.348731,0.1,0.1,0.241479,0.0304,0.028339,0.000779559,0.0254685,1,0.075,4.5,114,487,295,171,1,12,1,0.800839,0
639,0,1,0.9,0.9,0,0.961266,0.0411375,0,1,1,1,1,1,1,0.815006,0,0,0,0,0,1,0.112049,0.75,0.1,2.23071,2.60912,2.74625,3,1,1,1,4.5,33,35,1,0.148532,0.282456,0.630137,0.882162,1,0.1,0.436051,2.97523,2,0.468373,1,2,0.65,0.65,1,0.000154544,2.65334,1,1,1,1,1,0.00489419,1,210,3.43599,1.16773,0.959577,1,10,0.0956869,0.964347,0,0.0431585,0,0.013354,0,0,0,1,0.5,2.32498,0.671868,0.1,0.408685,0.1,0.25,0.25,10,0.348731,0.1,0.1,0.241479,0.0304,0.028339,0.000779559,0.0254685,1,0.075,4.5,114,487,295,171,1,12,0.867547,0.798303,0.0149653
640,0,1,0.9,1.98372,0,0.919058,0.0409522,0,1,1,1,1,1,1,1,0,0,0,0,0,0.283714,1,0.75,0.1,2.23071,2.60912,2.74625,3,1,1,1,4.5,33,35,1,0.148532,0.282456,0.630137,0.882162,1,0.1,0.436051,2.97523,2,0.468373,1,2,0.65,0.65,1,0.0230789,0.705887,1,1,1,1,1,0.072866,1,210,3.43599,1.16773,0.959577,1,10,0.00479746,2.75278,0,0.400661,0,0.00942967,0,0,0,1,0.5,2.32498,0.671868,0.1,0.408685,0.1,0.25,0.25,10,0.348731,0.1,0.1,0.241479,0.0304,0.028339,0.000779559,0.0254685,1,0.075,4.5,114,487,295,171,1,12,1,1,0.000179637
641,0,1,0.9,2.01296,0,1.00123,0.0400593,0,1,1,1,1,1,1,0.158537,0,0,0,0,0,1,0.242165,0.75,0.1,2.23071,2.60912,2.74625,3,1,1,1,4.5,33,35,1,0.148532,0.282456,0.630137,0.882162,1,0.1,0.436051,2.97523,2,0.468373,1,2,0.65,0.65,1,0.0195148,0.284398,1,1,1,1,1,0.0860797,1,210,3.43599,1.16773,0.959577,1,10,0.019922,1.15974,0,0.579526,0,0.111497,0,0,0,1,0.5,2.32498,0.671868,0.1,0.408685,0.1,0.25,0.25,10,0.348731,0.1,0.1,0.241479,0.0304,0.028339,0.000779559,0.0254685,1,0.075,4.5,114,487,295,171,1,12,0.905493,0.834608,0.00960555
642,0,1,0.9,1.42555,0,0.940246,0.0506161,0,1,1,1,1,1,1,0.871877,0,0,0,0,0,0.187663,1,0.75,0.1,2.23071,2.60912,2.74625,3,1,1,1,4.5,33,35,1,0.148532,0.282456,0.630137,0.882162,1,0.1,0.436051,2.97523,2,0.468373,1,2,0.65,0.65,1,0.00418448,1.63925,1,1,1,1,1,0.027811,1,210,3.43599,1.16773,0.959577,1,10,0.0261894,0.430133,0,0.704789,0,1.80435,0,0,0,1,0.5,2.32498,0.671868,0.1,0.408685,0.1,0.25,0.25,10,0.348731,0.1,0.1,0.241479,0.0304,0.028339,0.000779559,0.0254685,1,0.075,4.5,114,487,295,171,1,12,0.960659,0.978921,1.23335e-08
643,0,1,0.9,0.9,0,0.916258,0.0444809,0,1,1,1,1,1,1,0.298777,0,0,0,0,0,0.715951,0.744943,0.75,0.1,2.23071,2.60912,2.74625,3,1,1,1,4.5,33,35,1,0.148532,0.282456,0.630137,0.882162,1,0.1,0.436051,2.97523,2,0.468373,1,2,0.65,0.65,1,0.00272634,1.72101,1,1,1,1,1,0.511211,1,210,3.43599,1.16773,0.959577,1,10,0.119308,3.30798,0,0.0147118,0,0.00854721,0,0,0,1,0.5,2.32498,0.671868,0.1,0.408685,0.1,0.25,0.25,10,0.348731,0.1,0.1,0.241479,0.0304,0.028339,0.000779559,0.0254685,1,0.075,4.5,114,487,295,171,1,12,0.987415,0.934781,6.93088e-09
644,0,1,0.9,1.00963,0,1.08904,0.0377204,0,1,1,1,1,1,1,1,0,0,0,0,0,1,0.596068,0.75,0.1,2.23071,2.60912,2.74625,3,1,1,1,4.5,33,35,1,0.148532,0.282456,0.630137,0.882162,1,0.1,0.436051,2.97523,2,0.468373,1,2,0.65,0.65,1,0.00532203,0.817014,1,1,1,1,1,0.0378693,1,210,3.43599,1.16773,0.959577,1,10,0.0131232,1.32541,0,2.61927,0,16.0934,0,0,0,1,0.5,2.32498,0.671868,0.1,0.408685,0.1,0.25,0.25,10,0.348731,0.1,0.1,0.241479,0.0304,0.028339,0.000779559,0.0254685,1,0.075,4.5,114,487,295,171,1,12,0.879196,0.808509,2.08e-13
645,0,1,0.9,0.9,0,0.924034,0.0468413,0,1,1,1,1,1,1,0.572886,0,0,0,0,0,1,0.410943,0.75,0.1,2.23071,2.60912,2.74625,3,1,1,1,4.5,33,35,1,0.148532,0.282456,0.630137,0.882162,1,0.1,0.436051,2.97523,2,0.468373,1,2,0.65,0.65,1,0.000628051,2.399,1,1,1,1,1,0.186899,1,210,3.43599,1.16773,0.959577,1,10,0.0318996,0.636896,0,0.527105,0,0.251515,0,0,0,1,0.5,2.32498,0.671868,0.1,0.408685,0.1,0.25,0.25,10,0.348731,0.1,0.1,0.241479,0.0304,0.028339,0.000779559,0.0254685,1,0.075,4.5,114,487,295,171,1,12,0.947761,0.968107,6.93088e-09
646,0,1,0.9,0.9,0,1.0299,0.0353547,0,1,1,1,1,1,1,0.407639,0,0,0,0,0,0.222702,0.885875,0.75,0.1,2.23071,2.60912,2.74625,3,1,1,1,4.5,33,35,1,0.148532,0.282456,0.630137,0.882162,1,0.1,0.436051,2.97523,2,0.468373,1,2,0.65,0.65,1,0.016086,0.354493,1,1,1,1,1,8.8386,8.8386,210,3.43599,1.16773,0.959577,1,10,0.0399589,5.54057,0,2.56626,0,0.0102999,0,0,0,1,0.5,2.32498,0.671868,0.1,0.408685,0.1,0.25,0.25,10,0.348731,0.1,0.1,0.241479,0.0304,0.028339,0.000779559,0.0254685,1,0.075,4.5,114,487,295,171,1,12,1,0.864614,0
647,0,1,0.9,1.63707,0,0.993022,0.0404872,0,1,1,1,1,1,1,0.470545,0,0,0,0,0,0.650562,0.325786,0.75,0.1,2.23071,2.60912,2.74625,3,1,1,1,4.5,33,35,1,0.148532,0.282456,0.630137,0.882162,1,0.1,0.436051,2.97523,2,0.468373,1,2,0.65,0.65,1,2.92235e-05,0.738152,1,1,1,1,1,0.0454626,1,210,3.43599,1.16773,0.959577,1,10,0.580659,0.682519,0,0.37436,0,0.00256556,0,0,0,1,0.5,2.32498,0.671868,0.1,0.408685,0.1,0.25,0.25,10,0.348731,0.1,0.1,0.241479,0.0304,0.028339,0.000779559,0.0254685,1,0.075,4.5,114,487,295,171,1,12,1,0.949596,0
648,0,1,0.9,1.3524,0,0.840954,0.0400889,0,1,1,1,1,1,1,0.82815,0,0,0,0,0,0.274839,0.970619,0.75,0.1,2.23071,2.60912,2.74625,3,1,1,1,4.5,33,35,1,0.148532,0.282456,0.630137,0.882162,1,0.1,0.436051,2.97523,2,0.468373,1,2,0.65,0.65,1,0.0463433,2.62215,1,1,1,1,1,0.0829745,1,210,3.43599,1.16773,0.959577,1,10,0.0993993,4.76855,0,0.0566364,0,0.202647,0,0,0,1,0.5,2.32498,0.671868,0.1,0.408685,0.1,0.25,0.25,10,0.348731,0.1,0.1,0.241479,0.0304,0.028339,0.000779559,0.0254685,1,0.075,4.5,114,487,295,171,1,12,1,0.959937,5.19942e-14
649,0,1,0.9,0.9,0,1.01424,0.0398757,0,1,1,1,1,1,1,0.598389,0,0,0,0,0,0.698023,0.186651,0.75,0.1,2.23071,2.60912,2.74625,3,1,1,1,4.5,33,35,1,0.148532,0.282456,0.630137,0.882162,1,0.1,0.436051,2.97523,2,0.468373,1,2,0.65,0.65,1,0.0266019,1.10991,1,1,1,1,1,0.00764323,1,210,3.43599,1.16773,0.959577,1,10,0.0301241,0.678366,0,12.8614,0,0.000278719,0,0,0,1,0.5,2.32498,0.671868,0.1,0.408685,0.1,0.25,0.25,10,0.348731,0.1,0.1,0.241479,0.0304,0.028339,0.000779559,0.0254685,1,0.075,4.5,114,487,295,171,1,12,1,0.898967,0.000179637
650,0,1,0.9,1.38746,0,1.06445,0.0447484,0,1,1,1,1,1,1,0.904383,0,0,0,0,0,0.237661,0.135607,0.75,0.1,2.23071,2.60912,2.74625,3,1,1,1,4.5,33,35,1,0.148532,0.282456,0.630137,0.882162,1,0.1,0.436051,2.97523,2,0.468373,1,2,0.65,0.65,1,0.00792657,2.2042,1,1,1,1,1,0.105109,1,210,3.43599,1.16773,0.959577,1,10,0.0261511,0.347452,0,81.0066,0,0.0792137,0,0,0,1,0.5,2.32498,0.671868,0.1,0.408685,0.1,0.25,0.25,10,0.348731,0.1,0.1,0.241479,0.0304,0.028339,0.000779559,0.0254685,1,0.075,4.5,114,487,295,171,1,12,0.953007,0.837629,0.000179637
651,0,1,0.9,2.47163,0,1.05955,0.0473594,0,1,1,1,1,1,1,0.338828,0,0,0,0,0,0.663866,0.315327,0.75,0.1,2.23071,2.60912,2.74625,3,1,1,1,4.5,33,35,1,0.148532,0.282456,0.630137,0.882162,1,0.1,0.436051,2.97523,2,0.468373,1,2,0.65,0.65,1,0.0254422,2.22646,1,1,1,1,1,0.0472296,1,210,3.43599,1.16773,0.959577,1,10,0.0345229,2.64419,0,0.0134365,0,0.0945592,0,0,0,1,0.5,2.32498,0.671868,0.1,0.408685,0.1,0.25,0.25,10,0.348731,0.1,0.1,0.241479,0.0304,0.028339,0.000779559,0.0254685,1,0.075,4.5,114,487,295,171,1,12,1,1,6.94327e-09
652,0,1,0.9,0.9,0,0.932496,0.0457472,0,1,1,1,1,1,1,1,0,0,0,0,0,0.218245,0.394836,0.75,0.1,2.23071,2.60912,2.74625,3,1,1,1,4.5,33,35,1,0.148532,0.282456,0.630137,0.882162,1,0.1,0.436051,2.97523,2,0.468373,1,2,0.65,0.65,1,0.00306382,0.152953,1,1,1,1,1,0.165585,1,210,3.43599,1.16773,0.959577,1,10,0.0168317,18.9053,0,0.587677,0,0.321476,0,0,0,1,0.5,2.32498,0.671868,0.1,0.408685,0.1,0.25,0.25,10,0.348731,0.1,0.1,0.241479,0.0304,0.028339,0.000779559,0.0254685,1,0.075,4.5,114,487,295,171,1,12,1,0.889521,0
653,0,1,0.9,1.73413,0,0.99604,0.0392078,0,1,1,1,1,1,1,1,0,0,0,0,0,0.342951,1,0.75,0.1,2.23071,2.60912,2.74625,3,1,1,1,4.5,33,35,1,0.148532,0.282456,0.630137,0.882162,1,0.1,0.436051,2.97523,2,0.468373,1,2,0.65,0.65,1,0.00515725,2.66791,1,1,1,1,1,0.159551,1,210,3.43599,1.16773,0.959577,1,10,0.0667689,2.42454,0,0.144949,0,0.139501,0,0,0,1,0.5,2.32498,0.671868,0.1,0.408685,0.1,0.25,0.25,10,0.348731,0.1,0.1,0.241479,0.0304,0.028339,0.000779559,0.0254685,1,0.075,4.5,114,487,295,171,1,12,0.825319,0.875511,0.00119048
654,0,1,0.9,0.9,0,1.01433,0.0372875,0,1,1,1,1,1,1,0.657394,0,0,0,0,0,0.862432,1,0.75,0.1,2.23071,2.60912,2.74625,3,1,1,1,4.5,33,35,1,0.148532,0.282456,0.630137,0.882162,1,0.1,0.436051,2.97523,2,0.468373,1,2,0.65,0.65,1,0.0863604,2.16157,1,1,1,1,1,0.00993328,1,210,3.43599,1.16773,0.959577,1,10,0.0718157,2.09661,0,0.396688,0,0.0255841,0,0,0,1,0.5,2.32498,0.671868,0.1,0.408685,0.1,0.25,0.25,10,0.348731,0.1,0.1,0.241479,0.0304,0.028339,0.000779559,0.0254685,1,0.075,4.5,114,487,295,171,1,12,0.977403,0.83756,1.73294e-13
655,0,1,0.9,0.9,0,0.976041,0.0324309,0,1,1,1,1,1,1,0.34691,0,0,0,0,0,0.265725,0.515667,0.75,0.1,2.23071,2.60912,2.74625,3,1,1,1,4.5,33,35,1,0.148532,0.282456,0.630137,0.882162,1,0.1,0.436051,2.97523,2,0.468373,1,2,0.65,0.65,1,0.0032619,0.450637,1,1,1,1,1,0.0320815,1,210,3.43599,1.16773,0.959577,1,10,0.0241798,1.25907,0,0.534229,0,0.0385141,0,0,0,1,0.5,2.32498,0.671868,0.1,0.408685,0.1,0.25,0.25,10,0.348731,0.1,0.1,0.241479,0.0304,0.028339,0.000779559,0.0254685,1,0.075,4.5,114,487,295,171,1,12,0.903047,0.860871,0
656,0,1,0.9,1.81101,0,1.05449,0.0431094,0,1,1,1,1,1,1,0.176051,0,0,0,0,0,0.15318,0.088566,0.75,0.1,2.23071,2.60912,2.74625,3,1,1,1,4.5,33,35,1,0.148532,0.282456,0.630137,0.882162,1,0.1,0.436051,2.97523,2,0.468373,1,2,0.65,0.65,1,0.0279816,0.41418,1,1,1,1,1,0.144451,1,210,3.43599,1.16773,0.959577,1,10,0.151988,2.51782,0,0.0182539,0,0.00867278,0,0,0,1,0.5,2.32498,0.671868,0.1,0.408685,0.1,0.25,0.25,10,0.348731,0.1,0.1,0.241479,0.0304,0.028339,0.000779559,0.0254685,1,0.075,4.5,114,487,295,171,1,12,1,0.906536,0
657,0,1,0.9,0.9,0,1.13001,0.043188,0,1,1,1,1,1,1,0.394348,0,0,0,0,0,0.862995,0.717886,0.75,0.1,2.23071,2.60912,2.74625,3,1,1,1,4.5,33,35,1,0.148532,0.282456,0.630137,0.882162,1,0.1,0.436051,2.97523,2,0.468373,1,2,0.65,0.65,1,0.0032203,0.576168,1,1,1,1,1,0.00283891,1,210,3.43599,1.16773,0.959577,1,10,0.1397,1.56513,0,0.584846,0,1.51395,0,0,0,1,0.5,2.32498,0.671868,0.1,0.408685,0.1,0.25,0.25,10,0.348731,0.1,0.1,0.241479,0.0304,0.028339,0.000779559,0.0254685,1,0.075,4.5,114,487,295,171,1,12,0.971195,0.754998,0
658,0,1,0.9,0.9,0,1.11769,0.0355516,0,1,1,1,1,1,1,1,0,0,0,0,0,0.632047,0.592813,0.75,0.1,2.23071,2.60912,2.74625,3,1,1,1,4.5,33,35,1,0.148532,0.282456,0.630137,0.882162,1,0.1,0.436051,2.97523,2,0.468373,1,2,0.65,0.65,1,0.00194617,1.72376,1,1,1,1,1,0.0664446,1,210,3.43599,1.16773,0.959577,1,10,0.0305974,0.800547,0,0.18993,0,0.018253,0,0,0,1,0.5,2.32498,0.671868,0.1,0.408685,0.1,0.25,0.25,10,0.348731,0.1,0.1,0.241479,0.0304,0.028339,0.000779559,0.0254685,1,0.075,4.5,114,487,295,171,1,12,1,0.766789,0.000179637
659,0,1,0.9,0.9,0,0.861066,0.03886,0,1,1,1,1,1,1,0.531569,0,0,0,0,0,0.0421143,0.169012,0.75,0.1,2.23071,2.60912,2.74625,3,1,1,1,4.5,33,35,1,0.148532,0.282456,0.630137,0.882162,1,0.1,0.436051,2.97523,2,0.468373,1,2,0.65,0.65,1,0.035728,0.332357,1,1,1,1,1,0.0248945,1,210,3.43599,1.16773,0.959577,1,10,0.0201008,1.1168,0,0.124652,0,0.444099,0,0,0,1,0.5,2.32498,0.671868,0.1,0.408685,0.1,0.25,0.25,10,0.348731,0.1,0.1,0.241479,0.0304,0.028339,0.000779559,0.0254685,1,0.075,4.5,114,487,295,171,1,12,0.954203,0.889013,0
660,0,1,0.9,1.28792,0,0.932338,0.0413543,0,1,1,1,1,1,1,1,0,0,0,0,0,1,0.526737,0.75,0.1,2.23071,2.60912,2.74625,3,1,1,1,4.5,33,35,1,0.148532,0.282456,0.630137,0.882162,1,0.1,0.436051,2.97523,2,0.468373,1,2,0.65,0.65,1,0.107751,0.458809,1,1,1,1,1,0.0351316,1,210,3.43599,1.16773,0.959577,1,10,0.142762,0.604207,0,0.00991823,0,0.335693,0,0,0,1,0.5,2.32498,0.671868,0.1,0.408685,0.1,0.25,0.25,10,0.348731,0.1,0.1,0.241479,0.0304,0.028339,0.000779559,0.0254685,1,0.075,4.5,114,487,295,171,1,12,1,0.841102,0
661,0,1,0.9,2.49878,0,0.979549,0.0410059,0,1,1,1,1,1,1,0.184009,0,0,0,0,0,0.821519,0.344591,0.75,0.1,2.23071,2.60912,2.74625,3,1,1,1,4.5,33,35,1,0.148532,0.282456,0.630137,0.882162,1,0.1,0.436051,2.97523,2,0.468373,1,2,0.65,0.65,1,0.0875784,2.66369,1,1,1,1,1,0.0400204,1,210,3.43599,1.16773,0.959577,1,10,0.0331383,2.28018,0,0.423125,0,3.53494,0,0,0,1,0.5,2.32498,0.671868,0.1,0.408685,0.1,0.25,0.25,10,0.348731,0.1,0.1,0.241479,0.0304,0.028339,0.000779559,0.0254685,1,0.075,4.5,114,487,295,171,1,12,0.993466,0.927592,2.08e-13
662,0,1,0.9,0.9,0,0.897093,0.0409423,0,1,1,1,1,1,1,0.0475786,0,0,0,0,0,1,0.419869,0.75,0.1,2.23071,2.60912,2.74625,3,1,1,1,4.5,33,35,1,0.148532,0.282456,0.630137,0.882162,1,0.1,0.436051,2.97523,2,0.468373,1,2,0.65,0.65,1,0.00186799,0.31832,1,1,1,1,1,0.00191048,1,210,3.43599,1.16773,0.959577,1,10,0.0339563,0.993313,0,0.187155,0,0.197371,0,0,0,1,0.5,2.32498,0.671868,0.1,0.408685,0.1,0.25,0.25,10,0.348731,0.1,0.1,0.241479,0.0304,0.028339,0.000779559,0.0254685,1,0.075,4.5,114,487,295,171,1,12,0.961118,0.702308,6.93088e-09
663,0,1,0.9,0.9,0,1.02085,0.0376544,0,1,1,1,1,1,1,1,0,0,0,0,0,0.606326,0.18991,0.75,0.1,2.23071,2.60912,2.74625,3,1,1,1,4.5,33,35,1,0.148532,0.282456,0.630137,0.882162,1,0.1,0.436051,2.97523,2,0.468373,1,2,0.65,0.65,1,0.763525,0.763525,1,1,1,1,1,0.0205357,1,210,3.43599,1.16773,0.959577,1,10,0.340691,2.36553,0,0.0939292,0,0.0343922,0,0,0,1,0.5,2.32498,0.671868,0.1,0.408685,0.1,0.25,0.25,10,0.348731,0.1,0.1,0.241479,0.0304,0.028339,0.000779559,0.0254685,1,0.075,4.5,114,487,295,171,1,12,1,0.894223,0
664,0,1,0.9,1.51513,0,1.13208,0.0387359,0,1,1,1,1,1,1,1,0,0,0,0,0,0.276634,0.627601,0.75,0.1,2.23071,2.60912,2.74625,3,1,1,1,4.5,33,35,1,0.148532,0.282456,0.630137,0.882162,1,0.1,0.436051,2.97523,2,0.468373,1,2,0.65,0.65,1,0.0287865,0.132214,1,1,1,1,1,0.355249,1,210,3.43599,1.16773,0.959577,1,10,0.0477899,0.872146,0,0.576909,0,0.0101009,0,0,0,1,0.5,2.32498,0.671868,0.1,0.408685,0.1,0.25,0.25,10,0.348731,0.1,0.1,0.241479,0.0304,0.028339,0.000779559,0.0254685,1,0.075,4.5,114,487,295,171,1,12,0.954872,0.845166,1.23335e-08
665,0,1,0.9,0.9,0,0.953894,0.0484016,0,1,1,1,1,1,1,0.316844,0,0,0,0,0,0.313184,0.899387,0.75,0.1,2.23071,2.60912,2.74625,3,1,1,1,4.5,33,35,1,0.148532,0.282456,0.630137,0.882162,1,0.1,0.436051,2.97523,2,0.468373,1,2,0.65,0.65,1,0.0420427,0.763631,1,1,1,1,1,0.0012091,1,210,3.43599,1.16773,0.959577,1,10,0.0487202,3.18087,0,2.43395,0,0.459025,0,0,0,1,0.5,2.32498,0.671868,0.1,0.408685,0.1,0.25,0.25,10,0.348731,0.1,0.1,0.241479,0.0304,0.028339,0.000779559,0.0254685,1,0.075,4.5,114,487,295,171,1,12,1,0.895537,4.0572e-09
666,0,1,0.9,0.9,0,1.02741,0.0483956,0,1,1,1,1,1,1,0.991853,0,0,0,0,0,0.677935,0.28795,0.75,0.1,2.23071,2.60912,2.74625,3,1,1,1,4.5,33,35,1,0.148532,0.282456,0.630137,0.882162,1,0.1,0.436051,2.97523,2,0.468373,1,2,0.65,0.65,1,0.0220734,1.8723,1,1,1,1,1,0.224449,1,210,3.43599,1.16773,0.959577,1,10,0.0156769,4.61119,0,0.112172,0,2.19165,0,0,0,1,0.5,2.32498,0.671868,0.1,0.408685,0.1,0.25,0.25,10,0.348731,0.1,0.1,0.241479,0.0304,0.028339,0.000779559,0.0254685,1,0.075,4.5,114,487,295,171,1,12,1,0.913642,0.00400607
667,0,1,0.9,0.9,0,0.93305,0.0411599,0,1,1,1,1,1,1,0.992553,0,0,0,0,0,0.205369,0.854266,0.75,0.1,2.23071,2.60912,2.74625,3,1,1,1,4.5,33,35,1,0.148532,0.282456,0.630137,0.882162,1,0.1,0.436051,2.97523,2,0.468373,1,2,0.65,0.65,1,0.00400064,0.797711,1,1,1,1,1,1.93578,1.93578,210,3.43599,1.16773,0.959577,1,10,0.0321776,4.66025,0,0.185563,0,0.00256474,0,0,0,1,0.5,2.32498,0.671868,0.1,0.408685,0.1,0.25,0.25,10,0.348731,0.1,0.1,0.241479,0.0304,0.028339,0.000779559,0.0254685,1,0.075,4.5,114,487,295,171,1,12,1,0.877376,0.000179637
668,0,1,0.9,1.96891,0,1.08534,0.0408078,0,1,1,1,1,1,1,1,0,0,0,0,0,1,0.253095,0.75,0.1,2.23071,2.60912,2.74625,3,1,1,1,4.5,33,35,1,0.148532,0.282456,0.630137,0.882162,1,0.1,0.436051,2.97523,2,0.468373,1,2,0.65,0.65,1,0.00108814,0.642853,1,1,1,1,1,0.0224899,1,210,3.43599,1.16773,0.959577,1,10,0.0054524,18.0881,0,0.0243641,0,0.347494,0,0,0,1,0.5,2.32498,0.671868,0.1,0.408685,0.1,0.25,0.25,10,0.348731,0.1,0.1,0.241479,0.0304,0.028339,0.000779559,0.0254685,1,0.075,4.5,114,487,295,171,1,12,1,0.935167,0
669,0,1,0.9,0.9,0,0.886936,0.0378158,0,1,1,1,1,1,1,1,0,0,0,0,0,1,0.378934,0.75,0.1,2.23071,2.60912,2.74625,3,1,1,1,4.5,33,35,1,0.148532,0.282456,0.630137,0.882162,1,0.1,0.436051,2.97523,2,0.468373,1,2,0.65,0.65,1,0.0968767,0.97527,1,1,1,1,1,0.197541,1,210,3.43599,1.16773,0.959577,1,10,0.00415594,9.76563,0,0.777805,0,0.947987,0,0,0,1,0.5,2.32498,0.671868,0.1,0.408685,0.1,0.25,0.25,10,0.348731,0.1,0.1,0.241479,0.0304,0.028339,0.000779559,0.0254685,1,0.075,4.5,114,487,295,171,1,12,1,0.868143,0
670,0,1,0.9,0.9,0,0.993424,0.0403138,0,1,1,1,1,1,1,0.601439,0,0,0,0,0,0.543003,1,0.75,0.1,2.23071,2.60912,2.74625,3,1,1,1,4.5,33,35,1,0.148532,0.282456,0.630137,0.882162,1,0.1,0.436051,2.97523,2,0.468373,1,2,0.65,0.65,1,0.0212938,0.0988385,1,1,1,1,1,0.000792202,1,210,3.43599,1.16773,0.959577,1,10,0.0184149,1.24801,0,0.63368,0,0.0210489,0,0,0,1,0.5,2.32498,0.671868,0.1,0.408685,0.1,0.25,0.25,10,0.348731,0.1,0.1,0.241479,0.0304,0.028339,0.000779559,0.0254685,1,0.075,4.5,114,487,295,171,1,12,0.940061,0.960573,3.14699e-08
671,0,1,0.9,0.9,0,1.0376,0.0413263,0,1,1,1,1,1,1,0.498876,0,0,0,0,0,0.79425,1,0.75,0.1,2.23071,2.60912,2.74625,3,1,1,1,4.5,33,35,1,0.148532,0.282456,0.630137,0.882162,1,0.1,0.436051,2.97523,2,0.468373,1,2,0.65,0.65,1,0.00435072,0.647305,1,1,1,1,1,0.362854,1,210,3.43599,1.16773,0.959577,1,10,0.0159652,0.414159,0,0.336568,0,0.0830766,0,0,0,1,0.5,2.32498,0.671868,0.1,0.408685,0.1,0.25,0.25,10,0.348731,0.1,0.1,0.241479,0.0304,0.028339,0.000779559,0.0254685,1,0.075,4.5,114,487,295,171,1,12,0.871678,0.956747,0.00916667
672,0,1,0.9,9.13429,0,1.10231,0.0426475,0,1,1,1,1,1,1,0.606681,0,0,0,0,0,1,0.333175,0.75,0.1,2.23071,2.60912,2.74625,3,1,1,1,4.5,33,35,1,0.148532,0.282456,0.630137,0.882162,1,0.1,0.436051,2.97523,2,0.468373,1,2,0.65,0.65,1,0.0100401,0.493256,1,1,1,1,1,0.0024569,1,210,3.43599,1.16773,0.959577,1,10,0.0273933,1.32747,0,1.28261,0,0.156317,0,0,0,1,0.5,2.32498,0.671868,0.1,0.408685,0.1,0.25,0.25,10,0.348731,0.1,0.1,0.241479,0.0304,0.028339,0.000779559,0.0254685,1,0.075,4.5,114,487,295,171,1,12,0.956073,0.982334,0
673,0,1,0.9,1.94306,0,0.976875,0.0428497,0,1,1,1,1,1,1,0.0999156,0,0,0,0,0,0.224499,1,0.75,0.1,2.23071,2.60912,2.74625,3,1,1,1,4.5,33,35,1,0.148532,0.282456,0.630137,0.882162,1,0.1,0.436051,2.97523,2,0.468373,1,2,0.65,0.65,1,0.000382333,5.09764,1,1,1,1,1,0.0942848,1,210,3.43599,1.16773,0.959577,1,10,0.125833,1.43634,0,0.240867,0,0.00678613,0,0,0,1,0.5,2.32498,0.671868,0.1,0.408685,0.1,0.25,0.25,10,0.348731,0.1,0.1,0.241479,0.0304,0.028339,0.000779559,0.0254685,1,0.075,4.5,114,487,295,171,1,12,0.916136,1,0
674,0,1,0.9,0.9,0,0.910583,0.0441298,0,1,1,1,1,1,1,1,0,0,0,0,0,0.335496,0.785694,0.75,0.1,2.23071,2.60912,2.74625,3,1,1,1,4.5,33,35,1,0.148532,0.282456,0.630137,0.882162,1,0.1,0.436051,2.97523,2,0.468373,1,2,0.65,0.65,1,0.00521928,1.59266,1,1,1,1,1,0.0238892,1,210,3.43599,1.16773,0.959577,1,10,0.0223028,1.35618,0,1.70575,0,0.0510424,0,0,0,1,0.5,2.32498,0.671868,0.1,0.408685,0.1,0.25,0.25,10,0.348731,0.1,0.1,0.241479,0.0304,0.028339,0.000779559,0.0254685,1,0.075,4.5,114,487,295,171,1,12,1,0.874997,0.000179637
675,0,1,0.9,0.9,0,0.939359,0.0353894,0,1,1,1,1,1,1,0.2096,0,0,0,0,0,0.44892,0.185691,0.75,0.1,2.23071,2.60912,2.74625,3,1,1,1,4.5,33,35,1,0.148532,0.282456,0.630137,0.882162,1,0.1,0.436051,2.97523,2,0.468373,1,2,0.65,0.65,1,0.00536532,1.39638,1,1,1,1,1,0.0304031,1,210,3.43599,1.16773,0.959577,1,10,0.121346,0.661802,0,1.61224,0,0.119387,0,0,0,1,0.5,2.32498,0.671868,0.1,0.408685,0.1,0.25,0.25,10,0.348731,0.1,0.1,0.241479,0.0304,0.028339,0.000779559,0.0254685,1,0.075,4.5,114,487,295,171,1,12,1,1,0
676,0,1,0.9,1.99805,0,1.06026,0.0387732,0,1,1,1,1,1,1,1,0,0,0,0,0,0.185432,0.68351,0.75,0.1,2.23071,2.60912,2.74625,3,1,1,1,4.5,33,35,1,0.148532,0.282456,0.630137,0.882162,1,0.1,0.436051,2.97523,2,0.468373,1,2,0.65,0.65,1,0.00291358,2.24831,1,1,1,1,1,1.05712,1.05712,210,3.43599,1.16773,0.959577,1,10,0.0208687,0.763287,0,6.48842,0,0.0780392,0,0,0,1,0.5,2.32498,0.671868,0.1,0.408685,0.1,0.25,0.25,10,0.348731,0.1,0.1,0.241479,0.0304,0.028339,0.000779559,0.0254685,1,0.075,4.5,114,487,295,171,1,12,0.914973,0.901961,1.02062e-14
677,0,1,0.9,1.01195,0,1.2256,0.0388565,0,1,1,1,1,1,1,1,0,0,0,0,0,0.207012,0.655561,0.75,0.1,2.23071,2.60912,2.74625,3,1,1,1,4.5,33,35,1,0.148532,0.282456,0.630137,0.882162,1,0.1,0.436051,2.97523,2,0.468373,1,2,0.65,0.65,1,0.0228671,1.04096,1,1,1,1,1,1.63616,1.63616,210,3.43599,1.16773,0.959577,1,10,0.0923979,1.01017,0,0.210084,0,0.0864365,0,0,0,1,0.5,2.32498,0.671868,0.1,0.408685,0.1,0.25,0.25,10,0.348731,0.1,0.1,0.241479,0.0304,0.028339,0.000779559,0.0254685,1,0.075,4.5,114,487,295,171,1,12,1,0.908024,0
678,0,1,0.9,0.9,0,0.930666,0.0486976,0,1,1,1,1,1,1,0.918079,0,0,0,0,0,1,0.251268,0.75,0.1,2.23071,2.60912,2.74625,3,1,1,1,4.5,33,35,1,0.148532,0.282456,0.630137,0.882162,1,0.1,0.436051,2.97523,2,0.468373,1,2,0.65,0.65,1,0.00212708,1.25751,1,1,1,1,1,0.142298,1,210,3.43599,1.16773,0.959577,1,10,0.00661499,1.0949,0,0.0404456,0,0.224916,0,0,0,1,0.5,2.32498,0.671868,0.1,0.408685,0.1,0.25,0.25,10,0.348731,0.1,0.1,0.241479,0.0304,0.028339,0.000779559,0.0254685,1,0.075,4.5,114,487,295,171,1,12,0.973556,0.990326,1.23335e-08
679,0,1,0.9,0.9,0,0.964612,0.0414038,0,1,1,1,1,1,1,0.24959,0,0,0,0,0,1,0.71673,0.75,0.1,2.23071,2.60912,2.74625,3,1,1,1,4.5,33,35,1,0.148532,0.282456,0.630137,0.882162,1,0.1,0.436051,2.97523,2,0.468373,1,2,0.65,0.65,1,0.0446879,2.05162,1,1,1,1,1,0.0371791,1,210,3.43599,1.16773,0.959577,1,10,0.0654539,0.738161,0,0.0126032,0,0.0718454,0,0,0,1,0.5,2.32498,0.671868,0.1,0.408685,0.1,0.25,0.25,10,0.348731,0.1,0.1,0.241479,0.0304,0.028339,0.000779559,0.0254685,1,0.075,4.5,114,487,295,171,1,12,0.986355,0.820147,4.0572e-09
680,0,1,0.9,1.5888,0,0.9361,0.0436765,0,1,1,1,1,1,1,0.247813,0,0,0,0,0,0.737369,0.224339,0.75,0.1,2.23071,2.60912,2.74625,3,1,1,1,4.5,33,35,1,0.148532,0.282456,0.630137,0.882162,1,0.1,0.436051,2.97523,2,0.468373,1,2,0.65,0.65,1,0.0344345,0.307172,1,1,1,1,1,0.0281511,1,210,3.43599,1.16773,0.959577,1,10,0.0245765,3.52806,0,0.110298,0,0.906933,0,0,0,1,0.5,2.32498,0.671868,0.1,0.408685,0.1,0.25,0.25,10,0.348731,0.1,0.1,0.241479,0.0304,0.028339,0.000779559,0.0254685,1,0.075,4.5,114,487,295,171,1,12,1,0.770727,0
681,0,1,0.9,1.81199,0,0.976884,0.038705,0,1,1,1,1,1,1,0.0931255,0,0,0,0,0,0.164588,1,0.75,0.1,2.23071,2.60912,2.74625,3,1,1,1,4.5,33,35,1,0.148532,0.282456,0.630137,0.882162,1,0.1,0.436051,2.97523,2,0.468373,1,2,0.65,0.65,1,0.00375682,1.52029,1,1,1,1,1,0.0655221,1,210,3.43599,1.16773,0.959577,1,10,0.0239862,0.29736,0,0.618372,0,0.0106604,0,0,0,1,0.5,2.32498,0.671868,0.1,0.408685,0.1,0.25,0.25,10,0.348731,0.1,0.1,0.241479,0.0304,0.028339,0.000779559,0.0254685,1,0.075,4.5,114,487,295,171,1,12,1,0.890994,0.000179637
682,0,1,0.9,0.9,0,0.959109,0.0423991,0,1,1,1,1,1,1,0.998784,0,0,0,0,0,0.10421,1,0.75,0.1,2.23071,2.60912,2.74625,3,1,1,1,4.5,33,35,1,0.148532,0.282456,0.630137,0.882162,1,0.1,0.436051,2.97523,2,0.468373,1,2,0.65,0.65,1,0.00236125,1.59546,1,1,1,1,1,0.000985732,1,210,3.43599,1.16773,0.959577,1,10,0.0102406,10.794,0,0.437824,0,0.929961,0,0,0,1,0.5,2.32498,0.671868,0.1,0.408685,0.1,0.25,0.25,10,0.348731,0.1,0.1,0.241479,0.0304,0.028339,0.000779559,0.0254685,1,0.075,4.5,114,487,295,171,1,12,1,0.808978,0
683,0,1,0.9,0.9,0,1.02262,0.0436646,0,1,1,1,1,1,1,0.514568,0,0,0,0,0,1,0.480959,0.75,0.1,2.23071,2.60912,2.74625,3,1,1,1,4.5,33,35,1,0.148532,0.282456,0.630137,0.882162,1,0.1,0.436051,2.97523,2,0.468373,1,2,0.65,0.65,1,0.00529118,0.39245,1,1,1,1,1,0.0250574,1,210,3.43599,1.16773,0.959577,1,10,0.20837,0.688143,0,0.0141498,0,0.196731,0,0,0,1,0.5,2.32498,0.671868,0.1,0.408685,0.1,0.25,0.25,10,0.348731,0.1,0.1,0.241479,0.0304,0.028339,0.000779559,0.0254685,1,0.075,4.5,114,487,295,171,1,12,0.962551,0.867124,1.23335e-08
684,0,1,0.9,0.9,0,1.1892,0.0482871,0,1,1,1,1,1,1,0.413696,0,0,0,0,0,1,0.342173,0.75,0.1,2.23071,2.60912,2.74625,3,1,1,1,4.5,33,35,1,0.148532,0.282456,0.630137,0.882162,1,0.1,0.436051,2.97523,2,0.468373,1,2,0.65,0.65,1,0.0911748,1.97543,1,1,1,1,1,3.42359,3.42359,210,3.43599,1.16773,0.959577,1,10,0.0629919,1.48198,0,4.1229,0,0.0763833,0,0,0,1,0.5,2.32498,0.671868,0.1,0.408685,0.1,0.25,0.25,10,0.348731,0.1,0.1,0.241479,0.0304,0.028339,0.000779559,0.0254685,1,0.075,4.5,114,487,295,171,1,12,1,0.753308,0.00289054
685,0,1,0.9,0.9,0,0.991366,0.0450941,0,1,1,1,1,1,1,0.682752,0,0,0,0,0,0.647096,1,0.75,0.1,2.23071,2.60912,2.74625,3,1,1,1,4.5,33,35,1,0.148532,0.282456,0.630137,0.882162,1,0.1,0.436051,2.97523,2,0.468373,1,2,0.65,0.65,1,0.0420556,0.579476,1,1,1,1,1,0.00347063,1,210,3.43599,1.16773,0.959577,1,10,0.0714229,0.752424,0,0.00363164,0,0.362092,0,0,0,1,0.5,2.32498,0.671868,0.1,0.408685,0.1,0.25,0.25,10,0.348731,0.1,0.1,0.241479,0.0304,0.028339,0.000779559,0.0254685,1,0.075,4.5,114,487,295,171,1,12,0.881147,0.8048,4.04524e-13
686,0,1,0.9,0.9,0,1.08563,0.0368188,0,1,1,1,1,1,1,0.257562,0,0,0,0,0,1,0.211797,0.75,0.1,2.23071,2.60912,2.74625,3,1,1,1,4.5,33,35,1,0.148532,0.282456,0.630137,0.882162,1,0.1,0.436051,2.97523,2,0.468373,1,2,0.65,0.65,1,0.0526585,1.83001,1,1,1,1,1,0.874679,1,210,3.43599,1.16773,0.959577,1,10,0.115005,1.9102,0,0.489428,0,0.0649038,0,0,0,1,0.5,2.32498,0.671868,0.1,0.408685,0.1,0.25,0.25,10,0.348731,0.1,0.1,0.241479,0.0304,0.028339,0.000779559,0.0254685,1,0.075,4.5,114,487,295,171,1,12,0.876782,0.930251,9.88619e-13
687,0,1,0.9,1.83714,0,1.12508,0.0436191,0,1,1,1,1,1,1,0.143996,0,0,0,0,0,0.761372,1,0.75,0.1,2.23071,2.60912,2.74625,3,1,1,1,4.5,33,35,1,0.148532,0.282456,0.630137,0.882162,1,0.1,0.436051,2.97523,2,0.468373,1,2,0.65,0.65,1,0.00253207,0.712098,1,1,1,1,1,0.646152,1,210,3.43599,1.16773,0.959577,1,10,0.0380622,2.36113,0,32.043,0,3.03609,0,0,0,1,0.5,2.32498,0.671868,0.1,0.408685,0.1,0.25,0.25,10,0.348731,0.1,0.1,0.241479,0.0304,0.028339,0.000779559,0.0254685,1,0.075,4.5,114,487,295,171,1,12,1,0.79684,0
688,0,1,0.9,1.02534,0,1.09577,0.0368691,0,1,1,1,1,1,1,0.66783,0,0,0,0,0,1,0.496204,0.75,0.1,2.23071,2.60912,2.74625,3,1,1,1,4.5,33,35,1,0.148532,0.282456,0.630137,0.882162,1,0.1,0.436051,2.97523,2,0.468373,1,2,0.65,0.65,1,0.0071297,0.140195,1,1,1,1,1,0.0922895,1,210,3.43599,1.16773,0.959577,1,10,0.0158486,0.708511,0,0.264879,0,0.020154,0,0,0,1,0.5,2.32498,0.671868,0.1,0.408685,0.1,0.25,0.25,10,0.348731,0.1,0.1,0.241479,0.0304,0.028339,0.000779559,0.0254685,1,0.075,4.5,114,487,295,171,1,12,1,0.939757,0.000179637
689,0,1,0.9,1.16667,0,1.17756,0.0368852,0,1,1,1,1,1,1,0.468591,0,0,0,0,0,0.935165,1,0.75,0.1,2.23071,2.60912,2.74625,3,1,1,1,4.5,33,35,1,0.148532,0.282456,0.630137,0.882162,1,0.1,0.436051,2.97523,2,0.468373,1,2,0.65,0.65,1,8.4432e-06,1.59385,1,1,1,1,1,0.0281063,1,210,3.43599,1.16773,0.959577,1,10,0.134362,0.342633,0,2.88692,0,0.0156633,0,0,0,1,0.5,2.32498,0.671868,0.1,0.408685,0.1,0.25,0.25,10,0.348731,0.1,0.1,0.241479,0.0304,0.028339,0.000779559,0.0254685,1,0.075,4.5,114,487,295,171,1,12,1,0.82026,0.000179637
690,0,1,0.9,1.44404,0,1.03811,0.0402015,0,1,1,1,1,1,1,0.0689236,0,0,0,0,0,0.172034,0.303202,0.75,0.1,2.23071,2.60912,2.74625,3,1,1,1,4.5,33,35,1,0.148532,0.282456,0.630137,0.882162,1,0.1,0.436051,2.97523,2,0.468373,1,2,0.65,0.65,1,0.0496833,1.74251,1,1,1,1,1,0.13918,1,210,3.43599,1.16773,0.959577,1,10,0.0395892,1.51642,0,0.357696,0,0.453289,0,0,0,1,0.5,2.32498,0.671868,0.1,0.408685,0.1,0.25,0.25,10,0.348731,0.1,0.1,0.241479,0.0304,0.028339,0.000779559,0.0254685,1,0.075,4.5,114,487,295,171,1,12,1,0.943107,2.69243e-13
691,0,1,0.9,0.914535,0,0.877363,0.039644,0,1,1,1,1,1,1,0.125481,0,0,0,0,0,0.139522,0.285147,0.75,0.1,2.23071,2.60912,2.74625,3,1,1,1,4.5,33,35,1,0.148532,0.282456,0.630137,0.882162,1,0.1,0.436051,2.97523,2,0.468373,1,2,0.65,0.65,1,0.225254,1.10578,1,1,1,1,1,4.58825,4.58825,210,3.43599,1.16773,0.959577,1,10,0.0424477,1.65326,0,0.0675248,0,0.0390607,0,0,0,1,0.5,2.32498,0.671868,0.1,0.408685,0.1,0.25,0.25,10,0.348731,0.1,0.1,0.241479,0.0304,0.028339,0.000779559,0.0254685,1,0.075,4.5,114,487,295,171,1,12,0.924712,0.8478,0
692,0,1,0.9,0.9,0,1.11366,0.0360741,0,1,1,1,1,1,1,0.813621,0,0,0,0,0,0.257402,0.517018,0.75,0.1,2.23071,2.60912,2.74625,3,1,1,1,4.5,33,35,1,0.148532,0.282456,0.630137,0.882162,1,0.1,0.436051,2.97523,2,0.468373,1,2,0.65,0.65,1,0.00314178,1.31314,1,1,1,1,1,0.0342376,1,210,3.43599,1.16773,0.959577,1,10,0.19172,2.36916,0,0.115641,0,2.27854,0,0,0,1,0.5,2.32498,0.671868,0.1,0.408685,0.1,0.25,0.25,10,0.348731,0.1,0.1,0.241479,0.0304,0.028339,0.000779559,0.0254685,1,0.075,4.5,114,487,295,171,1,12,0.918678,0.843792,2.08e-13
693,0,1,0.9,0.9,0,0.892408,0.0360654,0,1,1,1,1,1,1,0.399083,0,0,0,0,0,0.300428,0.206606,0.75,0.1,2.23071,2.60912,2.74625,3,1,1,1,4.5,33,35,1,0.148532,0.282456,0.630137,0.882162,1,0.1,0.436051,2.97523,2,0.468373,1,2,0.65,0.65,1,0.00141225,0.439858,1,1,1,1,1,2.0116,2.0116,210,3.43599,1.16773,0.959577,1,10,0.0181958,6.31516,0,0.106147,0,0.364802,0,0,0,1,0.5,2.32498,0.671868,0.1,0.408685,0.1,0.25,0.25,10,0.348731,0.1,0.1,0.241479,0.0304,0.028339,0.000779559,0.0254685,1,0.075,4.5,114,487,295,171,1,12,0.94134,0.837062,0
694,0,1,0.9,0.9,0,0.969432,0.0327697,0,1,1,1,1,1,1,0.673437,0,0,0,0,0,0.105572,0.514753,0.75,0.1,2.23071,2.60912,2.74625,3,1,1,1,4.5,33,35,1,0.148532,0.282456,0.630137,0.882162,1,0.1,0.436051,2.97523,2,0.468373,1,2,0.65,0.65,1,0.0312604,1.03669,1,1,1,1,1,0.131187,1,210,3.43599,1.16773,0.959577,1,10,0.039287,0.497481,0,2.93673,0,0.0379674,0,0,0,1,0.5,2.32498,0.671868,0.1,0.408685,0.1,0.25,0.25,10,0.348731,0.1,0.1,0.241479,0.0304,0.028339,0.000779559,0.0254685,1,0.075,4.5,114,487,295,171,1,12,1,0.91272,6.93088e-09
695,0,1,0.9,1.23841,0,0.975824,0.0392231,0,1,1,1,1,1,1,0.580575,0,0,0,0,0,0.351207,0.389328,0.75,0.1,2.23071,2.60912,2.74625,3,1,1,1,4.5,33,35,1,0.148532,0.282456,0.630137,0.882162,1,0.1,0.436051,2.97523,2,0.468373,1,2,0.65,0.65,1,0.000917394,1.7743,1,1,1,1,1,0.0457648,1,210,3.43599,1.16773,0.959577,1,10,0.0322738,0.519756,0,0.0102468,0,0.0200478,0,0,0,1,0.5,2.32498,0.671868,0.1,0.408685,0.1,0.25,0.25,10,0.348731,0.1,0.1,0.241479,0.0304,0.028339,0.000779559,0.0254685,1,0.075,4.5,114,487,295,171,1,12,1,0.895891,0.000179637
696,0,1,0.9,0.9,0,1.14993,0.0427368,0,1,1,1,1,1,1,1,0,0,0,0,0,0.1103,0.880774,0.75,0.1,2.23071,2.60912,2.74625,3,1,1,1,4.5,33,35,1,0.148532,0.282456,0.630137,0.882162,1,0.1,0.436051,2.97523,2,0.468373,1,2,0.65,0.65,1,0.00930406,1.13735,1,1,1,1,1,1.12485,1.12485,210,3.43599,1.16773,0.959577,1,10,0.0093592,0.890259,0,0.0353701,0,0.00149384,0,0,0,1,0.5,2.32498,0.671868,0.1,0.408685,0.1,0.25,0.25,10,0.348731,0.1,0.1,0.241479,0.0304,0.028339,0.000779559,0.0254685,1,0.075,4.5,114,487,295,171,1,12,0.991574,0.848594,0.000179637
697,0,1,0.9,0.9,0,0.928032,0.0383878,0,1,1,1,1,1,1,0.785939,0,0,0,0,0,0.373197,1,0.75,0.1,2.23071,2.60912,2.74625,3,1,1,1,4.5,33,35,1,0.148532,0.282456,0.630137,0.882162,1,0.1,0.436051,2.97523,2,0.468373,1,2,0.65,0.65,1,0.0455714,1.12005,1,1,1,1,1,0.011755,1,210,3.43599,1.16773,0.959577,1,10,0.137845,13.921,0,1.15017,0,0.017749,0,0,0,1,0.5,2.32498,0.671868,0.1,0.408685,0.1,0.25,0.25,10,0.348731,0.1,0.1,0.241479,0.0304,0.028339,0.000779559,0.0254685,1,0.075,4.5,114,487,295,171,1,12,1,0.818421,0
698,0,1,0.9,1.90952,0,1.04878,0.0401311,0,1,1,1,1,1,1,0.612834,0,0,0,0,0,0.258602,0.418855,0.75,0.1,2.23071,2.60912,2.74625,3,1,1,1,4.5,33,35,1,0.148532,0.282456,0.630137,0.882162,1,0.1,0.436051,2.97523,2,0.468373,1,2,0.65,0.65,1,0.000515043,0.169945,1,1,1,1,1,0.0460747,1,210,3.43599,1.16773,0.959577,1,10,0.0572065,0.784197,0,0.768887,0,0.00980421,0,0,0,1,0.5,2.32498,0.671868,0.1,0.408685,0.1,0.25,0.25,10,0.348731,0.1,0.1,0.241479,0.0304,0.028339,0.000779559,0.0254685,1,0.075,4.5,114,487,295,171,1,12,0.940822,0.874163,0.0044812
699,0,1,0.9,0.9,0,1.15161,0.0446368,0,1,1,1,1,1,1,0.250446,0,0,0,0,0,0.595532,1,0.75,0.1,2.23071,2.60912,2.74625,3,1,1,1,4.5,33,35,1,0.148532,0.282456,0.630137,0.882162,1,0.1,0.436051,2.97523,2,0.468373,1,2,0.65,0.65,1,0.119798,0.338219,1,1,1,1,1,0.0717444,1,210,3.43599,1.16773,0.959577,1,10,0.0286008,1.73619,0,0.927225,0,0.0126526,0,0,0,1,0.5,2.32498,0.671868,0.1,0.408685,0.1,0.25,0.25,10,0.348731,0.1,0.1,0.241479,0.0304,0.028339,0.000779559,0.0254685,1,0.075,4.5,114,487,295,171,1,12,0.881028,0.985751,4.04524e-13
700,0,1,0.9,0.9,0,0.942169,0.0374568,0,1,1,1,1,1,1,0.360327,0,0,0,0,0,0.0658635,0.500331,0.75,0.1,2.23071,2.60912,2.74625,3,1,1,1,4.5,33,35,1,0.148532,0.282456,0.630137,0.882162,1,0.1,0.436051,2.97523,2,0.468373,1,2,0.65,0.65,1,0.00647676,6.89325,1,1,1,1,1,0.0598543,1,210,3.43599,1.16773,0.959577,1,10,0.027289,0.512893,0,0.0248997,0,0.156192,0,0,0,1,0.5,2.32498,0.671868,0.1,0.408685,0.1,0.25,0.25,10,0.348731,0.1,0.1,0.241479,0.0304,0.028339,0.000779559,0.0254685,1,0.075,4.5,114,487,295,171,1,12,0.910885,0.906513,0
701,0,1,0.9,0.9,0,0.939068,0.0386919,0,1,1,1,1,1,1,1,0,0,0,0,0,0.0788896,0.158613,0.75,0.1,2.23071,2.60912,2.74625,3,1,1,1,4.5,33,35,1,0.148532,0.282456,0.630137,0.882162,1,0.1,0.436051,2.97523,2,0.468373,1,2,0.65,0.65,1,0.00907931,0.229451,1,1,1,1,1,0.707791,1,210,3.43599,1.16773,0.959577,1,10,0.0868492,2.70812,0,0.278796,0,0.0004822,0,0,0,1,0.5,2.32498,0.671868,0.1,0.408685,0.1,0.25,0.25,10,0.348731,0.1,0.1,0.241479,0.0304,0.028339,0.000779559,0.0254685,1,0.075,4.5,114,487,295,171,1,12,1,0.960702,0.000179637
702,0,1,0.9,0.9,0,1.01151,0.0324465,0,1,1,1,1,1,1,0.631789,0,0,0,0,0,0.353311,0.519688,0.75,0.1,2.23071,2.60912,2.74625,3,1,1,1,4.5,33,35,1,0.148532,0.282456,0.630137,0.882162,1,0.1,0.436051,2.97523,2,0.468373,1,2,0.65,0.65,1,0.0546376,0.29363,1,1,1,1,1,0.162747,1,210,3.43599,1.16773,0.959577,1,10,0.272866,4.60726,0,0.00960756,0,0.00968396,0,0,0,1,0.5,2.32498,0.671868,0.1,0.408685,0.1,0.25,0.25,10,0.348731,0.1,0.1,0.241479,0.0304,0.028339,0.000779559,0.0254685,1,0.075,4.5,114,487,295,171,1,12,0.943878,0.890942,0
703,0,1,0.9,1.61843,0,0.976871,0.0419819,0,1,1,1,1,1,1,0.0781218,0,0,0,0,0,0.374945,0.127853,0.75,0.1,2.23071,2.60912,2.74625,3,1,1,1,4.5,33,35,1,0.148532,0.282456,0.630137,0.882162,1,0.1,0.436051,2.97523,2,0.468373,1,2,0.65,0.65,1,0.00105896,0.651268,1,1,1,1,1,0.0318076,1,210,3.43599,1.16773,0.959577,1,10,0.00730946,4.86252,0,0.118262,0,0.157476,0,0,0,1,0.5,2.32498,0.671868,0.1,0.408685,0.1,0.25,0.25,10,0.348731,0.1,0.1,0.241479,0.0304,0.028339,0.000779559,0.0254685,1,0.075,4.5,114,487,295,171,1,12,1,0.969303,0
704,0,1,0.9,16.0035,0,0.922857,0.0353063,0,1,1,1,1,1,1,0.853471,0,0,0,0,0,0.0203276,1,0.75,0.1,2.23071,2.60912,2.74625,3,1,1,1,4.5,33,35,1,0.148532,0.282456,0.630137,0.882162,1,0.1,0.436051,2.97523,2,0.468373,1,2,0.65,0.65,1,0.00407986,2.03088,1,1,1,1,1,0.00607333,1,210,3.43599,1.16773,0.959577,1,10,0.106099,2.52392,0,2.93256,0,0.800724,0,0,0,1,0.5,2.32498,0.671868,0.1,0.408685,0.1,0.25,0.25,10,0.348731,0.1,0.1,0.241479,0.0304,0.028339,0.000779559,0.0254685,1,0.075,4.5,114,487,295,171,1,12,1,0.878752,0
705,0,1,0.9,0.984005,0,1.0429,0.0406542,0,1,1,1,1,1,1,0.420095,0,0,0,0,0,0.20356,0.100361,0.75,0.1,2.23071,2.60912,2.74625,3,1,1,1,4.5,33,35,1,0.148532,0.282456,0.630137,0.882162,1,0.1,0.436051,2.97523,2,0.468373,1,2,0.65,0.65,1,0.0471197,0.375763,1,1,1,1,1,0.0114567,1,210,3.43599,1.16773,0.959577,1,10,0.151016,1.0174,0,0.349552,0,0.0221532,0,0,0,1,0.5,2.32498,0.671868,0.1,0.408685,0.1,0.25,0.25,10,0.348731,0.1,0.1,0.241479,0.0304,0.028339,0.000779559,0.0254685,1,0.075,4.5,114,487,295,171,1,12,1,0.952376,0
706,0,1,0.9,1.5915,0,1.0423,0.0370955,0,1,1,1,1,1,1,0.450678,0,0,0,0,0,0.351202,0.652246,0.75,0.1,2.23071,2.60912,2.74625,3,1,1,1,4.5,33,35,1,0.148532,0.282456,0.630137,0.882162,1,0.1,0.436051,2.97523,2,0.468373,1,2,0.65,0.65,1,0.0355355,0.708599,1,1,1,1,1,0.311888,1,210,3.43599,1.16773,0.959577,1,10,0.116849,2.70435,0,0.0410288,0,0.123136,0,0,0,1,0.5,2.32498,0.671868,0.1,0.408685,0.1,0.25,0.25,10,0.348731,0.1,0.1,0.241479,0.0304,0.028339,0.000779559,0.0254685,1,0.075,4.5,114,487,295,171,1,12,1,0.863535,0
707,0,1,0.9,0.9,0,1.11346,0.0380632,0,1,1,1,1,1,1,0.275668,0,0,0,0,0,0.962223,0.413971,0.75,0.1,2.23071,2.60912,2.74625,3,1,1,1,4.5,33,35,1,0.148532,0.282456,0.630137,0.882162,1,0.1,0.436051,2.97523,2,0.468373,1,2,0.65,0.65,1,0.0438588,0.411628,1,1,1,1,1,0.538724,1,210,3.43599,1.16773,0.959577,1,10,0.184112,0.92689,0,0.206124,0,0.107668,0,0,0,1,0.5,2.32498,0.671868,0.1,0.408685,0.1,0.25,0.25,10,0.348731,0.1,0.1,0.241479,0.0304,0.028339,0.000779559,0.0254685,1,0.075,4.5,114,487,295,171,1,12,1,1,0
708,0,1,0.9,0.9,0,1.14885,0.0438539,0,1,1,1,1,1,1,0.261233,0,0,0,0,0,0.377828,0.393286,0.75,0.1,2.23071,2.60912,2.74625,3,1,1,1,4.5,33,35,1,0.148532,0.282456,0.630137,0.882162,1,0.1,0.436051,2.97523,2,0.468373,1,2,0.65,0.65,1,0.016614,0.950432,1,1,1,1,1,1.20587,1.20587,210,3.43599,1.16773,0.959577,1,10,0.501071,0.501071,0,0.134794,0,3.6969,0,0,0,1,0.5,2.32498,0.671868,0.1,0.408685,0.1,0.25,0.25,10,0.348731,0.1,0.1,0.241479,0.0304,0.028339,0.000779559,0.0254685,1,0.075,4.5,114,487,295,171,1,12,1,0.878164,0
709,0,1,0.9,0.9,0,0.983806,0.0364439,0,1,1,1,1,1,1,0.295887,0,0,0,0,0,1,1,0.75,0.1,2.23071,2.60912,2.74625,3,1,1,1,4.5,33,35,1,0.148532,0.282456,0.630137,0.882162,1,0.1,0.436051,2.97523,2,0.468373,1,2,0.65,0.65,1,0.0129202,0.771934,1,1,1,1,1,0.0170882,1,210,3.43599,1.16773,0.959577,1,10,0.019101,3.17525,0,0.0510719,0,2.30802,0,0,0,1,0.5,2.32498,0.671868,0.1,0.408685,0.1,0.25,0.25,10,0.348731,0.1,0.1,0.241479,0.0304,0.028339,0.000779559,0.0254685,1,0.075,4.5,114,487,295,171,1,12,1,0.906011,0
710,0,1,0.9,1.16152,0,1.08259,0.0422175,0,1,1,1,1,1,1,0.772392,0,0,0,0,0,0.296965,0.775195,0.75,0.1,2.23071,2.60912,2.74625,3,1,1,1,4.5,33,35,1,0.148532,0.282456,0.630137,0.882162,1,0.1,0.436051,2.97523,2,0.468373,1,2,0.65,0.65,1,0.000768999,0.307334,1,1,1,1,1,0.0101878,1,210,3.43599,1.16773,0.959577,1,10,0.0934053,2.37203,0,3.2749,0,0.020299,0,0,0,1,0.5,2.32498,0.671868,0.1,0.408685,0.1,0.25,0.25,10,0.348731,0.1,0.1,0.241479,0.0304,0.028339,0.000779559,0.0254685,1,0.075,4.5,114,487,295,171,1,12,1,0.825434,0.000179637
711,0,1,0.9,1.1079,0,0.858188,0.0394417,0,1,1,1,1,1,1,0.632222,0,0,0,0,0,0.299543,1,0.75,0.1,2.23071,2.60912,2.74625,3,1,1,1,4.5,33,35,1,0.148532,0.282456,0.630137,0.882162,1,0.1,0.436051,2.97523,2,0.468373,1,2,0.65,0.65,1,0.252357,0.359264,1,1,1,1,1,0.655738,1,210,3.43599,1.16773,0.959577,1,10,0.0630025,0.949325,0,0.441229,0,0.033966,0,0,0,1,0.5,2.32498,0.671868,0.1,0.408685,0.1,0.25,0.25,10,0.348731,0.1,0.1,0.241479,0.0304,0.028339,0.000779559,0.0254685,1,0.075,4.5,114,487,295,171,1,12,1,0.95067,0
712,0,1,0.9,0.9,0,0.912971,0.0413869,0,1,1,1,1,1,1,0.282292,0,0,0,0,0,0.718229,0.554726,0.75,0.1,2.23071,2.60912,2.74625,3,1,1,1,4.5,33,35,1,0.148532,0.282456,0.630137,0.882162,1,0.1,0.436051,2.97523,2,0.468373,1,2,0.65,0.65,1,0.00289134,4.40289,1,1,1,1,1,0.0176854,1,210,3.43599,1.16773,0.959577,1,10,0.0315641,0.672829,0,0.00953608,0,0.0689739,0,0,0,1,0.5,2.32498,0.671868,0.1,0.408685,0.1,0.25,0.25,10,0.348731,0.1,0.1,0.241479,0.0304,0.028339,0.000779559,0.0254685,1,0.075,4.5,114,487,295,171,1,12,1,0.960295,0.000179637
713,0,1,0.9,0.9,0,0.861679,0.0358758,0,1,1,1,1,1,1,0.361664,0,0,0,0,0,0.656365,0.270493,0.75,0.1,2.23071,2.60912,2.74625,3,1,1,1,4.5,33,35,1,0.148532,0.282456,0.630137,0.882162,1,0.1,0.436051,2.97523,2,0.468373,1,2,0.65,0.65,1,0.00281482,1.06163,1,1,1,1,1,0.599469,1,210,3.43599,1.16773,0.959577,1,10,0.0509278,0.316333,0,4.98722,0,0.00176943,0,0,0,1,0.5,2.32498,0.671868,0.1,0.408685,0.1,0.25,0.25,10,0.348731,0.1,0.1,0.241479,0.0304,0.028339,0.000779559,0.0254685,1,0.075,4.5,114,487,295,171,1,12,0.868383,0.982952,0.00263158
714,0,1,0.9,1.24766,0,0.954348,0.0314767,0,1,1,1,1,1,1,0.0489454,0,0,0,0,0,0.401132,0.138999,0.75,0.1,2.23071,2.60912,2.74625,3,1,1,1,4.5,33,35,1,0.148532,0.282456,0.630137,0.882162,1,0.1,0.436051,2.97523,2,0.468373,1,2,0.65,0.65,1,0.501436,0.569741,1,1,1,1,1,0.000113754,1,210,3.43599,1.16773,0.959577,1,10,0.175157,0.400505,0,0.0685193,0,0.0467027,0,0,0,1,0.5,2.32498,0.671868,0.1,0.408685,0.1,0.25,0.25,10,0.348731,0.1,0.1,0.241479,0.0304,0.028339,0.000779559,0.0254685,1,0.075,4.5,114,487,295,171,1,12,1,0.842959,0
715,0,1,0.9,0.9,0,1.08736,0.0381847,0,1,1,1,1,1,1,0.158646,0,0,0,0,0,0.920236,0.501363,0.75,0.1,2.23071,2.60912,2.74625,3,1,1,1,4.5,33,35,1,0.148532,0.282456,0.630137,0.882162,1,0.1,0.436051,2.97523,2,0.468373,1,2,0.65,0.65,1,0.172902,0.691115,1,1,1,1,1,0.0790884,1,210,3.43599,1.16773,0.959577,1,10,0.0371704,5.42372,0,0.171167,0,46.4381,0,0,0,1,0.5,2.32498,0.671868,0.1,0.408685,0.1,0.25,0.25,10,0.348731,0.1,0.1,0.241479,0.0304,0.028339,0.000779559,0.0254685,1,0.075,4.5,114,487,295,171,1,12,0.915994,0.927309,5.19942e-14
716,0,1,0.9,0.9,0,1.10502,0.0417969,0,1,1,1,1,1,1,0.257509,0,0,0,0,0,1,0.164961,0.75,0.1,2.23071,2.60912,2.74625,3,1,1,1,4.5,33,35,1,0.148532,0.282456,0.630137,0.882162,1,0.1,0.436051,2.97523,2,0.468373,1,2,0.65,0.65,1,0.000464842,0.580647,1,1,1,1,1,0.161111,1,210,3.43599,1.16773,0.959577,1,10,0.280277,1.19142,0,0.18253,0,0.0265064,0,0,0,1,0.5,2.32498,0.671868,0.1,0.408685,0.1,0.25,0.25,10,0.348731,0.1,0.1,0.241479,0.0304,0.028339,0.000779559,0.0254685,1,0.075,4.5,114,487,295,171,1,12,0.855655,0.889914,4.01339e-13
717,0,1,0.9,0.9,0,1.09926,0.0399457,0,1,1,1,1,1,1,0.724685,0,0,0,0,0,0.866968,0.372722,0.75,0.1,2.23071,2.60912,2.74625,3,1,1,1,4.5,33,35,1,0.148532,0.282456,0.630137,0.882162,1,0.1,0.436051,2.97523,2,0.468373,1,2,0.65,0.65,1,0.75747,1.07712,1,1,1,1,1,0.0461556,1,210,3.43599,1.16773,0.959577,1,10,0.0856653,1.14395,0,0.0141948,0,0.00522751,0,0,0,1,0.5,2.32498,0.671868,0.1,0.408685,0.1,0.25,0.25,10,0.348731,0.1,0.1,0.241479,0.0304,0.028339,0.000779559,0.0254685,1,0.075,4.5,114,487,295,171,1,12,1,0.857067,0
718,0,1,0.9,0.9,0,1.1982,0.0520961,0,1,1,1,1,1,1,1,0,0,0,0,0,0.337882,0.202191,0.75,0.1,2.23071,2.60912,2.74625,3,1,1,1,4.5,33,35,1,0.148532,0.282456,0.630137,0.882162,1,0.1,0.436051,2.97523,2,0.468373,1,2,0.65,0.65,1,0.17934,0.856127,1,1,1,1,1,0.00498969,1,210,3.43599,1.16773,0.959577,1,10,0.0603768,1.76489,0,1.72386,0,0.00204489,0,0,0,1,0.5,2.32498,0.671868,0.1,0.408685,0.1,0.25,0.25,10,0.348731,0.1,0.1,0.241479,0.0304,0.028339,0.000779559,0.0254685,1,0.075,4.5,114,487,295,171,1,12,1,0.829997,1.23335e-08
719,0,1,0.9,0.924204,0,0.956381,0.0377411,0,1,1,1,1,1,1,0.398681,0,0,0,0,0,0.152608,0.776066,0.75,0.1,2.23071,2.60912,2.74625,3,1,1,1,4.5,33,35,1,0.148532,0.282456,0.630137,0.882162,1,0.1,0.436051,2.97523,2,0.468373,1,2,0.65,0.65,1,0.000775667,1.21574,1,1,1,1,1,0.0316395,1,210,3.43599,1.16773,0.959577,1,10,0.0417492,3.64251,0,10.8805,0,0.137732,0,0,0,1,0.5,2.32498,0.671868,0.1,0.408685,0.1,0.25,0.25,10,0.348731,0.1,0.1,0.241479,0.0304,0.028339,0.000779559,0.0254685,1,0.075,4.5,114,487,295,171,1,12,1,0.999095,0
720,0,1,0.9,0.9,0,0.89314,0.0377428,0,1,1,1,1,1,1,0.218586,0,0,0,0,0,0.134738,0.212974,0.75,0.1,2.23071,2.60912,2.74625,3,1,1,1,4.5,33,35,1,0.148532,0.282456,0.630137,0.882162,1,0.1,0.436051,2.97523,2,0.468373,1,2,0.65,0.65,1,0.00774619,0.285608,1,1,1,1,1,0.132042,1,210,3.43599,1.16773,0.959577,1,10,0.0605631,1.44552,0,0.063792,0,3.28485,0,0,0,1,0.5,2.32498,0.671868,0.1,0.408685,0.1,0.25,0.25,10,0.348731,0.1,0.1,0.241479,0.0304,0.028339,0.000779559,0.0254685,1,0.075,4.5,114,487,295,171,1,12,1,0.768784,0
721,0,1,0.9,2.12045,0,0.776856,0.0403789,0,1,1,1,1,1,1,0.558581,0,0,0,0,0,0.715464,1,0.75,0.1,2.23071,2.60912,2.74625,3,1,1,1,4.5,33,35,1,0.148532,0.282456,0.630137,0.882162,1,0.1,0.436051,2.97523,2,0.468373,1,2,0.65,0.65,1,0.00298009,1.54948,1,1,1,1,1,0.026997,1,210,3.43599,1.16773,0.959577,1,10,0.0291145,1.12257,0,2.8668,0,0.818638,0,0,0,1,0.5,2.32498,0.671868,0.1,0.408685,0.1,0.25,0.25,10,0.348731,0.1,0.1,0.241479,0.0304,0.028339,0.000779559,0.0254685,1,0.075,4.5,114,487,295,171,1,12,1,0.807317,0
722,0,1,0.9,0.9,0,1.02244,0.0419933,0,1,1,1,1,1,1,1,0,0,0,0,0,0.395375,1,0.75,0.1,2.23071,2.60912,2.74625,3,1,1,1,4.5,33,35,1,0.148532,0.282456,0.630137,0.882162,1,0.1,0.436051,2.97523,2,0.468373,1,2,0.65,0.65,1,0.0426061,0.42304,1,1,1,1,1,0.231778,1,210,3.43599,1.16773,0.959577,1,10,0.317034,0.747533,0,0.690498,0,0.276693,0,0,0,1,0.5,2.32498,0.671868,0.1,0.408685,0.1,0.25,0.25,10,0.348731,0.1,0.1,0.241479,0.0304,0.028339,0.000779559,0.0254685,1,0.075,4.5,114,487,295,171,1,12,1,0.944309,0
723,0,1,0.9,1.68077,0,1.03937,0.0401332,0,1,1,1,1,1,1,0.39084,0,0,0,0,0,1,0.451525,0.75,0.1,2.23071,2.60912,2.74625,3,1,1,1,4.5,33,35,1,0.148532,0.282456,0.630137,0.882162,1,0.1,0.436051,2.97523,2,0.468373,1,2,0.65,0.65,1,0.00190952,1.44515,1,1,1,1,1,0.206574,1,210,3.43599,1.16773,0.959577,1,10,0.0335616,3.1033,0,0.0786462,0,0.0690793,0,0,0,1,0.5,2.32498,0.671868,0.1,0.408685,0.1,0.25,0.25,10,0.348731,0.1,0.1,0.241479,0.0304,0.028339,0.000779559,0.0254685,1,0.075,4.5,114,487,295,171,1,12,0.991454,0.943705,0
724,0,1,0.9,0.925407,0,1.01865,0.034231,0,1,1,1,1,1,1,0.463951,0,0,0,0,0,0.517976,0.40472,0.75,0.1,2.23071,2.60912,2.74625,3,1,1,1,4.5,33,35,1,0.148532,0.282456,0.630137,0.882162,1,0.1,0.436051,2.97523,2,0.468373,1,2,0.65,0.65,1,0.0444938,4.00493,1,1,1,1,1,0.109443,1,210,3.43599,1.16773,0.959577,1,10,0.0304119,0.700598,0,0.870665,0,0.00499637,0,0,0,1,0.5,2.32498,0.671868,0.1,0.408685,0.1,0.25,0.25,10,0.348731,0.1,0.1,0.241479,0.0304,0.028339,0.000779559,0.0254685,1,0.075,4.5,114,487,295,171,1,12,1,1,0
725,0,1,0.9,1.27874,0,0.95174,0.043858,0,1,1,1,1,1,1,0.471755,0,0,0,0,0,0.342302,0.583943,0.75,0.1,2.23071,2.60912,2.74625,3,1,1,1,4.5,33,35,1,0.148532,0.282456,0.630137,0.882162,1,0.1,0.436051,2.97523,2,0.468373,1,2,0.65,0.65,1,0.0264279,1.67045,1,1,1,1,1,0.0412316,1,210,3.43599,1.16773,0.959577,1,10,0.24692,3.328,0,0.0103519,0,0.00525518,0,0,0,1,0.5,2.32498,0.671868,0.1,0.408685,0.1,0.25,0.25,10,0.348731,0.1,0.1,0.241479,0.0304,0.028339,0.000779559,0.0254685,1,0.075,4.5,114,487,295,171,1,12,1,1,0
726,0,1,0.9,0.9,0,1.15531,0.0396347,0,1,1,1,1,1,1,1,0,0,0,0,0,0.147573,0.764292,0.75,0.1,2.23071,2.60912,2.74625,3,1,1,1,4.5,33,35,1,0.148532,0.282456,0.630137,0.882162,1,0.1,0.436051,2.97523,2,0.468373,1,2,0.65,0.65,1,0.00182074,1.12811,1,1,1,1,1,0.0131882,1,210,3.43599,1.16773,0.959577,1,10,0.015652,1.32553,0,0.113177,0,0.169355,0,0,0,1,0.5,2.32498,0.671868,0.1,0.408685,0.1,0.25,0.25,10,0.348731,0.1,0.1,0.241479,0.0304,0.028339,0.000779559,0.0254685,1,0.075,4.5,114,487,295,171,1,12,0.980557,0.927681,0
727,0,1,0.9,0.9,0,0.902407,0.0380641,0,1,1,1,1,1,1,1,0,0,0,0,0,1,0.936943,0.75,0.1,2.23071,2.60912,2.74625,3,1,1,1,4.5,33,35,1,0.148532,0.282456,0.630137,0.882162,1,0.1,0.436051,2.97523,2,0.468373,1,2,0.65,0.65,1,0.01362,0.593984,1,1,1,1,1,0.0134366,1,210,3.43599,1.16773,0.959577,1,10,0.02782,1.99381,0,0.135349,0,0.244745,0,0,0,1,0.5,2.32498,0.671868,0.1,0.408685,0.1,0.25,0.25,10,0.348731,0.1,0.1,0.241479,0.0304,0.028339,0.000779559,0.0254685,1,0.075,4.5,114,487,295,171,1,12,0.913741,0.917411,0
728,0,1,0.9,0.9,0,1.29477,0.0342026,0,1,1,1,1,1,1,0.131575,0,0,0,0,0,1,0.20612,0.75,0.1,2.23071,2.60912,2.74625,3,1,1,1,4.5,33,35,1,0.148532,0.282456,0.630137,0.882162,1,0.1,0.436051,2.97523,2,0.468373,1,2,0.65,0.65,1,0.00180026,0.588168,1,1,1,1,1,2.24494,2.24494,210,3.43599,1.16773,0.959577,1,10,0.0687826,2.86214,0,0.0170157,0,0.00369452,0,0,0,1,0.5,2.32498,0.671868,0.1,0.408685,0.1,0.25,0.25,10,0.348731,0.1,0.1,0.241479,0.0304,0.028339,0.000779559,0.0254685,1,0.075,4.5,114,487,295,171,1,12,1,0.878513,0.000179637
729,0,1,0.9,1.60733,0,1.01045,0.0402185,0,1,1,1,1,1,1,0.230215,0,0,0,0,0,1,1,0.75,0.1,2.23071,2.60912,2.74625,3,1,1,1,4.5,33,35,1,0.148532,0.282456,0.630137,0.882162,1,0.1,0.436051,2.97523,2,0.468373,1,2,0.65,0.65,1,0.000706018,1.51146,1,1,1,1,1,0.00304641,1,210,3.43599,1.16773,0.959577,1,10,0.00724874,2.49393,0,0.281893,0,0.201757,0,0,0,1,0.5,2.32498,0.671868,0.1,0.408685,0.1,0.25,0.25,10,0.348731,0.1,0.1,0.241479,0.0304,0.028339,0.000779559,0.0254685,1,0.075,4.5,114,487,295,171,1,12,1,0.889098,0
730,0,1,0.9,0.9,0,0.972302,0.0471134,0,1,1,1,1,1,1,1,0,0,0,0,0,0.279879,0.339966,0.75,0.1,2.23071,2.60912,2.74625,3,1,1,1,4.5,33,35,1,0.148532,0.282456,0.630137,0.882162,1,0.1,0.436051,2.97523,2,0.468373,1,2,0.65,0.65,1,0.000915122,7.56947,1,1,1,1,1,0.00718157,1,210,3.43599,1.16773,0.959577,1,10,0.0530575,2.09769,0,0.143534,0,0.161104,0,0,0,1,0.5,2.32498,0.671868,0.1,0.408685,0.1,0.25,0.25,10,0.348731,0.1,0.1,0.241479,0.0304,0.028339,0.000779559,0.0254685,1,0.075,4.5,114,487,295,171,1,12,0.890992,0.83814,0.00916667
731,0,1,0.9,0.9,0,1.11157,0.0466406,0,1,1,1,1,1,1,1,0,0,0,0,0,0.302106,0.236523,0.75,0.1,2.23071,2.60912,2.74625,3,1,1,1,4.5,33,35,1,0.148532,0.282456,0.630137,0.882162,1,0.1,0.436051,2.97523,2,0.468373,1,2,0.65,0.65,1,0.209322,0.767531,1,1,1,1,1,0.0190761,1,210,3.43599,1.16773,0.959577,1,10,0.0558301,10.086,0,0.0250793,0,0.0403831,0,0,0,1,0.5,2.32498,0.671868,0.1,0.408685,0.1,0.25,0.25,10,0.348731,0.1,0.1,0.241479,0.0304,0.028339,0.000779559,0.0254685,1,0.075,4.5,114,487,295,171,1,12,1,0.940464,4.0572e-09
732,0,1,0.9,2.12685,0,1.00085,0.0398023,0,1,1,1,1,1,1,0.418794,0,0,0,0,0,0.149169,0.696672,0.75,0.1,2.23071,2.60912,2.74625,3,1,1,1,4.5,33,35,1,0.148532,0.282456,0.630137,0.882162,1,0.1,0.436051,2.97523,2,0.468373,1,2,0.65,0.65,1,0.00166984,0.557312,1,1,1,1,1,0.488641,1,210,3.43599,1.16773,0.959577,1,10,0.0217888,7.39082,0,0.0723076,0,0.514882,0,0,0,1,0.5,2.32498,0.671868,0.1,0.408685,0.1,0.25,0.25,10,0.348731,0.1,0.1,0.241479,0.0304,0.028339,0.000779559,0.0254685,1,0.075,4.5,114,487,295,171,1,12,0.993526,0.853742,0
733,0,1,0.9,0.9,0,1.13663,0.0397646,0,1,1,1,1,1,1,0.260034,0,0,0,0,0,0.410588,0.617097,0.75,0.1,2.23071,2.60912,2.74625,3,1,1,1,4.5,33,35,1,0.148532,0.282456,0.630137,0.882162,1,0.1,0.436051,2.97523,2,0.468373,1,2,0.65,0.65,1,0.0443219,0.398368,1,1,1,1,1,0.0172548,1,210,3.43599,1.16773,0.959577,1,10,0.0729224,2.29869,0,0.028566,0,1.80806,0,0,0,1,0.5,2.32498,0.671868,0.1,0.408685,0.1,0.25,0.25,10,0.348731,0.1,0.1,0.241479,0.0304,0.028339,0.000779559,0.0254685,1,0.075,4.5,114,487,295,171,1,12,0.89253,0.856894,5.19942e-14
734,0,1,0.9,0.9,0,1.17733,0.0468572,0,1,1,1,1,1,1,0.206409,0,0,0,0,0,0.0963619,0.566416,0.75,0.1,2.23071,2.60912,2.74625,3,1,1,1,4.5,33,35,1,0.148532,0.282456,0.630137,0.882162,1,0.1,0.436051,2.97523,2,0.468373,1,2,0.65,0.65,1,0.00154028,0.0778081,1,1,1,1,1,0.0064912,1,210,3.43599,1.16773,0.959577,1,10,0.0297501,2.37831,0,0.885875,0,2.03816,0,0,0,1,0.5,2.32498,0.671868,0.1,0.408685,0.1,0.25,0.25,10,0.348731,0.1,0.1,0.241479,0.0304,0.028339,0.000779559,0.0254685,1,0.075,4.5,114,487,295,171,1,12,1,0.941294,4.0572e-09
735,0,1,0.9,1.18024,0,0.878084,0.0354426,0,1,1,1,1,1,1,1,0,0,0,0,0,0.127075,0.313909,0.75,0.1,2.23071,2.60912,2.74625,3,1,1,1,4.5,33,35,1,0.148532,0.282456,0.630137,0.882162,1,0.1,0.436051,2.97523,2,0.468373,1,2,0.65,0.65,1,0.00528723,2.25199,1,1,1,1,1,0.00658006,1,210,3.43599,1.16773,0.959577,1,10,0.0254502,0.908065,0,2.18444,0,0.381662,0,0,0,1,0.5,2.32498,0.671868,0.1,0.408685,0.1,0.25,0.25,10,0.348731,0.1,0.1,0.241479,0.0304,0.028339,0.000779559,0.0254685,1,0.075,4.5,114,487,295,171,1,12,1,0.854202,0
736,0,1,0.9,0.9,0,1.08033,0.0349043,0,1,1,1,1,1,1,0.588949,0,0,0,0,0,0.956483,1,0.75,0.1,2.23071,2.60912,2.74625,3,1,1,1,4.5,33,35,1,0.148532,0.282456,0.630137,0.882162,1,0.1,0.436051,2.97523,2,0.468373,1,2,0.65,0.65,1,0.002156,0.343708,1,1,1,1,1,0.220799,1,210,3.43599,1.16773,0.959577,1,10,0.0525383,0.665233,0,1.1098,0,0.0971761,0,0,0,1,0.5,2.32498,0.671868,0.1,0.408685,0.1,0.25,0.25,10,0.348731,0.1,0.1,0.241479,0.0304,0.028339,0.000779559,0.0254685,1,0.075,4.5,114,487,295,171,1,12,1,0.984529,0.000179637
737,0,1,0.9,1.14175,0,1.02565,0.0411536,0,1,1,1,1,1,1,0.544332,0,0,0,0,0,1,0.393195,0.75,0.1,2.23071,2.60912,2.74625,3,1,1,1,4.5,33,35,1,0.148532,0.282456,0.630137,0.882162,1,0.1,0.436051,2.97523,2,0.468373,1,2,0.65,0.65,1,0.0155772,2.07436,1,1,1,1,1,0.311299,1,210,3.43599,1.16773,0.959577,1,10,0.0420087,1.12176,0,2.61461,0,0.0659801,0,0,0,1,0.5,2.32498,0.671868,0.1,0.408685,0.1,0.25,0.25,10,0.348731,0.1,0.1,0.241479,0.0304,0.028339,0.000779559,0.0254685,1,0.075,4.5,114,487,295,171,1,12,1,0.731853,3.14699e-08
738,0,1,0.9,1.05436,0,1.11654,0.0463995,0,1,1,1,1,1,1,0.172641,0,0,0,0,0,0.477633,0.158822,0.75,0.1,2.23071,2.60912,2.74625,3,1,1,1,4.5,33,35,1,0.148532,0.282456,0.630137,0.882162,1,0.1,0.436051,2.97523,2,0.468373,1,2,0.65,0.65,1,0.00895081,1.25301,1,1,1,1,1,0.021676,1,210,3.43599,1.16773,0.959577,1,10,0.1794,1.88922,0,2.5599,0,0.0928419,0,0,0,1,0.5,2.32498,0.671868,0.1,0.408685,0.1,0.25,0.25,10,0.348731,0.1,0.1,0.241479,0.0304,0.028339,0.000779559,0.0254685,1,0.075,4.5,114,487,295,171,1,12,0.984219,0.765484,4.0572e-09
739,0,1,0.9,1.29637,0,0.839624,0.0446262,0,1,1,1,1,1,1,1,0,0,0,0,0,0.76355,0.13916,0.75,0.1,2.23071,2.60912,2.74625,3,1,1,1,4.5,33,35,1,0.148532,0.282456,0.630137,0.882162,1,0.1,0.436051,2.97523,2,0.468373,1,2,0.65,0.65,1,0.0110673,0.508954,1,1,1,1,1,0.367572,1,210,3.43599,1.16773,0.959577,1,10,0.0183704,2.51063,0,0.0309054,0,0.068984,0,0,0,1,0.5,2.32498,0.671868,0.1,0.408685,0.1,0.25,0.25,10,0.348731,0.1,0.1,0.241479,0.0304,0.028339,0.000779559,0.0254685,1,0.075,4.5,114,487,295,171,1,12,0.888003,0.826218,4.04524e-13
740,0,1,0.9,0.9,0,1.12013,0.0411337,0,1,1,1,1,1,1,0.160355,0,0,0,0,0,1,0.0681072,0.75,0.1,2.23071,2.60912,2.74625,3,1,1,1,4.5,33,35,1,0.148532,0.282456,0.630137,0.882162,1,0.1,0.436051,2.97523,2,0.468373,1,2,0.65,0.65,1,0.937242,1.86878,1,1,1,1,1,0.0434474,1,210,3.43599,1.16773,0.959577,1,10,0.0321478,4.69894,0,0.0268762,0,1.12907,0,0,0,1,0.5,2.32498,0.671868,0.1,0.408685,0.1,0.25,0.25,10,0.348731,0.1,0.1,0.241479,0.0304,0.028339,0.000779559,0.0254685,1,0.075,4.5,114,487,295,171,1,12,0.913991,0.94076,2.08e-13
741,0,1,0.9,0.9,0,1.04097,0.0387632,0,1,1,1,1,1,1,1,0,0,0,0,0,0.49669,0.726977,0.75,0.1,2.23071,2.60912,2.74625,3,1,1,1,4.5,33,35,1,0.148532,0.282456,0.630137,0.882162,1,0.1,0.436051,2.97523,2,0.468373,1,2,0.65,0.65,1,0.000119455,2.45978,1,1,1,1,1,0.333109,1,210,3.43599,1.16773,0.959577,1,10,0.00208221,1.00458,0,0.0921444,0,0.00414516,0,0,0,1,0.5,2.32498,0.671868,0.1,0.408685,0.1,0.25,0.25,10,0.348731,0.1,0.1,0.241479,0.0304,0.028339,0.000779559,0.0254685,1,0.075,4.5,114,487,295,171,1,12,1,0.848145,0.000179637
742,0,1,0.9,2.80395,0,1.18359,0.0388649,0,1,1,1,1,1,1,0.0744823,0,0,0,0,0,0.607055,0.912903,0.75,0.1,2.23071,2.60912,2.74625,3,1,1,1,4.5,33,35,1,0.148532,0.282456,0.630137,0.882162,1,0.1,0.436051,2.97523,2,0.468373,1,2,0.65,0.65,1,0.00493921,0.632292,1,1,1,1,1,0.0133968,1,210,3.43599,1.16773,0.959577,1,10,0.0697397,1.01833,0,73.3957,0,0.00226252,0,0,0,1,0.5,2.32498,0.671868,0.1,0.408685,0.1,0.25,0.25,10,0.348731,0.1,0.1,0.241479,0.0304,0.028339,0.000779559,0.0254685,1,0.075,4.5,114,487,295,171,1,12,1,0.773559,0.000179637
743,0,1,0.9,0.9,0,0.811806,0.0352027,0,1,1,1,1,1,1,1,0,0,0,0,0,1,0.0924171,0.75,0.1,2.23071,2.60912,2.74625,3,1,1,1,4.5,33,35,1,0.148532,0.282456,0.630137,0.882162,1,0.1,0.436051,2.97523,2,0.468373,1,2,0.65,0.65,1,0.00592762,0.549694,1,1,1,1,1,3.47796,3.47796,210,3.43599,1.16773,0.959577,1,10,0.0231324,0.451735,0,2.83136,0,0.00913567,0,0,0,1,0.5,2.32498,0.671868,0.1,0.408685,0.1,0.25,0.25,10,0.348731,0.1,0.1,0.241479,0.0304,0.028339,0.000779559,0.0254685,1,0.075,4.5,114,487,295,171,1,12,1,0.736313,0.000179637
744,0,1,0.9,0.9,0,0.998149,0.0379992,0,1,1,1,1,1,1,0.388684,0,0,0,0,0,0.974749,0.190662,0.75,0.1,2.23071,2.60912,2.74625,3,1,1,1,4.5,33,35,1,0.148532,0.282456,0.630137,0.882162,1,0.1,0.436051,2.97523,2,0.468373,1,2,0.65,0.65,1,0.00103508,0.509487,1,1,1,1,1,0.166098,1,210,3.43599,1.16773,0.959577,1,10,0.0465958,1.80228,0,0.68682,0,0.0918016,0,0,0,1,0.5,2.32498,0.671868,0.1,0.408685,0.1,0.25,0.25,10,0.348731,0.1,0.1,0.241479,0.0304,0.028339,0.000779559,0.0254685,1,0.075,4.5,114,487,295,171,1,12,1,0.898436,0
745,0,1,0.9,0.9,0,0.990636,0.0414217,0,1,1,1,1,1,1,1,0,0,0,0,0,0.614245,1,0.75,0.1,2.23071,2.60912,2.74625,3,1,1,1,4.5,33,35,1,0.148532,0.282456,0.630137,0.882162,1,0.1,0.436051,2.97523,2,0.468373,1,2,0.65,0.65,1,0.00115221,0.294967,1,1,1,1,1,0.0476952,1,210,3.43599,1.16773,0.959577,1,10,0.164869,3.55563,0,6.84897,0,0.010311,0,0,0,1,0.5,2.32498,0.671868,0.1,0.408685,0.1,0.25,0.25,10,0.348731,0.1,0.1,0.241479,0.0304,0.028339,0.000779559,0.0254685,1,0.075,4.5,114,487,295,171,1,12,1,0.780549,6.93088e-09
746,0,1,0.9,1.29137,0,1.02195,0.0474237,0,1,1,1,1,1,1,1,0,0,0,0,0,0.452128,0.336213,0.75,0.1,2.23071,2.60912,2.74625,3,1,1,1,4.5,33,35,1,0.148532,0.282456,0.630137,0.882162,1,0.1,0.436051,2.97523,2,0.468373,1,2,0.65,0.65,1,0.00807437,1.99413,1,1,1,1,1,0.0808491,1,210,3.43599,1.16773,0.959577,1,10,0.0935663,2.8354,0,0.281188,0,0.0278123,0,0,0,1,0.5,2.32498,0.671868,0.1,0.408685,0.1,0.25,0.25,10,0.348731,0.1,0.1,0.241479,0.0304,0.028339,0.000779559,0.0254685,1,0.075,4.5,114,487,295,171,1,12,0.865388,0.953631,0.00643541
747,0,1,0.9,1.00339,0,1.28898,0.0415989,0,1,1,1,1,1,1,0.901711,0,0,0,0,0,0.318516,0.319858,0.75,0.1,2.23071,2.60912,2.74625,3,1,1,1,4.5,33,35,1,0.148532,0.282456,0.630137,0.882162,1,0.1,0.436051,2.97523,2,0.468373,1,2,0.65,0.65,1,0.00577258,2.01063,1,1,1,1,1,0.00756491,1,210,3.43599,1.16773,0.959577,1,10,0.0221815,0.236459,0,0.113276,0,0.0164652,0,0,0,1,0.5,2.32498,0.671868,0.1,0.408685,0.1,0.25,0.25,10,0.348731,0.1,0.1,0.241479,0.0304,0.028339,0.000779559,0.0254685,1,0.075,4.5,114,487,295,171,1,12,1,1,0.000179637
748,0,1,0.9,0.9,0,1.04107,0.038072,0,1,1,1,1,1,1,1,0,0,0,0,0,0.0814462,1,0.75,0.1,2.23071,2.60912,2.74625,3,1,1,1,4.5,33,35,1,0.148532,0.282456,0.630137,0.882162,1,0.1,0.436051,2.97523,2,0.468373,1,2,0.65,0.65,1,0.0383694,3.15189,1,1,1,1,1,0.00409683,1,210,3.43599,1.16773,0.959577,1,10,0.0485354,0.517653,0,0.139594,0,0.0807906,0,0,0,1,0.5,2.32498,0.671868,0.1,0.408685,0.1,0.25,0.25,10,0.348731,0.1,0.1,0.241479,0.0304,0.028339,0.000779559,0.0254685,1,0.075,4.5,114,487,295,171,1,12,0.871731,0.865741,5.19942e-14
749,0,1,0.9,0.9,0,1.17721,0.0407493,0,1,1,1,1,1,1,1,0,0,0,0,0,0.938505,1,0.75,0.1,2.23071,2.60912,2.74625,3,1,1,1,4.5,33,35,1,0.148532,0.282456,0.630137,0.882162,1,0.1,0.436051,2.97523,2,0.468373,1,2,0.65,0.65,1,0.0744956,0.558098,1,1,1,1,1,0.0024811,1,210,3.43599,1.16773,0.959577,1,10,0.10654,0.44117,0,0.564849,0,0.473646,0,0,0,1,0.5,2.32498,0.671868,0.1,0.408685,0.1,0.25,0.25,10,0.348731,0.1,0.1,0.241479,0.0304,0.028339,0.000779559,0.0254685,1,0.075,4.5,114,487,295,171,1,12,1,1,0
750,0,1,0.9,2.00022,0,0.915235,0.0436914,0,1,1,1,1,1,1,0.430047,0,0,0,0,0,1,0.389943,0.75,0.1,2.23071,2.60912,2.74625,3,1,1,1,4.5,33,35,1,0.148532,0.282456,0.630137,0.882162,1,0.1,0.436051,2.97523,2,0.468373,1,2,0.65,0.65,1,0.0186937,0.533742,1,1,1,1,1,0.000147314,1,210,3.43599,1.16773,0.959577,1,10,0.0257198,2.36412,0,1.03513,0,0.343039,0,0,0,1,0.5,2.32498,0.671868,0.1,0.408685,0.1,0.25,0.25,10,0.348731,0.1,0.1,0.241479,0.0304,0.028339,0.000779559,0.0254685,1,0.075,4.5,114,487,295,171,1,12,1,1,0
751,0,1,0.9,1.37562,0,0.876355,0.0380089,0,1,1,1,1,1,1,1,0,0,0,0,0,0.699653,0.290155,0.75,0.1,2.23071,2.60912,2.74625,3,1,1,1,4.5,33,35,1,0.148532,0.282456,0.630137,0.882162,1,0.1,0.436051,2.97523,2,0.468373,1,2,0.65,0.65,1,0.00155592,0.0788831,1,1,1,1,1,0.0758634,1,210,3.43599,1.16773,0.959577,1,10,0.100135,1.51591,0,0.128766,0,0.0978338,0,0,0,1,0.5,2.32498,0.671868,0.1,0.408685,0.1,0.25,0.25,10,0.348731,0.1,0.1,0.241479,0.0304,0.028339,0.000779559,0.0254685,1,0.075,4.5,114,487,295,171,1,12,0.918062,0.824921,0.0149653
752,0,1,0.9,0.920459,0,0.962223,0.0412454,0,1,1,1,1,1,1,0.226997,0,0,0,0,0,0.550601,0.125955,0.75,0.1,2.23071,2.60912,2.74625,3,1,1,1,4.5,33,35,1,0.148532,0.282456,0.630137,0.882162,1,0.1,0.436051,2.97523,2,0.468373,1,2,0.65,0.65,1,0.0271341,0.473463,1,1,1,1,1,2.50071,2.50071,210,3.43599,1.16773,0.959577,1,10,0.512175,6.81232,0,0.173856,0,3.36702,0,0,0,1,0.5,2.32498,0.671868,0.1,0.408685,0.1,0.25,0.25,10,0.348731,0.1,0.1,0.241479,0.0304,0.028339,0.000779559,0.0254685,1,0.075,4.5,114,487,295,171,1,12,1,0.893765,0
753,0,1,0.9,0.9,0,0.917338,0.0400675,0,1,1,1,1,1,1,0.348166,0,0,0,0,0,0.23187,0.32071,0.75,0.1,2.23071,2.60912,2.74625,3,1,1,1,4.5,33,35,1,0.148532,0.282456,0.630137,0.882162,1,0.1,0.436051,2.97523,2,0.468373,1,2,0.65,0.65,1,0.000461493,0.855192,1,1,1,1,1,0.00857027,1,210,3.43599,1.16773,0.959577,1,10,0.00839239,0.261057,0,0.411819,0,0.486205,0,0,0,1,0.5,2.32498,0.671868,0.1,0.408685,0.1,0.25,0.25,10,0.348731,0.1,0.1,0.241479,0.0304,0.028339,0.000779559,0.0254685,1,0.075,4.5,114,487,295,171,1,12,1,0.806145,0.000179637
754,0,1,0.9,0.9,0,0.957985,0.0385517,0,1,1,1,1,1,1,1,0,0,0,0,0,0.211975,0.516321,0.75,0.1,2.23071,2.60912,2.74625,3,1,1,1,4.5,33,35,1,0.148532,0.282456,0.630137,0.882162,1,0.1,0.436051,2.97523,2,0.468373,1,2,0.65,0.65,1,0.00298049,0.24101,1,1,1,1,1,0.0469711,1,210,3.43599,1.16773,0.959577,1,10,0.348314,0.927027,0,0.104626,0,0.0081527,0,0,0,1,0.5,2.32498,0.671868,0.1,0.408685,0.1,0.25,0.25,10,0.348731,0.1,0.1,0.241479,0.0304,0.028339,0.000779559,0.0254685,1,0.075,4.5,114,487,295,171,1,12,0.8789,0.884677,5.19942e-14
755,0,1,0.9,1.70684,0,1.05508,0.0360508,0,1,1,1,1,1,1,1,0,0,0,0,0,0.608197,0.712923,0.75,0.1,2.23071,2.60912,2.74625,3,1,1,1,4.5,33,35,1,0.148532,0.282456,0.630137,0.882162,1,0.1,0.436051,2.97523,2,0.468373,1,2,0.65,0.65,1,0.0646025,3.92653,1,1,1,1,1,0.00895713,1,210,3.43599,1.16773,0.959577,1,10,0.0410351,4.34801,0,0.023409,0,0.000116652,0,0,0,1,0.5,2.32498,0.671868,0.1,0.408685,0.1,0.25,0.25,10,0.348731,0.1,0.1,0.241479,0.0304,0.028339,0.000779559,0.0254685,1,0.075,4.5,114,487,295,171,1,12,1,0.894711,4.77886e-15
756,0,1,0.9,1.00394,0,0.997126,0.0436007,0,1,1,1,1,1,1,0.156018,0,0,0,0,0,0.129228,0.279028,0.75,0.1,2.23071,2.60912,2.74625,3,1,1,1,4.5,33,35,1,0.148532,0.282456,0.630137,0.882162,1,0.1,0.436051,2.97523,2,0.468373,1,2,0.65,0.65,1,0.0116669,2.11776,1,1,1,1,1,0.0216803,1,210,3.43599,1.16773,0.959577,1,10,0.0189325,1.47335,0,0.0825312,0,0.0564771,0,0,0,1,0.5,2.32498,0.671868,0.1,0.408685,0.1,0.25,0.25,10,0.348731,0.1,0.1,0.241479,0.0304,0.028339,0.000779559,0.0254685,1,0.075,4.5,114,487,295,171,1,12,1,0.759869,0
757,0,1,0.9,0.9,0,0.908711,0.0378793,0,1,1,1,1,1,1,0.71175,0,0,0,0,0,0.194697,1,0.75,0.1,2.23071,2.60912,2.74625,3,1,1,1,4.5,33,35,1,0.148532,0.282456,0.630137,0.882162,1,0.1,0.436051,2.97523,2,0.468373,1,2,0.65,0.65,1,0.000165225,2.37463,1,1,1,1,1,0.158746,1,210,3.43599,1.16773,0.959577,1,10,0.00403871,1.45823,0,1.73414,0,0.0466207,0,0,0,1,0.5,2.32498,0.671868,0.1,0.408685,0.1,0.25,0.25,10,0.348731,0.1,0.1,0.241479,0.0304,0.028339,0.000779559,0.0254685,1,0.075,4.5,114,487,295,171,1,12,0.869947,0.771105,9.88619e-13
758,0,1,0.9,4.03579,0,1.14947,0.0382301,0,1,1,1,1,1,1,0.0711718,0,0,0,0,0,1,0.237606,0.75,0.1,2.23071,2.60912,2.74625,3,1,1,1,4.5,33,35,1,0.148532,0.282456,0.630137,0.882162,1,0.1,0.436051,2.97523,2,0.468373,1,2,0.65,0.65,1,0.0041181,0.548679,1,1,1,1,1,0.178809,1,210,3.43599,1.16773,0.959577,1,10,0.0608489,1.38987,0,269.708,0,0.173051,0,0,0,1,0.5,2.32498,0.671868,0.1,0.408685,0.1,0.25,0.25,10,0.348731,0.1,0.1,0.241479,0.0304,0.028339,0.000779559,0.0254685,1,0.075,4.5,114,487,295,171,1,12,0.816746,1,0.00119048
759,0,1,0.9,0.9,0,0.920638,0.0389916,0,1,1,1,1,1,1,0.882272,0,0,0,0,0,0.894217,0.507052,0.75,0.1,2.23071,2.60912,2.74625,3,1,1,1,4.5,33,35,1,0.148532,0.282456,0.630137,0.882162,1,0.1,0.436051,2.97523,2,0.468373,1,2,0.65,0.65,1,0.00926215,0.854968,1,1,1,1,1,0.860796,1,210,3.43599,1.16773,0.959577,1,10,0.0814157,14.2525,0,0.0303478,0,0.00237165,0,0,0,1,0.5,2.32498,0.671868,0.1,0.408685,0.1,0.25,0.25,10,0.348731,0.1,0.1,0.241479,0.0304,0.028339,0.000779559,0.0254685,1,0.075,4.5,114,487,295,171,1,12,0.913792,0.957565,6.48645e-13
760,0,1,0.9,0.9,0,1.13274,0.0363258,0,1,1,1,1,1,1,0.0959212,0,0,0,0,0,0.848534,0.273716,0.75,0.1,2.23071,2.60912,2.74625,3,1,1,1,4.5,33,35,1,0.148532,0.282456,0.630137,0.882162,1,0.1,0.436051,2.97523,2,0.468373,1,2,0.65,0.65,1,0.0168093,0.936129,1,1,1,1,1,0.00203517,1,210,3.43599,1.16773,0.959577,1,10,0.0915855,1.12241,0,7.22198,0,1.89527,0,0,0,1,0.5,2.32498,0.671868,0.1,0.408685,0.1,0.25,0.25,10,0.348731,0.1,0.1,0.241479,0.0304,0.028339,0.000779559,0.0254685,1,0.075,4.5,114,487,295,171,1,12,1,0.78072,0
761,0,1,0.9,0.980113,0,1.06227,0.0422292,0,1,1,1,1,1,1,0.325905,0,0,0,0,0,0.45559,1,0.75,0.1,2.23071,2.60912,2.74625,3,1,1,1,4.5,33,35,1,0.148532,0.282456,0.630137,0.882162,1,0.1,0.436051,2.97523,2,0.468373,1,2,0.65,0.65,1,0.0108662,0.639481,1,1,1,1,1,0.136467,1,210,3.43599,1.16773,0.959577,1,10,0.0861291,2.63589,0,0.914902,0,0.00515343,0,0,0,1,0.5,2.32498,0.671868,0.1,0.408685,0.1,0.25,0.25,10,0.348731,0.1,0.1,0.241479,0.0304,0.028339,0.000779559,0.0254685,1,0.075,4.5,114,487,295,171,1,12,0.906857,0.95442,0.0171524
762,0,1,0.9,6.25041,0,0.874705,0.0339753,0,1,1,1,1,1,1,1,0,0,0,0,0,0.153771,0.810522,0.75,0.1,2.23071,2.60912,2.74625,3,1,1,1,4.5,33,35,1,0.148532,0.282456,0.630137,0.882162,1,0.1,0.436051,2.97523,2,0.468373,1,2,0.65,0.65,1,0.0550311,0.250926,1,1,1,1,1,0.544554,1,210,3.43599,1.16773,0.959577,1,10,0.0174823,0.99013,0,0.666999,0,0.0726023,0,0,0,1,0.5,2.32498,0.671868,0.1,0.408685,0.1,0.25,0.25,10,0.348731,0.1,0.1,0.241479,0.0304,0.028339,0.000779559,0.0254685,1,0.075,4.5,114,487,295,171,1,12,1,0.928478,0
763,0,1,0.9,2.9099,0,1.0951,0.0399709,0,1,1,1,1,1,1,0.529759,0,0,0,0,0,0.0749799,0.073407,0.75,0.1,2.23071,2.60912,2.74625,3,1,1,1,4.5,33,35,1,0.148532,0.282456,0.630137,0.882162,1,0.1,0.436051,2.97523,2,0.468373,1,2,0.65,0.65,1,0.012373,1.32237,1,1,1,1,1,0.0194394,1,210,3.43599,1.16773,0.959577,1,10,0.0585468,6.82043,0,0.0322386,0,0.0184746,0,0,0,1,0.5,2.32498,0.671868,0.1,0.408685,0.1,0.25,0.25,10,0.348731,0.1,0.1,0.241479,0.0304,0.028339,0.000779559,0.0254685,1,0.075,4.5,114,487,295,171,1,12,0.947004,0.826517,0
764,0,1,0.9,0.9,0,1.11911,0.0425135,0,1,1,1,1,1,1,0.519089,0,0,0,0,0,0.186894,1,0.75,0.1,2.23071,2.60912,2.74625,3,1,1,1,4.5,33,35,1,0.148532,0.282456,0.630137,0.882162,1,0.1,0.436051,2.97523,2,0.468373,1,2,0.65,0.65,1,0.0295695,1.13319,1,1,1,1,1,0.338821,1,210,3.43599,1.16773,0.959577,1,10,0.0415312,1.01387,0,0.575932,0,0.0130944,0,0,0,1,0.5,2.32498,0.671868,0.1,0.408685,0.1,0.25,0.25,10,0.348731,0.1,0.1,0.241479,0.0304,0.028339,0.000779559,0.0254685,1,0.075,4.5,114,487,295,171,1,12,1,0.831645,0.000179637
765,0,1,0.9,1.48647,0,1.05182,0.0405023,0,1,1,1,1,1,1,1,0,0,0,0,0,0.0704105,1,0.75,0.1,2.23071,2.60912,2.74625,3,1,1,1,4.5,33,35,1,0.148532,0.282456,0.630137,0.882162,1,0.1,0.436051,2.97523,2,0.468373,1,2,0.65,0.65,1,1.31132,1.31132,1,1,1,1,1,0.0120203,1,210,3.43599,1.16773,0.959577,1,10,0.072313,0.471144,0,0.0132274,0,1.84863,0,0,0,1,0.5,2.32498,0.671868,0.1,0.408685,0.1,0.25,0.25,10,0.348731,0.1,0.1,0.241479,0.0304,0.028339,0.000779559,0.0254685,1,0.075,4.5,114,487,295,171,1,12,0.973854,0.959569,0
766,0,1,0.9,2.31275,0,0.978077,0.0435912,0,1,1,1,1,1,1,0.18143,0,0,0,0,0,0.660383,0.846542,0.75,0.1,2.23071,2.60912,2.74625,3,1,1,1,4.5,33,35,1,0.148532,0.282456,0.630137,0.882162,1,0.1,0.436051,2.97523,2,0.468373,1,2,0.65,0.65,1,0.0952216,3.00395,1,1,1,1,1,0.279583,1,210,3.43599,1.16773,0.959577,1,10,0.0555057,5.33578,0,3.48041,0,0.304427,0,0,0,1,0.5,2.32498,0.671868,0.1,0.408685,0.1,0.25,0.25,10,0.348731,0.1,0.1,0.241479,0.0304,0.028339,0.000779559,0.0254685,1,0.075,4.5,114,487,295,171,1,12,1,0.807089,0
767,0,1,0.9,0.9,0,1.04737,0.0415213,0,1,1,1,1,1,1,0.367579,0,0,0,0,0,0.125629,0.0992781,0.75,0.1,2.23071,2.60912,2.74625,3,1,1,1,4.5,33,35,1,0.148532,0.282456,0.630137,0.882162,1,0.1,0.436051,2.97523,2,0.468373,1,2,0.65,0.65,1,0.00371241,1.11554,1,1,1,1,1,0.0133089,1,210,3.43599,1.16773,0.959577,1,10,0.0955619,0.999172,0,2.01965,0,0.337619,0,0,0,1,0.5,2.32498,0.671868,0.1,0.408685,0.1,0.25,0.25,10,0.348731,0.1,0.1,0.241479,0.0304,0.028339,0.000779559,0.0254685,1,0.075,4.5,114,487,295,171,1,12,1,0.98828,0
768,0,1,0.9,0.9,0,1.17383,0.0438404,0,1,1,1,1,1,1,1,0,0,0,0,0,1,1,0.75,0.1,2.23071,2.60912,2.74625,3,1,1,1,4.5,33,35,1,0.148532,0.282456,0.630137,0.882162,1,0.1,0.436051,2.97523,2,0.468373,1,2,0.65,0.65,1,0.00513289,0.620524,1,1,1,1,1,0.00594074,1,210,3.43599,1.16773,0.959577,1,10,0.0662851,1.43932,0,1.15606,0,0.102763,0,0,0,1,0.5,2.32498,0.671868,0.1,0.408685,0.1,0.25,0.25,10,0.348731,0.1,0.1,0.241479,0.0304,0.028339,0.000779559,0.0254685,1,0.075,4.5,114,487,295,171,1,12,0.81301,1,4.01339e-13
769,0,1,0.9,0.9,0,1.07722,0.0393747,0,1,1,1,1,1,1,0.49417,0,0,0,0,0,0.114716,0.152292,0.75,0.1,2.23071,2.60912,2.74625,3,1,1,1,4.5,33,35,1,0.148532,0.282456,0.630137,0.882162,1,0.1,0.436051,2.97523,2,0.468373,1,2,0.65,0.65,1,0.00381223,0.786682,1,1,1,1,1,0.122799,1,210,3.43599,1.16773,0.959577,1,10,0.0558243,0.645699,0,0.209725,0,0.140218,0,0,0,1,0.5,2.32498,0.671868,0.1,0.408685,0.1,0.25,0.25,10,0.348731,0.1,0.1,0.241479,0.0304,0.028339,0.000779559,0.0254685,1,0.075,4.5,114,487,295,171,1,12,1,0.869436,6.93088e-09
770,0,1,0.9,0.9,0,1.0293,0.0443118,0,1,1,1,1,1,1,0.106598,0,0,0,0,0,0.457172,0.108625,0.75,0.1,2.23071,2.60912,2.74625,3,1,1,1,4.5,33,35,1,0.148532,0.282456,0.630137,0.882162,1,0.1,0.436051,2.97523,2,0.468373,1,2,0.65,0.65,1,0.0127112,18.8559,1,1,1,1,1,2.06497,2.06497,210,3.43599,1.16773,0.959577,1,10,0.0277331,0.994799,0,1.06798,0,0.0182408,0,0,0,1,0.5,2.32498,0.671868,0.1,0.408685,0.1,0.25,0.25,10,0.348731,0.1,0.1,0.241479,0.0304,0.028339,0.000779559,0.0254685,1,0.075,4.5,114,487,295,171,1,12,1,0.970457,0
771,0,1,0.9,0.9,0,0.907635,0.0408684,0,1,1,1,1,1,1,0.381499,0,0,0,0,0,0.224974,0.418323,0.75,0.1,2.23071,2.60912,2.74625,3,1,1,1,4.5,33,35,1,0.148532,0.282456,0.630137,0.882162,1,0.1,0.436051,2.97523,2,0.468373,1,2,0.65,0.65,1,0.0654277,1.3641,1,1,1,1,1,0.0838844,1,210,3.43599,1.16773,0.959577,1,10,0.0633883,0.434471,0,0.749089,0,0.0807142,0,0,0,1,0.5,2.32498,0.671868,0.1,0.408685,0.1,0.25,0.25,10,0.348731,0.1,0.1,0.241479,0.0304,0.028339,0.000779559,0.0254685,1,0.075,4.5,114,487,295,171,1,12,0.914274,0.908729,2.69243e-13
772,0,1,0.9,0.9,0,0.930882,0.038946,0,1,1,1,1,1,1,1,0,0,0,0,0,0.973672,0.237859,0.75,0.1,2.23071,2.60912,2.74625,3,1,1,1,4.5,33,35,1,0.148532,0.282456,0.630137,0.882162,1,0.1,0.436051,2.97523,2,0.468373,1,2,0.65,0.65,1,0.158216,0.416751,1,1,1,1,1,2.47186,2.47186,210,3.43599,1.16773,0.959577,1,10,0.00376699,0.864776,0,0.855422,0,6.84412,0,0,0,1,0.5,2.32498,0.671868,0.1,0.408685,0.1,0.25,0.25,10,0.348731,0.1,0.1,0.241479,0.0304,0.028339,0.000779559,0.0254685,1,0.075,4.5,114,487,295,171,1,12,1,0.848585,0
773,0,1,0.9,1.85566,0,0.917173,0.0417833,0,1,1,1,1,1,1,0.297072,0,0,0,0,0,1,1,0.75,0.1,2.23071,2.60912,2.74625,3,1,1,1,4.5,33,35,1,0.148532,0.282456,0.630137,0.882162,1,0.1,0.436051,2.97523,2,0.468373,1,2,0.65,0.65,1,0.00201455,2.87263,1,1,1,1,1,4.13952,4.13952,210,3.43599,1.16773,0.959577,1,10,0.0167988,0.926475,0,0.00309612,0,1.60723,0,0,0,1,0.5,2.32498,0.671868,0.1,0.408685,0.1,0.25,0.25,10,0.348731,0.1,0.1,0.241479,0.0304,0.028339,0.000779559,0.0254685,1,0.075,4.5,114,487,295,171,1,12,1,1,0
774,0,1,0.9,0.9,0,0.989221,0.0427995,0,1,1,1,1,1,1,1,0,0,0,0,0,0.219183,1,0.75,0.1,2.23071,2.60912,2.74625,3,1,1,1,4.5,33,35,1,0.148532,0.282456,0.630137,0.882162,1,0.1,0.436051,2.97523,2,0.468373,1,2,0.65,0.65,1,0.00330874,1.55753,1,1,1,1,1,0.0442358,1,210,3.43599,1.16773,0.959577,1,10,0.0554834,2.69505,0,0.573854,0,0.120209,0,0,0,1,0.5,2.32498,0.671868,0.1,0.408685,0.1,0.25,0.25,10,0.348731,0.1,0.1,0.241479,0.0304,0.028339,0.000779559,0.0254685,1,0.075,4.5,114,487,295,171,1,12,0.961751,0.903631,6.81548e-13
775,0,1,0.9,4.15557,0,1.02169,0.0391577,0,1,1,1,1,1,1,1,0,0,0,0,0,0.416961,0.443684,0.75,0.1,2.23071,2.60912,2.74625,3,1,1,1,4.5,33,35,1,0.148532,0.282456,0.630137,0.882162,1,0.1,0.436051,2.97523,2,0.468373,1,2,0.65,0.65,1,0.00216126,5.5573,1,1,1,1,1,0.105912,1,210,3.43599,1.16773,0.959577,1,10,0.0864152,1.33366,0,9.4971,0,0.878549,0,0,0,1,0.5,2.32498,0.671868,0.1,0.408685,0.1,0.25,0.25,10,0.348731,0.1,0.1,0.241479,0.0304,0.028339,0.000779559,0.0254685,1,0.075,4.5,114,487,295,171,1,12,1,0.989483,0.00119048
776,0,1,0.9,0.9,0,1.05088,0.0412477,0,1,1,1,1,1,1,0.113639,0,0,0,0,0,1,1,0.75,0.1,2.23071,2.60912,2.74625,3,1,1,1,4.5,33,35,1,0.148532,0.282456,0.630137,0.882162,1,0.1,0.436051,2.97523,2,0.468373,1,2,0.65,0.65,1,0.212505,1.34495,1,1,1,1,1,4.62417,4.62417,210,3.43599,1.16773,0.959577,1,10,0.01461,2.12363,0,0.134,0,0.0779532,0,0,0,1,0.5,2.32498,0.671868,0.1,0.408685,0.1,0.25,0.25,10,0.348731,0.1,0.1,0.241479,0.0304,0.028339,0.000779559,0.0254685,1,0.075,4.5,114,487,295,171,1,12,0.98533,0.887024,0
777,0,1,0.9,1.02661,0,1.08323,0.0350753,0,1,1,1,1,1,1,1,0,0,0,0,0,0.336946,1,0.75,0.1,2.23071,2.60912,2.74625,3,1,1,1,4.5,33,35,1,0.148532,0.282456,0.630137,0.882162,1,0.1,0.436051,2.97523,2,0.468373,1,2,0.65,0.65,1,0.164682,0.691273,1,1,1,1,1,0.0183334,1,210,3.43599,1.16773,0.959577,1,10,0.0441399,3.86342,0,0.028398,0,0.265149,0,0,0,1,0.5,2.32498,0.671868,0.1,0.408685,0.1,0.25,0.25,10,0.348731,0.1,0.1,0.241479,0.0304,0.028339,0.000779559,0.0254685,1,0.075,4.5,114,487,295,171,1,12,1,0.889841,0
778,0,1,0.9,0.9,0,1.02625,0.0433022,0,1,1,1,1,1,1,0.37176,0,0,0,0,0,1,0.559801,0.75,0.1,2.23071,2.60912,2.74625,3,1,1,1,4.5,33,35,1,0.148532,0.282456,0.630137,0.882162,1,0.1,0.436051,2.97523,2,0.468373,1,2,0.65,0.65,1,0.0164992,1.00874,1,1,1,1,1,0.15396,1,210,3.43599,1.16773,0.959577,1,10,0.0167034,0.412641,0,1.08464,0,0.190224,0,0,0,1,0.5,2.32498,0.671868,0.1,0.408685,0.1,0.25,0.25,10,0.348731,0.1,0.1,0.241479,0.0304,0.028339,0.000779559,0.0254685,1,0.075,4.5,114,487,295,171,1,12,0.802163,0.86068,0.00916667
779,0,1,0.9,0.967448,0,1.13862,0.0363659,0,1,1,1,1,1,1,0.591125,0,0,0,0,0,0.690014,0.255504,0.75,0.1,2.23071,2.60912,2.74625,3,1,1,1,4.5,33,35,1,0.148532,0.282456,0.630137,0.882162,1,0.1,0.436051,2.97523,2,0.468373,1,2,0.65,0.65,1,0.00581276,2.85818,1,1,1,1,1,0.0715508,1,210,3.43599,1.16773,0.959577,1,10,0.0669034,1.43842,0,0.0549713,0,0.131541,0,0,0,1,0.5,2.32498,0.671868,0.1,0.408685,0.1,0.25,0.25,10,0.348731,0.1,0.1,0.241479,0.0304,0.028339,0.000779559,0.0254685,1,0.075,4.5,114,487,295,171,1,12,1,0.857522,0
780,0,1,0.9,0.9,0,1.03139,0.0410389,0,1,1,1,1,1,1,0.277737,0,0,0,0,0,0.105651,0.553902,0.75,0.1,2.23071,2.60912,2.74625,3,1,1,1,4.5,33,35,1,0.148532,0.282456,0.630137,0.882162,1,0.1,0.436051,2.97523,2,0.468373,1,2,0.65,0.65,1,0.00140831,0.397807,1,1,1,1,1,0.0654781,1,210,3.43599,1.16773,0.959577,1,10,0.031593,4.66875,0,1.05784,0,0.869232,0,0,0,1,0.5,2.32498,0.671868,0.1,0.408685,0.1,0.25,0.25,10,0.348731,0.1,0.1,0.241479,0.0304,0.028339,0.000779559,0.0254685,1,0.075,4.5,114,487,295,171,1,12,1,0.800293,0
781,0,1,0.9,0.9,0,0.815272,0.0466093,0,1,1,1,1,1,1,0.265981,0,0,0,0,0,0.366176,0.0903654,0.75,0.1,2.23071,2.60912,2.74625,3,1,1,1,4.5,33,35,1,0.148532,0.282456,0.630137,0.882162,1,0.1,0.436051,2.97523,2,0.468373,1,2,0.65,0.65,1,0.000145111,1.23429,1,1,1,1,1,0.00289071,1,210,3.43599,1.16773,0.959577,1,10,0.0180572,0.369044,0,0.0195201,0,0.0761047,0,0,0,1,0.5,2.32498,0.671868,0.1,0.408685,0.1,0.25,0.25,10,0.348731,0.1,0.1,0.241479,0.0304,0.028339,0.000779559,0.0254685,1,0.075,4.5,114,487,295,171,1,12,0.908046,0.733227,0.000179637
782,0,1,0.9,0.9,0,0.851083,0.0492954,0,1,1,1,1,1,1,0.929003,0,0,0,0,0,0.214108,1,0.75,0.1,2.23071,2.60912,2.74625,3,1,1,1,4.5,33,35,1,0.148532,0.282456,0.630137,0.882162,1,0.1,0.436051,2.97523,2,0.468373,1,2,0.65,0.65,1,0.0202053,2.59621,1,1,1,1,1,0.0592505,1,210,3.43599,1.16773,0.959577,1,10,0.0138563,2.48521,0,0.167321,0,0.192891,0,0,0,1,0.5,2.32498,0.671868,0.1,0.408685,0.1,0.25,0.25,10,0.348731,0.1,0.1,0.241479,0.0304,0.028339,0.000779559,0.0254685,1,0.075,4.5,114,487,295,171,1,12,0.999721,0.858924,0.00400607
783,0,1,0.9,3.19921,0,1.08173,0.041719,0,1,1,1,1,1,1,0.428125,0,0,0,0,0,1,1,0.75,0.1,2.23071,2.60912,2.74625,3,1,1,1,4.5,33,35,1,0.148532,0.282456,0.630137,0.882162,1,0.1,0.436051,2.97523,2,0.468373,1,2,0.65,0.65,1,0.0549763,0.460227,1,1,1,1,1,0.0664955,1,210,3.43599,1.16773,0.959577,1,10,0.370896,11.5917,0,0.226952,0,0.325,0,0,0,1,0.5,2.32498,0.671868,0.1,0.408685,0.1,0.25,0.25,10,0.348731,0.1,0.1,0.241479,0.0304,0.028339,0.000779559,0.0254685,1,0.075,4.5,114,487,295,171,1,12,1,0.884317,0
784,0,1,0.9,0.9,0,1.10789,0.0434606,0,1,1,1,1,1,1,0.0830464,0,0,0,0,0,0.347283,0.442169,0.75,0.1,2.23071,2.60912,2.74625,3,1,1,1,4.5,33,35,1,0.148532,0.282456,0.630137,0.882162,1,0.1,0.436051,2.97523,2,0.468373,1,2,0.65,0.65,1,0.0651958,0.641779,1,1,1,1,1,0.0254725,1,210,3.43599,1.16773,0.959577,1,10,0.0906847,4.09903,0,0.0258281,0,0.724917,0,0,0,1,0.5,2.32498,0.671868,0.1,0.408685,0.1,0.25,0.25,10,0.348731,0.1,0.1,0.241479,0.0304,0.028339,0.000779559,0.0254685,1,0.075,4.5,114,487,295,171,1,12,0.982003,0.823857,0
785,0,1,0.9,0.9,0,0.980732,0.039992,0,1,1,1,1,1,1,0.54031,0,0,0,0,0,1,0.531388,0.75,0.1,2.23071,2.60912,2.74625,3,1,1,1,4.5,33,35,1,0.148532,0.282456,0.630137,0.882162,1,0.1,0.436051,2.97523,2,0.468373,1,2,0.65,0.65,1,0.0119896,0.340142,1,1,1,1,1,0.48597,1,210,3.43599,1.16773,0.959577,1,10,0.207639,1.3581,0,0.545943,0,0.0312604,0,0,0,1,0.5,2.32498,0.671868,0.1,0.408685,0.1,0.25,0.25,10,0.348731,0.1,0.1,0.241479,0.0304,0.028339,0.000779559,0.0254685,1,0.075,4.5,114,487,295,171,1,12,0.99646,0.946011,0.000179637
786,0,1,0.9,1.47661,0,1.1882,0.0342751,0,1,1,1,1,1,1,0.342089,0,0,0,0,0,0.245758,0.252705,0.75,0.1,2.23071,2.60912,2.74625,3,1,1,1,4.5,33,35,1,0.148532,0.282456,0.630137,0.882162,1,0.1,0.436051,2.97523,2,0.468373,1,2,0.65,0.65,1,0.0197116,1.00958,1,1,1,1,1,0.000826569,1,210,3.43599,1.16773,0.959577,1,10,0.129878,0.879765,0,0.34505,0,1.10483,0,0,0,1,0.5,2.32498,0.671868,0.1,0.408685,0.1,0.25,0.25,10,0.348731,0.1,0.1,0.241479,0.0304,0.028339,0.000779559,0.0254685,1,0.075,4.5,114,487,295,171,1,12,1,0.973905,0
787,0,1,0.9,1.57739,0,0.868575,0.042872,0,1,1,1,1,1,1,1,0,0,0,0,0,0.692563,0.104558,0.75,0.1,2.23071,2.60912,2.74625,3,1,1,1,4.5,33,35,1,0.148532,0.282456,0.630137,0.882162,1,0.1,0.436051,2.97523,2,0.468373,1,2,0.65,0.65,1,0.111965,4.69693,1,1,1,1,1,0.0182547,1,210,3.43599,1.16773,0.959577,1,10,0.0159826,1.84843,0,6.91487,0,0.0299457,0,0,0,1,0.5,2.32498,0.671868,0.1,0.408685,0.1,0.25,0.25,10,0.348731,0.1,0.1,0.241479,0.0304,0.028339,0.000779559,0.0254685,1,0.075,4.5,114,487,295,171,1,12,0.935931,0.768799,7.84038e-14
788,0,1,0.9,0.9,0,0.948608,0.0438931,0,1,1,1,1,1,1,1,0,0,0,0,0,0.470045,1,0.75,0.1,2.23071,2.60912,2.74625,3,1,1,1,4.5,33,35,1,0.148532,0.282456,0.630137,0.882162,1,0.1,0.436051,2.97523,2,0.468373,1,2,0.65,0.65,1,0.00332313,0.39599,1,1,1,1,1,0.201976,1,210,3.43599,1.16773,0.959577,1,10,0.249868,2.00711,0,0.0519993,0,9.71062,0,0,0,1,0.5,2.32498,0.671868,0.1,0.408685,0.1,0.25,0.25,10,0.348731,0.1,0.1,0.241479,0.0304,0.028339,0.000779559,0.0254685,1,0.075,4.5,114,487,295,171,1,12,1,0.853276,0
789,0,1,0.9,1.86896,0,0.968483,0.0371029,0,1,1,1,1,1,1,0.903347,0,0,0,0,0,0.0752405,1,0.75,0.1,2.23071,2.60912,2.74625,3,1,1,1,4.5,33,35,1,0.148532,0.282456,0.630137,0.882162,1,0.1,0.436051,2.97523,2,0.468373,1,2,0.65,0.65,1,0.0736096,20.0702,1,1,1,1,1,1.07792,1.07792,210,3.43599,1.16773,0.959577,1,10,0.0426277,0.685523,0,0.00562358,0,0.0146962,0,0,0,1,0.5,2.32498,0.671868,0.1,0.408685,0.1,0.25,0.25,10,0.348731,0.1,0.1,0.241479,0.0304,0.028339,0.000779559,0.0254685,1,0.075,4.5,114,487,295,171,1,12,1,1,0
790,0,1,0.9,1.40661,0,0.940395,0.0385988,0,1,1,1,1,1,1,0.810229,0,0,0,0,0,0.688679,0.814557,0.75,0.1,2.23071,2.60912,2.74625,3,1,1,1,4.5,33,35,1,0.148532,0.282456,0.630137,0.882162,1,0.1,0.436051,2.97523,2,0.468373,1,2,0.65,0.65,1,0.0292164,0.59823,1,1,1,1,1,0.0759549,1,210,3.43599,1.16773,0.959577,1,10,0.145167,8.25176,0,0.305554,0,0.0130155,0,0,0,1,0.5,2.32498,0.671868,0.1,0.408685,0.1,0.25,0.25,10,0.348731,0.1,0.1,0.241479,0.0304,0.028339,0.000779559,0.0254685,1,0.075,4.5,114,487,295,171,1,12,1,0.833474,0
791,0,1,0.9,2.31606,0,0.955135,0.0374841,0,1,1,1,1,1,1,0.50444,0,0,0,0,0,0.110097,0.136895,0.75,0.1,2.23071,2.60912,2.74625,3,1,1,1,4.5,33,35,1,0.148532,0.282456,0.630137,0.882162,1,0.1,0.436051,2.97523,2,0.468373,1,2,0.65,0.65,1,0.00253895,1.17853,1,1,1,1,1,0.213488,1,210,3.43599,1.16773,0.959577,1,10,0.0048032,3.38445,0,0.308738,0,0.567924,0,0,0,1,0.5,2.32498,0.671868,0.1,0.408685,0.1,0.25,0.25,10,0.348731,0.1,0.1,0.241479,0.0304,0.028339,0.000779559,0.0254685,1,0.075,4.5,114,487,295,171,1,12,1,0.861517,0
792,0,1,0.9,2.09911,0,0.925268,0.041327,0,1,1,1,1,1,1,1,0,0,0,0,0,1,0.788407,0.75,0.1,2.23071,2.60912,2.74625,3,1,1,1,4.5,33,35,1,0.148532,0.282456,0.630137,0.882162,1,0.1,0.436051,2.97523,2,0.468373,1,2,0.65,0.65,1,0.00140023,0.199521,1,1,1,1,1,0.0778936,1,210,3.43599,1.16773,0.959577,1,10,0.0184726,1.29896,0,0.987235,0,0.554227,0,0,0,1,0.5,2.32498,0.671868,0.1,0.408685,0.1,0.25,0.25,10,0.348731,0.1,0.1,0.241479,0.0304,0.028339,0.000779559,0.0254685,1,0.075,4.5,114,487,295,171,1,12,1,0.906873,0
793,0,1,0.9,1.78493,0,1.0845,0.0368604,0,1,1,1,1,1,1,0.341965,0,0,0,0,0,0.584753,0.630718,0.75,0.1,2.23071,2.60912,2.74625,3,1,1,1,4.5,33,35,1,0.148532,0.282456,0.630137,0.882162,1,0.1,0.436051,2.97523,2,0.468373,1,2,0.65,0.65,1,0.000481554,0.357804,1,1,1,1,1,0.0757737,1,210,3.43599,1.16773,0.959577,1,10,0.0344022,1.50076,0,0.662633,0,0.00884292,0,0,0,1,0.5,2.32498,0.671868,0.1,0.408685,0.1,0.25,0.25,10,0.348731,0.1,0.1,0.241479,0.0304,0.028339,0.000779559,0.0254685,1,0.075,4.5,114,487,295,171,1,12,0.953989,0.787792,0.0044812
794,0,1,0.9,5.03853,0,0.996699,0.0471515,0,1,1,1,1,1,1,0.634258,0,0,0,0,0,1,0.0878967,0.75,0.1,2.23071,2.60912,2.74625,3,1,1,1,4.5,33,35,1,0.148532,0.282456,0.630137,0.882162,1,0.1,0.436051,2.97523,2,0.468373,1,2,0.65,0.65,1,0.0131229,0.335434,1,1,1,1,1,0.14917,1,210,3.43599,1.16773,0.959577,1,10,0.0360687,0.223433,0,1.78761,0,4.64861,0,0,0,1,0.5,2.32498,0.671868,0.1,0.408685,0.1,0.25,0.25,10,0.348731,0.1,0.1,0.241479,0.0304,0.028339,0.000779559,0.0254685,1,0.075,4.5,114,487,295,171,1,12,0.985559,0.819773,0.000179637
795,0,1,0.9,0.901437,0,0.81361,0.0463999,0,1,1,1,1,1,1,0.0346201,0,0,0,0,0,0.106681,1,0.75,0.1,2.23071,2.60912,2.74625,3,1,1,1,4.5,33,35,1,0.148532,0.282456,0.630137,0.882162,1,0.1,0.436051,2.97523,2,0.468373,1,2,0.65,0.65,1,0.00747912,0.609328,1,1,1,1,1,0.00373619,1,210,3.43599,1.16773,0.959577,1,10,0.187913,8.08641,0,0.758403,0,0.119163,0,0,0,1,0.5,2.32498,0.671868,0.1,0.408685,0.1,0.25,0.25,10,0.348731,0.1,0.1,0.241479,0.0304,0.028339,0.000779559,0.0254685,1,0.075,4.5,114,487,295,171,1,12,0.945551,0.898959,4.0572e-09
796,0,1,0.9,1.2777,0,1.05727,0.0415653,0,1,1,1,1,1,1,0.721825,0,0,0,0,0,0.420139,1,0.75,0.1,2.23071,2.60912,2.74625,3,1,1,1,4.5,33,35,1,0.148532,0.282456,0.630137,0.882162,1,0.1,0.436051,2.97523,2,0.468373,1,2,0.65,0.65,1,0.00223097,0.116559,1,1,1,1,1,0.0228951,1,210,3.43599,1.16773,0.959577,1,10,0.0516547,0.543466,0,0.377167,0,2.64046,0,0,0,1,0.5,2.32498,0.671868,0.1,0.408685,0.1,0.25,0.25,10,0.348731,0.1,0.1,0.241479,0.0304,0.028339,0.000779559,0.0254685,1,0.075,4.5,114,487,295,171,1,12,1,0.855776,6.93088e-09
797,0,1,0.9,0.9,0,1.03906,0.039222,0,1,1,1,1,1,1,0.356432,0,0,0,0,0,0.13247,1,0.75,0.1,2.23071,2.60912,2.74625,3,1,1,1,4.5,33,35,1,0.148532,0.282456,0.630137,0.882162,1,0.1,0.436051,2.97523,2,0.468373,1,2,0.65,0.65,1,0.108816,3.50567,1,1,1,1,1,0.0461864,1,210,3.43599,1.16773,0.959577,1,10,0.0276349,7.9096,0,0.836564,0,0.0940511,0,0,0,1,0.5,2.32498,0.671868,0.1,0.408685,0.1,0.25,0.25,10,0.348731,0.1,0.1,0.241479,0.0304,0.028339,0.000779559,0.0254685,1,0.075,4.5,114,487,295,171,1,12,1,0.923936,0.00119048
798,0,1,0.9,1.36063,0,1.17188,0.0433319,0,1,1,1,1,1,1,0.152743,0,0,0,0,0,1,0.70651,0.75,0.1,2.23071,2.60912,2.74625,3,1,1,1,4.5,33,35,1,0.148532,0.282456,0.630137,0.882162,1,0.1,0.436051,2.97523,2,0.468373,1,2,0.65,0.65,1,0.0124834,3.81736,1,1,1,1,1,0.00858538,1,210,3.43599,1.16773,0.959577,1,10,0.0415183,0.293081,0,7.5982,0,0.884263,0,0,0,1,0.5,2.32498,0.671868,0.1,0.408685,0.1,0.25,0.25,10,0.348731,0.1,0.1,0.241479,0.0304,0.028339,0.000779559,0.0254685,1,0.075,4.5,114,487,295,171,1,12,0.977503,0.860302,0.000179637
799,0,1,0.9,0.9,0,1.02415,0.0366824,0,1,1,1,1,1,1,0.256869,0,0,0,0,0,0.385197,0.524589,0.75,0.1,2.23071,2.60912,2.74625,3,1,1,1,4.5,33,35,1,0.148532,0.282456,0.630137,0.882162,1,0.1,0.436051,2.97523,2,0.468373,1,2,0.65,0.65,1,0.0346311,1.23275,1,1,1,1,1,0.306539,1,210,3.43599,1.16773,0.959577,1,10,0.0894579,2.82711,0,0.0494303,0,0.0300123,0,0,0,1,0.5,2.32498,0.671868,0.1,0.408685,0.1,0.25,0.25,10,0.348731,0.1,0.1,0.241479,0.0304,0.028339,0.000779559,0.0254685,1,0.075,4.5,114,487,295,171,1,12,0.939485,0.891779,0
800,0,1,0.9,0.9,0,0.942564,0.037576,0,1,1,1,1,1,1,0.702689,0,0,0,0,0,0.265551,0.162048,0.75,0.1,2.23071,2.60912,2.74625,3,1,1,1,4.5,33,35,1,0.148532,0.282456,0.630137,0.882162,1,0.1,0.436051,2.97523,2,0.468373,1,2,0.65,0.65,1,0.0040628,1.87347,1,1,1,1,1,0.0610623,1,210,3.43599,1.16773,0.959577,1,10,0.0456518,1.44066,0,0.0373052,0,0.010253,0,0,0,1,0.5,2.32498,0.671868,0.1,0.408685,0.1,0.25,0.25,10,0.348731,0.1,0.1,0.241479,0.0304,0.028339,0.000779559,0.0254685,1,0.075,4.5,114,487,295,171,1,12,1,0.740925,0.000179637
801,0,1,0.9,0.9,0,1.14111,0.0483928,0,1,1,1,1,1,1,0.0450753,0,0,0,0,0,0.582337,1,0.75,0.1,2.23071,2.60912,2.74625,3,1,1,1,4.5,33,35,1,0.148532,0.282456,0.630137,0.882162,1,0.1,0.436051,2.97523,2,0.468373,1,2,0.65,0.65,1,0.133823,0.147609,1,1,1,1,1,0.00529059,1,210,3.43599,1.16773,0.959577,1,10,0.0878131,2.96985,0,0.0946364,0,0.301215,0,0,0,1,0.5,2.32498,0.671868,0.1,0.408685,0.1,0.25,0.25,10,0.348731,0.1,0.1,0.241479,0.0304,0.028339,0.000779559,0.0254685,1,0.075,4.5,114,487,295,171,1,12,1,0.987279,4.0572e-09
802,0,1,0.9,1.72807,0,0.925386,0.0397434,0,1,1,1,1,1,1,0.0597769,0,0,0,0,0,0.312411,0.145198,0.75,0.1,2.23071,2.60912,2.74625,3,1,1,1,4.5,33,35,1,0.148532,0.282456,0.630137,0.882162,1,0.1,0.436051,2.97523,2,0.468373,1,2,0.65,0.65,1,1.4597,1.4597,1,1,1,1,1,0.00498216,1,210,3.43599,1.16773,0.959577,1,10,0.0388405,1.29334,0,4.1124,0,0.0732713,0,0,0,1,0.5,2.32498,0.671868,0.1,0.408685,0.1,0.25,0.25,10,0.348731,0.1,0.1,0.241479,0.0304,0.028339,0.000779559,0.0254685,1,0.075,4.5,114,487,295,171,1,12,0.981639,0.739272,2.08e-13
803,0,1,0.9,1.45782,0,0.953459,0.0383066,0,1,1,1,1,1,1,1,0,0,0,0,0,1,0.464683,0.75,0.1,2.23071,2.60912,2.74625,3,1,1,1,4.5,33,35,1,0.148532,0.282456,0.630137,0.882162,1,0.1,0.436051,2.97523,2,0.468373,1,2,0.65,0.65,1,0.00308924,1.3676,1,1,1,1,1,0.00316213,1,210,3.43599,1.16773,0.959577,1,10,0.0124611,0.685856,0,2.17568,0,0.22751,0,0,0,1,0.5,2.32498,0.671868,0.1,0.408685,0.1,0.25,0.25,10,0.348731,0.1,0.1,0.241479,0.0304,0.028339,0.000779559,0.0254685,1,0.075,4.5,114,487,295,171,1,12,1,0.925326,0.000179637
804,0,1,0.9,0.9,0,0.948214,0.0403592,0,1,1,1,1,1,1,0.296511,0,0,0,0,0,0.274892,0.178386,0.75,0.1,2.23071,2.60912,2.74625,3,1,1,1,4.5,33,35,1,0.148532,0.282456,0.630137,0.882162,1,0.1,0.436051,2.97523,2,0.468373,1,2,0.65,0.65,1,0.00758867,1.50096,1,1,1,1,1,0.0076483,1,210,3.43599,1.16773,0.959577,1,10,0.304478,2.64497,0,0.0364672,0,0.0016727,0,0,0,1,0.5,2.32498,0.671868,0.1,0.408685,0.1,0.25,0.25,10,0.348731,0.1,0.1,0.241479,0.0304,0.028339,0.000779559,0.0254685,1,0.075,4.5,114,487,295,171,1,12,0.962022,0.834322,4.77886e-15
805,0,1,0.9,0.9,0,0.933042,0.0454646,0,1,1,1,1,1,1,0.297577,0,0,0,0,0,0.463491,0.148663,0.75,0.1,2.23071,2.60912,2.74625,3,1,1,1,4.5,33,35,1,0.148532,0.282456,0.630137,0.882162,1,0.1,0.436051,2.97523,2,0.468373,1,2,0.65,0.65,1,0.0460417,3.71632,1,1,1,1,1,0.0183643,1,210,3.43599,1.16773,0.959577,1,10,0.316665,5.0407,0,0.0735377,0,0.00177678,0,0,0,1,0.5,2.32498,0.671868,0.1,0.408685,0.1,0.25,0.25,10,0.348731,0.1,0.1,0.241479,0.0304,0.028339,0.000779559,0.0254685,1,0.075,4.5,114,487,295,171,1,12,1,0.880903,1.86955e-14
806,0,1,0.9,3.4986,0,1.03675,0.0405851,0,1,1,1,1,1,1,0.0755009,0,0,0,0,0,0.694774,0.727484,0.75,0.1,2.23071,2.60912,2.74625,3,1,1,1,4.5,33,35,1,0.148532,0.282456,0.630137,0.882162,1,0.1,0.436051,2.97523,2,0.468373,1,2,0.65,0.65,1,0.0333697,2.49293,1,1,1,1,1,0.0357051,1,210,3.43599,1.16773,0.959577,1,10,0.144391,7.18216,0,39.8669,0,0.0593035,0,0,0,1,0.5,2.32498,0.671868,0.1,0.408685,0.1,0.25,0.25,10,0.348731,0.1,0.1,0.241479,0.0304,0.028339,0.000779559,0.0254685,1,0.075,4.5,114,487,295,171,1,12,0.962759,1,2.08e-13
807,0,1,0.9,1.34558,0,1.01083,0.0379406,0,1,1,1,1,1,1,0.732084,0,0,0,0,0,0.613105,0.332222,0.75,0.1,2.23071,2.60912,2.74625,3,1,1,1,4.5,33,35,1,0.148532,0.282456,0.630137,0.882162,1,0.1,0.436051,2.97523,2,0.468373,1,2,0.65,0.65,1,7.14539e-05,0.657965,1,1,1,1,1,0.02443,1,210,3.43599,1.16773,0.959577,1,10,0.084558,0.714649,0,58.1408,0,0.0348194,0,0,0,1,0.5,2.32498,0.671868,0.1,0.408685,0.1,0.25,0.25,10,0.348731,0.1,0.1,0.241479,0.0304,0.028339,0.000779559,0.0254685,1,0.075,4.5,114,487,295,171,1,12,0.899303,0.932308,0.0117951
808,0,1,0.9,0.9,0,0.832256,0.0428943,0,1,1,1,1,1,1,1,0,0,0,0,0,0.252951,0.352972,0.75,0.1,2.23071,2.60912,2.74625,3,1,1,1,4.5,33,35,1,0.148532,0.282456,0.630137,0.882162,1,0.1,0.436051,2.97523,2,0.468373,1,2,0.65,0.65,1,0.00182539,1.75969,1,1,1,1,1,0.00830508,1,210,3.43599,1.16773,0.959577,1,10,0.0543702,0.253519,0,0.0286209,0,0.00447675,0,0,0,1,0.5,2.32498,0.671868,0.1,0.408685,0.1,0.25,0.25,10,0.348731,0.1,0.1,0.241479,0.0304,0.028339,0.000779559,0.0254685,1,0.075,4.5,114,487,295,171,1,12,1,0.879326,0.000179637
809,0,1,0.9,0.9,0,1.0445,0.0376069,0,1,1,1,1,1,1,0.0893019,0,0,0,0,0,0.494306,0.234681,0.75,0.1,2.23071,2.60912,2.74625,3,1,1,1,4.5,33,35,1,0.148532,0.282456,0.630137,0.882162,1,0.1,0.436051,2.97523,2,0.468373,1,2,0.65,0.65,1,0.0120982,0.344748,1,1,1,1,1,0.802661,1,210,3.43599,1.16773,0.959577,1,10,0.081747,1.33567,0,18.9524,0,0.0194815,0,0,0,1,0.5,2.32498,0.671868,0.1,0.408685,0.1,0.25,0.25,10,0.348731,0.1,0.1,0.241479,0.0304,0.028339,0.000779559,0.0254685,1,0.075,4.5,114,487,295,171,1,12,0.973387,0.748875,0.000179637
810,0,1,0.9,0.93336,0,0.920664,0.0450121,0,1,1,1,1,1,1,1,0,0,0,0,0,0.730573,1,0.75,0.1,2.23071,2.60912,2.74625,3,1,1,1,4.5,33,35,1,0.148532,0.282456,0.630137,0.882162,1,0.1,0.436051,2.97523,2,0.468373,1,2,0.65,0.65,1,0.0119635,1.20676,1,1,1,1,1,0.0733553,1,210,3.43599,1.16773,0.959577,1,10,0.00824101,8.98873,0,0.873507,0,1.03588,0,0,0,1,0.5,2.32498,0.671868,0.1,0.408685,0.1,0.25,0.25,10,0.348731,0.1,0.1,0.241479,0.0304,0.028339,0.000779559,0.0254685,1,0.075,4.5,114,487,295,171,1,12,1,0.779876,0
811,0,1,0.9,0.9,0,0.999877,0.048311,0,1,1,1,1,1,1,0.856554,0,0,0,0,0,0.142456,1,0.75,0.1,2.23071,2.60912,2.74625,3,1,1,1,4.5,33,35,1,0.148532,0.282456,0.630137,0.882162,1,0.1,0.436051,2.97523,2,0.468373,1,2,0.65,0.65,1,0.000921521,0.52749,1,1,1,1,1,0.534703,1,210,3.43599,1.16773,0.959577,1,10,0.0924172,2.62809,0,0.56821,0,0.0437391,0,0,0,1,0.5,2.32498,0.671868,0.1,0.408685,0.1,0.25,0.25,10,0.348731,0.1,0.1,0.241479,0.0304,0.028339,0.000779559,0.0254685,1,0.075,4.5,114,487,295,171,1,12,1,0.818272,4.0572e-09
812,0,1,0.9,0.9,0,0.953564,0.0446657,0,1,1,1,1,1,1,0.159613,0,0,0,0,0,0.180591,0.267509,0.75,0.1,2.23071,2.60912,2.74625,3,1,1,1,4.5,33,35,1,0.148532,0.282456,0.630137,0.882162,1,0.1,0.436051,2.97523,2,0.468373,1,2,0.65,0.65,1,0.00547144,1.87427,1,1,1,1,1,0.0162579,1,210,3.43599,1.16773,0.959577,1,10,0.191134,1.47543,0,0.0360291,0,0.115515,0,0,0,1,0.5,2.32498,0.671868,0.1,0.408685,0.1,0.25,0.25,10,0.348731,0.1,0.1,0.241479,0.0304,0.028339,0.000779559,0.0254685,1,0.075,4.5,114,487,295,171,1,12,1,0.970665,0
813,0,1,0.9,7.45301,0,1.02462,0.0433547,0,1,1,1,1,1,1,0.479253,0,0,0,0,0,0.461954,1,0.75,0.1,2.23071,2.60912,2.74625,3,1,1,1,4.5,33,35,1,0.148532,0.282456,0.630137,0.882162,1,0.1,0.436051,2.97523,2,0.468373,1,2,0.65,0.65,1,0.0160709,0.647104,1,1,1,1,1,0.0105181,1,210,3.43599,1.16773,0.959577,1,10,0.0481267,1.83396,0,0.526056,0,0.078076,0,0,0,1,0.5,2.32498,0.671868,0.1,0.408685,0.1,0.25,0.25,10,0.348731,0.1,0.1,0.241479,0.0304,0.028339,0.000779559,0.0254685,1,0.075,4.5,114,487,295,171,1,12,0.867349,0.780906,6.48645e-13
814,0,1,0.9,1.05336,0,1.04799,0.0338443,0,1,1,1,1,1,1,0.850156,0,0,0,0,0,1,0.398168,0.75,0.1,2.23071,2.60912,2.74625,3,1,1,1,4.5,33,35,1,0.148532,0.282456,0.630137,0.882162,1,0.1,0.436051,2.97523,2,0.468373,1,2,0.65,0.65,1,0.000184978,1.16917,1,1,1,1,1,0.0503197,1,210,3.43599,1.16773,0.959577,1,10,0.392873,0.722537,0,0.0419234,0,0.0104282,0,0,0,1,0.5,2.32498,0.671868,0.1,0.408685,0.1,0.25,0.25,10,0.348731,0.1,0.1,0.241479,0.0304,0.028339,0.000779559,0.0254685,1,0.075,4.5,114,487,295,171,1,12,0.825785,0.86683,0
815,0,1,0.9,1.2546,0,0.926745,0.0418655,0,1,1,1,1,1,1,1,0,0,0,0,0,0.391322,0.236109,0.75,0.1,2.23071,2.60912,2.74625,3,1,1,1,4.5,33,35,1,0.148532,0.282456,0.630137,0.882162,1,0.1,0.436051,2.97523,2,0.468373,1,2,0.65,0.65,1,0.00941362,1.44838,1,1,1,1,1,0.025972,1,210,3.43599,1.16773,0.959577,1,10,0.0363201,0.693399,0,1.6867,0,0.00420554,0,0,0,1,0.5,2.32498,0.671868,0.1,0.408685,0.1,0.25,0.25,10,0.348731,0.1,0.1,0.241479,0.0304,0.028339,0.000779559,0.0254685,1,0.075,4.5,114,487,295,171,1,12,1,1,0.000179637
816,0,1,0.9,3.65509,0,1.0466,0.0432573,0,1,1,1,1,1,1,0.240576,0,0,0,0,0,1,0.39639,0.75,0.1,2.23071,2.60912,2.74625,3,1,1,1,4.5,33,35,1,0.148532,0.282456,0.630137,0.882162,1,0.1,0.436051,2.97523,2,0.468373,1,2,0.65,0.65,1,0.000262433,0.674426,1,1,1,1,1,0.089671,1,210,3.43599,1.16773,0.959577,1,10,0.133295,2.85515,0,1.06531,0,0.00609858,0,0,0,1,0.5,2.32498,0.671868,0.1,0.408685,0.1,0.25,0.25,10,0.348731,0.1,0.1,0.241479,0.0304,0.028339,0.000779559,0.0254685,1,0.075,4.5,114,487,295,171,1,12,1,0.956834,0.000179637
817,0,1,0.9,0.9,0,0.995567,0.0434073,0,1,1,1,1,1,1,0.254391,0,0,0,0,0,1,1,0.75,0.1,2.23071,2.60912,2.74625,3,1,1,1,4.5,33,35,1,0.148532,0.282456,0.630137,0.882162,1,0.1,0.436051,2.97523,2,0.468373,1,2,0.65,0.65,1,0.000104655,0.159211,1,1,1,1,1,0.912296,1,210,3.43599,1.16773,0.959577,1,10,0.00823937,1.52622,0,0.319935,0,0.0465143,0,0,0,1,0.5,2.32498,0.671868,0.1,0.408685,0.1,0.25,0.25,10,0.348731,0.1,0.1,0.241479,0.0304,0.028339,0.000779559,0.0254685,1,0.075,4.5,114,487,295,171,1,12,1,0.910416,0.000179637
818,0,1,0.9,0.9,0,0.942977,0.0475911,0,1,1,1,1,1,1,1,0,0,0,0,0,0.146573,0.537586,0.75,0.1,2.23071,2.60912,2.74625,3,1,1,1,4.5,33,35,1,0.148532,0.282456,0.630137,0.882162,1,0.1,0.436051,2.97523,2,0.468373,1,2,0.65,0.65,1,0.000541204,2.24548,1,1,1,1,1,0.0300964,1,210,3.43599,1.16773,0.959577,1,10,0.0921711,17.5538,0,4.98684,0,0.343856,0,0,0,1,0.5,2.32498,0.671868,0.1,0.408685,0.1,0.25,0.25,10,0.348731,0.1,0.1,0.241479,0.0304,0.028339,0.000779559,0.0254685,1,0.075,4.5,114,487,295,171,1,12,1,0.923281,0.00960555
819,0,1,0.9,1.211,0,0.993567,0.0424845,0,1,1,1,1,1,1,0.278742,0,0,0,0,0,1,0.705732,0.75,0.1,2.23071,2.60912,2.74625,3,1,1,1,4.5,33,35,1,0.148532,0.282456,0.630137,0.882162,1,0.1,0.436051,2.97523,2,0.468373,1,2,0.65,0.65,1,0.0175739,0.322956,1,1,1,1,1,0.256506,1,210,3.43599,1.16773,0.959577,1,10,0.376277,2.85955,0,0.052106,0,0.267258,0,0,0,1,0.5,2.32498,0.671868,0.1,0.408685,0.1,0.25,0.25,10,0.348731,0.1,0.1,0.241479,0.0304,0.028339,0.000779559,0.0254685,1,0.075,4.5,114,487,295,171,1,12,0.908695,0.802652,4.04524e-13
820,0,1,0.9,2.08445,0,1.09749,0.0370179,0,1,1,1,1,1,1,0.118476,0,0,0,0,0,0.14777,1,0.75,0.1,2.23071,2.60912,2.74625,3,1,1,1,4.5,33,35,1,0.148532,0.282456,0.630137,0.882162,1,0.1,0.436051,2.97523,2,0.468373,1,2,0.65,0.65,1,0.0235348,2.74184,1,1,1,1,1,0.0100971,1,210,3.43599,1.16773,0.959577,1,10,0.00735052,7.53221,0,0.0196161,0,0.887726,0,0,0,1,0.5,2.32498,0.671868,0.1,0.408685,0.1,0.25,0.25,10,0.348731,0.1,0.1,0.241479,0.0304,0.028339,0.000779559,0.0254685,1,0.075,4.5,114,487,295,171,1,12,0.977427,0.97999,0.00119048
821,0,1,0.9,1.54641,0,1.08678,0.0378155,0,1,1,1,1,1,1,1,0,0,0,0,0,0.386209,0.312124,0.75,0.1,2.23071,2.60912,2.74625,3,1,1,1,4.5,33,35,1,0.148532,0.282456,0.630137,0.882162,1,0.1,0.436051,2.97523,2,0.468373,1,2,0.65,0.65,1,0.0160895,1.17987,1,1,1,1,1,0.00514329,1,210,3.43599,1.16773,0.959577,1,10,0.247704,5.54361,0,0.124518,0,1.99965,0,0,0,1,0.5,2.32498,0.671868,0.1,0.408685,0.1,0.25,0.25,10,0.348731,0.1,0.1,0.241479,0.0304,0.028339,0.000779559,0.0254685,1,0.075,4.5,114,487,295,171,1,12,0.943969,0.862817,5.19942e-14
822,0,1,0.9,1.83987,0,0.942609,0.0353046,0,1,1,1,1,1,1,0.462532,0,0,0,0,0,0.104017,0.265334,0.75,0.1,2.23071,2.60912,2.74625,3,1,1,1,4.5,33,35,1,0.148532,0.282456,0.630137,0.882162,1,0.1,0.436051,2.97523,2,0.468373,1,2,0.65,0.65,1,1.98785e-05,0.434088,1,1,1,1,1,0.155849,1,210,3.43599,1.16773,0.959577,1,10,0.0274681,0.762454,0,0.0275117,0,0.0092497,0,0,0,1,0.5,2.32498,0.671868,0.1,0.408685,0.1,0.25,0.25,10,0.348731,0.1,0.1,0.241479,0.0304,0.028339,0.000779559,0.0254685,1,0.075,4.5,114,487,295,171,1,12,0.986324,0.854601,0.000179637
823,0,1,0.9,0.9,0,0.957359,0.0331305,0,1,1,1,1,1,1,0.540339,0,0,0,0,0,1,1,0.75,0.1,2.23071,2.60912,2.74625,3,1,1,1,4.5,33,35,1,0.148532,0.282456,0.630137,0.882162,1,0.1,0.436051,2.97523,2,0.468373,1,2,0.65,0.65,1,0.0145049,0.724346,1,1,1,1,1,0.00302457,1,210,3.43599,1.16773,0.959577,1,10,0.0511902,2.09196,0,0.204914,0,0.0682909,0,0,0,1,0.5,2.32498,0.671868,0.1,0.408685,0.1,0.25,0.25,10,0.348731,0.1,0.1,0.241479,0.0304,0.028339,0.000779559,0.0254685,1,0.075,4.5,114,487,295,171,1,12,0.826276,0.816017,0
824,0,1,0.9,0.9,0,1.0888,0.0348987,0,1,1,1,1,1,1,1,0,0,0,0,0,1,1,0.75,0.1,2.23071,2.60912,2.74625,3,1,1,1,4.5,33,35,1,0.148532,0.282456,0.630137,0.882162,1,0.1,0.436051,2.97523,2,0.468373,1,2,0.65,0.65,1,0.0153012,0.352491,1,1,1,1,1,0.145984,1,210,3.43599,1.16773,0.959577,1,10,0.0278231,1.00334,0,0.329018,0,0.0256863,0,0,0,1,0.5,2.32498,0.671868,0.1,0.408685,0.1,0.25,0.25,10,0.348731,0.1,0.1,0.241479,0.0304,0.028339,0.000779559,0.0254685,1,0.075,4.5,114,487,295,171,1,12,1,0.82367,0.000179637
825,0,1,0.9,0.919605,0,0.980229,0.0398191,0,1,1,1,1,1,1,0.236765,0,0,0,0,0,1,0.194399,0.75,0.1,2.23071,2.60912,2.74625,3,1,1,1,4.5,33,35,1,0.148532,0.282456,0.630137,0.882162,1,0.1,0.436051,2.97523,2,0.468373,1,2,0.65,0.65,1,0.0131777,0.298405,1,1,1,1,1,0.111675,1,210,3.43599,1.16773,0.959577,1,10,0.0250455,8.69379,0,0.563322,0,0.198309,0,0,0,1,0.5,2.32498,0.671868,0.1,0.408685,0.1,0.25,0.25,10,0.348731,0.1,0.1,0.241479,0.0304,0.028339,0.000779559,0.0254685,1,0.075,4.5,114,487,295,171,1,12,0.923322,0.976241,0
826,0,1,0.9,1.19611,0,1.12857,0.0393704,0,1,1,1,1,1,1,0.751928,0,0,0,0,0,0.470656,1,0.75,0.1,2.23071,2.60912,2.74625,3,1,1,1,4.5,33,35,1,0.148532,0.282456,0.630137,0.882162,1,0.1,0.436051,2.97523,2,0.468373,1,2,0.65,0.65,1,0.0966377,1.60922,1,1,1,1,1,0.00502084,1,210,3.43599,1.16773,0.959577,1,10,0.092416,0.55897,0,1.43608,0,0.724376,0,0,0,1,0.5,2.32498,0.671868,0.1,0.408685,0.1,0.25,0.25,10,0.348731,0.1,0.1,0.241479,0.0304,0.028339,0.000779559,0.0254685,1,0.075,4.5,114,487,295,171,1,12,0.903546,0.939354,0
827,0,1,0.9,1.12302,0,0.877667,0.0397099,0,1,1,1,1,1,1,0.0728613,0,0,0,0,0,0.115289,1,0.75,0.1,2.23071,2.60912,2.74625,3,1,1,1,4.5,33,35,1,0.148532,0.282456,0.630137,0.882162,1,0.1,0.436051,2.97523,2,0.468373,1,2,0.65,0.65,1,0.0254772,0.691852,1,1,1,1,1,1.00916,1.00916,210,3.43599,1.16773,0.959577,1,10,0.0630075,1.78382,0,0.0811297,0,0.00251438,0,0,0,1,0.5,2.32498,0.671868,0.1,0.408685,0.1,0.25,0.25,10,0.348731,0.1,0.1,0.241479,0.0304,0.028339,0.000779559,0.0254685,1,0.075,4.5,114,487,295,171,1,12,0.873237,0.971147,0.00263158
828,0,1,0.9,1.19822,0,1.05139,0.0416831,0,1,1,1,1,1,1,1,0,0,0,0,0,0.173494,1,0.75,0.1,2.23071,2.60912,2.74625,3,1,1,1,4.5,33,35,1,0.148532,0.282456,0.630137,0.882162,1,0.1,0.436051,2.97523,2,0.468373,1,2,0.65,0.65,1,0.615959,0.615959,1,1,1,1,1,0.108624,1,210,3.43599,1.16773,0.959577,1,10,0.0287538,0.488716,0,0.0378104,0,0.158727,0,0,0,1,0.5,2.32498,0.671868,0.1,0.408685,0.1,0.25,0.25,10,0.348731,0.1,0.1,0.241479,0.0304,0.028339,0.000779559,0.0254685,1,0.075,4.5,114,487,295,171,1,12,0.980422,0.841677,0
829,0,1,0.9,0.9,0,1.02945,0.0386397,0,1,1,1,1,1,1,1,0,0,0,0,0,0.437209,0.394309,0.75,0.1,2.23071,2.60912,2.74625,3,1,1,1,4.5,33,35,1,0.148532,0.282456,0.630137,0.882162,1,0.1,0.436051,2.97523,2,0.468373,1,2,0.65,0.65,1,0.0363856,0.685939,1,1,1,1,1,0.00554452,1,210,3.43599,1.16773,0.959577,1,10,0.0093723,0.405017,0,0.43434,0,1.69751,0,0,0,1,0.5,2.32498,0.671868,0.1,0.408685,0.1,0.25,0.25,10,0.348731,0.1,0.1,0.241479,0.0304,0.028339,0.000779559,0.0254685,1,0.075,4.5,114,487,295,171,1,12,0.977985,0.899166,0
830,0,1,0.9,0.9,0,1.08437,0.0368629,0,1,1,1,1,1,1,0.523072,0,0,0,0,0,0.335148,0.422747,0.75,0.1,2.23071,2.60912,2.74625,3,1,1,1,4.5,33,35,1,0.148532,0.282456,0.630137,0.882162,1,0.1,0.436051,2.97523,2,0.468373,1,2,0.65,0.65,1,0.00192371,1.20724,1,1,1,1,1,0.0010114,1,210,3.43599,1.16773,0.959577,1,10,0.0548387,1.28368,0,1.45105,0,3.22577,0,0,0,1,0.5,2.32498,0.671868,0.1,0.408685,0.1,0.25,0.25,10,0.348731,0.1,0.1,0.241479,0.0304,0.028339,0.000779559,0.0254685,1,0.075,4.5,114,487,295,171,1,12,1,0.816918,0
831,0,1,0.9,0.9,0,1.04822,0.0405738,0,1,1,1,1,1,1,0.330271,0,0,0,0,0,1,1,0.75,0.1,2.23071,2.60912,2.74625,3,1,1,1,4.5,33,35,1,0.148532,0.282456,0.630137,0.882162,1,0.1,0.436051,2.97523,2,0.468373,1,2,0.65,0.65,1,0.0809851,1.11743,1,1,1,1,1,0.0197859,1,210,3.43599,1.16773,0.959577,1,10,0.0278781,2.83561,0,0.0857912,0,0.0562848,0,0,0,1,0.5,2.32498,0.671868,0.1,0.408685,0.1,0.25,0.25,10,0.348731,0.1,0.1,0.241479,0.0304,0.028339,0.000779559,0.0254685,1,0.075,4.5,114,487,295,171,1,12,0.843979,0.917852,2.08e-13
832,0,1,0.9,0.9,0,1.08672,0.0466167,0,1,1,1,1,1,1,1,0,0,0,0,0,0.596437,1,0.75,0.1,2.23071,2.60912,2.74625,3,1,1,1,4.5,33,35,1,0.148532,0.282456,0.630137,0.882162,1,0.1,0.436051,2.97523,2,0.468373,1,2,0.65,0.65,1,0.147783,0.834388,1,1,1,1,1,0.0320202,1,210,3.43599,1.16773,0.959577,1,10,0.12154,1.10933,0,0.146934,0,6.89583,0,0,0,1,0.5,2.32498,0.671868,0.1,0.408685,0.1,0.25,0.25,10,0.348731,0.1,0.1,0.241479,0.0304,0.028339,0.000779559,0.0254685,1,0.075,4.5,114,487,295,171,1,12,1,0.798195,4.0572e-09
833,0,1,0.9,0.9,0,0.928348,0.0423006,0,1,1,1,1,1,1,0.407506,0,0,0,0,0,0.195954,0.495058,0.75,0.1,2.23071,2.60912,2.74625,3,1,1,1,4.5,33,35,1,0.148532,0.282456,0.630137,0.882162,1,0.1,0.436051,2.97523,2,0.468373,1,2,0.65,0.65,1,0.00376183,0.760276,1,1,1,1,1,0.0601896,1,210,3.43599,1.16773,0.959577,1,10,0.00451276,0.917026,0,11.2944,0,0.600213,0,0,0,1,0.5,2.32498,0.671868,0.1,0.408685,0.1,0.25,0.25,10,0.348731,0.1,0.1,0.241479,0.0304,0.028339,0.000779559,0.0254685,1,0.075,4.5,114,487,295,171,1,12,0.901875,0.916645,4.04524e-13
834,0,1,0.9,0.9,0,1.15988,0.0465586,0,1,1,1,1,1,1,1,0,0,0,0,0,0.499433,0.373911,0.75,0.1,2.23071,2.60912,2.74625,3,1,1,1,4.5,33,35,1,0.148532,0.282456,0.630137,0.882162,1,0.1,0.436051,2.97523,2,0.468373,1,2,0.65,0.65,1,0.135678,0.357337,1,1,1,1,1,0.0933244,1,210,3.43599,1.16773,0.959577,1,10,0.0596291,8.83525,0,0.0156326,0,0.0632539,0,0,0,1,0.5,2.32498,0.671868,0.1,0.408685,0.1,0.25,0.25,10,0.348731,0.1,0.1,0.241479,0.0304,0.028339,0.000779559,0.0254685,1,0.075,4.5,114,487,295,171,1,12,1,0.846267,4.0572e-09
835,0,1,0.9,3.0845,0,1.02486,0.0378726,0,1,1,1,1,1,1,0.158372,0,0,0,0,0,0.118807,0.322121,0.75,0.1,2.23071,2.60912,2.74625,3,1,1,1,4.5,33,35,1,0.148532,0.282456,0.630137,0.882162,1,0.1,0.436051,2.97523,2,0.468373,1,2,0.65,0.65,1,0.191112,3.95647,1,1,1,1,1,1.65953,1.65953,210,3.43599,1.16773,0.959577,1,10,0.0929858,3.48095,0,0.644272,0,1.22817,0,0,0,1,0.5,2.32498,0.671868,0.1,0.408685,0.1,0.25,0.25,10,0.348731,0.1,0.1,0.241479,0.0304,0.028339,0.000779559,0.0254685,1,0.075,4.5,114,487,295,171,1,12,0.900711,0.80256,0.00119048
836,0,1,0.9,3.31926,0,1.0898,0.036424,0,1,1,1,1,1,1,0.141817,0,0,0,0,0,0.146942,0.486513,0.75,0.1,2.23071,2.60912,2.74625,3,1,1,1,4.5,33,35,1,0.148532,0.282456,0.630137,0.882162,1,0.1,0.436051,2.97523,2,0.468373,1,2,0.65,0.65,1,0.0026541,1.62042,1,1,1,1,1,0.011418,1,210,3.43599,1.16773,0.959577,1,10,0.230369,0.492586,0,0.0574509,0,0.185574,0,0,0,1,0.5,2.32498,0.671868,0.1,0.408685,0.1,0.25,0.25,10,0.348731,0.1,0.1,0.241479,0.0304,0.028339,0.000779559,0.0254685,1,0.075,4.5,114,487,295,171,1,12,0.911955,0.725404,0
837,0,1,0.9,0.9,0,0.932766,0.0427259,0,1,1,1,1,1,1,0.0948044,0,0,0,0,0,0.317319,0.146554,0.75,0.1,2.23071,2.60912,2.74625,3,1,1,1,4.5,33,35,1,0.148532,0.282456,0.630137,0.882162,1,0.1,0.436051,2.97523,2,0.468373,1,2,0.65,0.65,1,0.189418,2.31835,1,1,1,1,1,0.0868022,1,210,3.43599,1.16773,0.959577,1,10,0.038984,2.54797,0,0.0745076,0,0.00672047,0,0,0,1,0.5,2.32498,0.671868,0.1,0.408685,0.1,0.25,0.25,10,0.348731,0.1,0.1,0.241479,0.0304,0.028339,0.000779559,0.0254685,1,0.075,4.5,114,487,295,171,1,12,1,1,2.00538e-13
838,0,1,0.9,0.9,0,1.13046,0.0384483,0,1,1,1,1,1,1,0.542956,0,0,0,0,0,0.663568,0.126172,0.75,0.1,2.23071,2.60912,2.74625,3,1,1,1,4.5,33,35,1,0.148532,0.282456,0.630137,0.882162,1,0.1,0.436051,2.97523,2,0.468373,1,2,0.65,0.65,1,0.0106232,0.457454,1,1,1,1,1,0.0523106,1,210,3.43599,1.16773,0.959577,1,10,0.0340634,1.0838,0,0.689819,0,0.0649179,0,0,0,1,0.5,2.32498,0.671868,0.1,0.408685,0.1,0.25,0.25,10,0.348731,0.1,0.1,0.241479,0.0304,0.028339,0.000779559,0.0254685,1,0.075,4.5,114,487,295,171,1,12,0.847667,0.853496,0.00263158
839,0,1,0.9,0.9,0,0.998665,0.0388868,0,1,1,1,1,1,1,0.473193,0,0,0,0,0,0.457626,0.943729,0.75,0.1,2.23071,2.60912,2.74625,3,1,1,1,4.5,33,35,1,0.148532,0.282456,0.630137,0.882162,1,0.1,0.436051,2.97523,2,0.468373,1,2,0.65,0.65,1,0.00610285,0.288406,1,1,1,1,1,0.0643754,1,210,3.43599,1.16773,0.959577,1,10,0.0302628,1.27489,0,0.311266,0,0.304056,0,0,0,1,0.5,2.32498,0.671868,0.1,0.408685,0.1,0.25,0.25,10,0.348731,0.1,0.1,0.241479,0.0304,0.028339,0.000779559,0.0254685,1,0.075,4.5,114,487,295,171,1,12,0.889005,0.895699,5.19942e-14
840,0,1,0.9,0.9,0,0.862293,0.037421,0,1,1,1,1,1,1,0.593657,0,0,0,0,0,1,0.1204,0.75,0.1,2.23071,2.60912,2.74625,3,1,1,1,4.5,33,35,1,0.148532,0.282456,0.630137,0.882162,1,0.1,0.436051,2.97523,2,0.468373,1,2,0.65,0.65,1,0.000618168,0.463929,1,1,1,1,1,0.00366653,1,210,3.43599,1.16773,0.959577,1,10,0.0181944,6.68577,0,1.09795,0,0.0494128,0,0,0,1,0.5,2.32498,0.671868,0.1,0.408685,0.1,0.25,0.25,10,0.348731,0.1,0.1,0.241479,0.0304,0.028339,0.000779559,0.0254685,1,0.075,4.5,114,487,295,171,1,12,1,1,0
841,0,1,0.9,3.22654,0,1.00177,0.0382067,0,1,1,1,1,1,1,0.831273,0,0,0,0,0,1,0.146496,0.75,0.1,2.23071,2.60912,2.74625,3,1,1,1,4.5,33,35,1,0.148532,0.282456,0.630137,0.882162,1,0.1,0.436051,2.97523,2,0.468373,1,2,0.65,0.65,1,0.00227487,0.792838,1,1,1,1,1,0.387269,1,210,3.43599,1.16773,0.959577,1,10,0.0410634,0.131124,0,0.175894,0,0.0770678,0,0,0,1,0.5,2.32498,0.671868,0.1,0.408685,0.1,0.25,0.25,10,0.348731,0.1,0.1,0.241479,0.0304,0.028339,0.000779559,0.0254685,1,0.075,4.5,114,487,295,171,1,12,1,0.988767,0.000179637
842,0,1,0.9,4.51358,0,0.899391,0.0440318,0,1,1,1,1,1,1,0.924735,0,0,0,0,0,0.176359,1,0.75,0.1,2.23071,2.60912,2.74625,3,1,1,1,4.5,33,35,1,0.148532,0.282456,0.630137,0.882162,1,0.1,0.436051,2.97523,2,0.468373,1,2,0.65,0.65,1,0.000280594,0.338153,1,1,1,1,1,0.00567533,1,210,3.43599,1.16773,0.959577,1,10,0.0432452,2.1601,0,0.0367448,0,0.778552,0,0,0,1,0.5,2.32498,0.671868,0.1,0.408685,0.1,0.25,0.25,10,0.348731,0.1,0.1,0.241479,0.0304,0.028339,0.000779559,0.0254685,1,0.075,4.5,114,487,295,171,1,12,0.81298,0.995149,4.01339e-13
843,0,1,0.9,0.911187,0,0.851823,0.0420046,0,1,1,1,1,1,1,0.303469,0,0,0,0,0,0.610149,0.256336,0.75,0.1,2.23071,2.60912,2.74625,3,1,1,1,4.5,33,35,1,0.148532,0.282456,0.630137,0.882162,1,0.1,0.436051,2.97523,2,0.468373,1,2,0.65,0.65,1,0.00656688,3.20489,1,1,1,1,1,0.00500354,1,210,3.43599,1.16773,0.959577,1,10,0.0277356,10.8702,0,0.0787128,0,0.0176858,0,0,0,1,0.5,2.32498,0.671868,0.1,0.408685,0.1,0.25,0.25,10,0.348731,0.1,0.1,0.241479,0.0304,0.028339,0.000779559,0.0254685,1,0.075,4.5,114,487,295,171,1,12,1,0.905251,0
844,0,1,0.9,1.65725,0,1.00042,0.041173,0,1,1,1,1,1,1,0.64275,0,0,0,0,0,0.251321,1,0.75,0.1,2.23071,2.60912,2.74625,3,1,1,1,4.5,33,35,1,0.148532,0.282456,0.630137,0.882162,1,0.1,0.436051,2.97523,2,0.468373,1,2,0.65,0.65,1,0.434635,1.78383,1,1,1,1,1,0.00175086,1,210,3.43599,1.16773,0.959577,1,10,0.0671567,0.673873,0,0.115974,0,0.00642513,0,0,0,1,0.5,2.32498,0.671868,0.1,0.408685,0.1,0.25,0.25,10,0.348731,0.1,0.1,0.241479,0.0304,0.028339,0.000779559,0.0254685,1,0.075,4.5,114,487,295,171,1,12,0.961517,0.957345,0
845,0,1,0.9,0.9,0,1.0469,0.044309,0,1,1,1,1,1,1,0.536641,0,0,0,0,0,1,0.705926,0.75,0.1,2.23071,2.60912,2.74625,3,1,1,1,4.5,33,35,1,0.148532,0.282456,0.630137,0.882162,1,0.1,0.436051,2.97523,2,0.468373,1,2,0.65,0.65,1,0.0128578,0.188966,1,1,1,1,1,0.860091,1,210,3.43599,1.16773,0.959577,1,10,0.0683265,3.18686,0,0.567469,0,0.155443,0,0,0,1,0.5,2.32498,0.671868,0.1,0.408685,0.1,0.25,0.25,10,0.348731,0.1,0.1,0.241479,0.0304,0.028339,0.000779559,0.0254685,1,0.075,4.5,114,487,295,171,1,12,0.936128,0.945802,5.26041e-13
846,0,1,0.9,3.25789,0,0.817911,0.0372708,0,1,1,1,1,1,1,0.400922,0,0,0,0,0,0.0733899,0.0727518,0.75,0.1,2.23071,2.60912,2.74625,3,1,1,1,4.5,33,35,1,0.148532,0.282456,0.630137,0.882162,1,0.1,0.436051,2.97523,2,0.468373,1,2,0.65,0.65,1,0.00341254,0.221843,1,1,1,1,1,0.159738,1,210,3.43599,1.16773,0.959577,1,10,0.0451252,0.800853,0,0.0478879,0,0.780989,0,0,0,1,0.5,2.32498,0.671868,0.1,0.408685,0.1,0.25,0.25,10,0.348731,0.1,0.1,0.241479,0.0304,0.028339,0.000779559,0.0254685,1,0.075,4.5,114,487,295,171,1,12,0.945267,0.906617,2.18521e-13
847,0,1,0.9,3.05044,0,1.16659,0.0453787,0,1,1,1,1,1,1,1,0,0,0,0,0,0.414464,1,0.75,0.1,2.23071,2.60912,2.74625,3,1,1,1,4.5,33,35,1,0.148532,0.282456,0.630137,0.882162,1,0.1,0.436051,2.97523,2,0.468373,1,2,0.65,0.65,1,0.0205897,0.0518397,1,1,1,1,1,0.0453667,1,210,3.43599,1.16773,0.959577,1,10,0.0360161,3.6181,0,0.354521,0,0.125967,0,0,0,1,0.5,2.32498,0.671868,0.1,0.408685,0.1,0.25,0.25,10,0.348731,0.1,0.1,0.241479,0.0304,0.028339,0.000779559,0.0254685,1,0.075,4.5,114,487,295,171,1,12,0.93217,0.899611,1.23335e-08
848,0,1,0.9,0.9,0,1.07013,0.0427338,0,1,1,1,1,1,1,0.915285,0,0,0,0,0,0.1439,1,0.75,0.1,2.23071,2.60912,2.74625,3,1,1,1,4.5,33,35,1,0.148532,0.282456,0.630137,0.882162,1,0.1,0.436051,2.97523,2,0.468373,1,2,0.65,0.65,1,0.0240582,0.847804,1,1,1,1,1,0.0604956,1,210,3.43599,1.16773,0.959577,1,10,0.0817093,0.299092,0,3.82707,0,0.0239435,0,0,0,1,0.5,2.32498,0.671868,0.1,0.408685,0.1,0.25,0.25,10,0.348731,0.1,0.1,0.241479,0.0304,0.028339,0.000779559,0.0254685,1,0.075,4.5,114,487,295,171,1,12,1,0.844426,0.000179637
849,0,1,0.9,0.9,0,1.04996,0.0377151,0,1,1,1,1,1,1,0.562522,0,0,0,0,0,1,1,0.75,0.1,2.23071,2.60912,2.74625,3,1,1,1,4.5,33,35,1,0.148532,0.282456,0.630137,0.882162,1,0.1,0.436051,2.97523,2,0.468373,1,2,0.65,0.65,1,0.0137378,0.364928,1,1,1,1,1,0.148477,1,210,3.43599,1.16773,0.959577,1,10,0.0881754,0.363437,0,0.0163287,0,0.55519,0,0,0,1,0.5,2.32498,0.671868,0.1,0.408685,0.1,0.25,0.25,10,0.348731,0.1,0.1,0.241479,0.0304,0.028339,0.000779559,0.0254685,1,0.075,4.5,114,487,295,171,1,12,1,1,0.000179637
850,0,1,0.9,2.25031,0,1.01573,0.0445753,0,1,1,1,1,1,1,0.0218593,0,0,0,0,0,1,1,0.75,0.1,2.23071,2.60912,2.74625,3,1,1,1,4.5,33,35,1,0.148532,0.282456,0.630137,0.882162,1,0.1,0.436051,2.97523,2,0.468373,1,2,0.65,0.65,1,0.0108823,1.30369,1,1,1,1,1,0.00767577,1,210,3.43599,1.16773,0.959577,1,10,0.178883,0.623463,0,0.0937645,0,0.154472,0,0,0,1,0.5,2.32498,0.671868,0.1,0.408685,0.1,0.25,0.25,10,0.348731,0.1,0.1,0.241479,0.0304,0.028339,0.000779559,0.0254685,1,0.075,4.5,114,487,295,171,1,12,0.984643,0.955827,1.23335e-08
851,0,1,0.9,0.9,0,1.24841,0.035453,0,1,1,1,1,1,1,0.218545,0,0,0,0,0,0.15778,0.308049,0.75,0.1,2.23071,2.60912,2.74625,3,1,1,1,4.5,33,35,1,0.148532,0.282456,0.630137,0.882162,1,0.1,0.436051,2.97523,2,0.468373,1,2,0.65,0.65,1,0.00109541,1.53322,1,1,1,1,1,0.0159558,1,210,3.43599,1.16773,0.959577,1,10,0.15904,4.45644,0,0.0702277,0,0.00607628,0,0,0,1,0.5,2.32498,0.671868,0.1,0.408685,0.1,0.25,0.25,10,0.348731,0.1,0.1,0.241479,0.0304,0.028339,0.000779559,0.0254685,1,0.075,4.5,114,487,295,171,1,12,1,0.864902,0
852,0,1,0.9,0.9,0,0.982472,0.0420593,0,1,1,1,1,1,1,0.284029,0,0,0,0,0,0.652443,0.447605,0.75,0.1,2.23071,2.60912,2.74625,3,1,1,1,4.5,33,35,1,0.148532,0.282456,0.630137,0.882162,1,0.1,0.436051,2.97523,2,0.468373,1,2,0.65,0.65,1,0.00288842,5.61587,1,1,1,1,1,0.022826,1,210,3.43599,1.16773,0.959577,1,10,0.0968484,4.60444,0,0.0204002,0,0.666168,0,0,0,1,0.5,2.32498,0.671868,0.1,0.408685,0.1,0.25,0.25,10,0.348731,0.1,0.1,0.241479,0.0304,0.028339,0.000779559,0.0254685,1,0.075,4.5,114,487,295,171,1,12,1,0.836777,0.00263158
853,0,1,0.9,0.9,0,1.00266,0.0381668,0,1,1,1,1,1,1,1,0,0,0,0,0,0.756768,0.228372,0.75,0.1,2.23071,2.60912,2.74625,3,1,1,1,4.5,33,35,1,0.148532,0.282456,0.630137,0.882162,1,0.1,0.436051,2.97523,2,0.468373,1,2,0.65,0.65,1,0.125747,0.971344,1,1,1,1,1,0.454437,1,210,3.43599,1.16773,0.959577,1,10,0.0552339,0.775884,0,0.0699874,0,0.00611072,0,0,0,1,0.5,2.32498,0.671868,0.1,0.408685,0.1,0.25,0.25,10,0.348731,0.1,0.1,0.241479,0.0304,0.028339,0.000779559,0.0254685,1,0.075,4.5,114,487,295,171,1,12,0.908435,0.928247,0
854,0,1,0.9,1.84989,0,0.996662,0.0418263,0,1,1,1,1,1,1,0.671777,0,0,0,0,0,0.282448,0.185997,0.75,0.1,2.23071,2.60912,2.74625,3,1,1,1,4.5,33,35,1,0.148532,0.282456,0.630137,0.882162,1,0.1,0.436051,2.97523,2,0.468373,1,2,0.65,0.65,1,0.00982226,1.60004,1,1,1,1,1,0.0250846,1,210,3.43599,1.16773,0.959577,1,10,0.00572861,0.35784,0,0.0682724,0,0.00848978,0,0,0,1,0.5,2.32498,0.671868,0.1,0.408685,0.1,0.25,0.25,10,0.348731,0.1,0.1,0.241479,0.0304,0.028339,0.000779559,0.0254685,1,0.075,4.5,114,487,295,171,1,12,1,0.787757,0.000179637
855,0,1,0.9,1.39611,0,0.999033,0.041176,0,1,1,1,1,1,1,0.916318,0,0,0,0,0,0.444513,0.61449,0.75,0.1,2.23071,2.60912,2.74625,3,1,1,1,4.5,33,35,1,0.148532,0.282456,0.630137,0.882162,1,0.1,0.436051,2.97523,2,0.468373,1,2,0.65,0.65,1,0.0212248,0.996566,1,1,1,1,1,0.0352891,1,210,3.43599,1.16773,0.959577,1,10,0.043379,3.05068,0,8.67115,0,0.0605325,0,0,0,1,0.5,2.32498,0.671868,0.1,0.408685,0.1,0.25,0.25,10,0.348731,0.1,0.1,0.241479,0.0304,0.028339,0.000779559,0.0254685,1,0.075,4.5,114,487,295,171,1,12,0.919727,0.938226,0
856,0,1,0.9,0.9,0,0.982837,0.0385084,0,1,1,1,1,1,1,0.379539,0,0,0,0,0,0.157914,0.172247,0.75,0.1,2.23071,2.60912,2.74625,3,1,1,1,4.5,33,35,1,0.148532,0.282456,0.630137,0.882162,1,0.1,0.436051,2.97523,2,0.468373,1,2,0.65,0.65,1,0.010248,0.688509,1,1,1,1,1,0.234668,1,210,3.43599,1.16773,0.959577,1,10,0.179162,6.37868,0,0.133396,0,0.00179957,0,0,0,1,0.5,2.32498,0.671868,0.1,0.408685,0.1,0.25,0.25,10,0.348731,0.1,0.1,0.241479,0.0304,0.028339,0.000779559,0.0254685,1,0.075,4.5,114,487,295,171,1,12,0.951979,0.741798,4.77886e-15
857,0,1,0.9,0.954262,0,1.01916,0.0442965,0,1,1,1,1,1,1,1,0,0,0,0,0,0.44546,0.377778,0.75,0.1,2.23071,2.60912,2.74625,3,1,1,1,4.5,33,35,1,0.148532,0.282456,0.630137,0.882162,1,0.1,0.436051,2.97523,2,0.468373,1,2,0.65,0.65,1,0.00391433,0.471398,1,1,1,1,1,0.0250779,1,210,3.43599,1.16773,0.959577,1,10,0.00339147,0.466193,0,0.369099,0,0.43136,0,0,0,1,0.5,2.32498,0.671868,0.1,0.408685,0.1,0.25,0.25,10,0.348731,0.1,0.1,0.241479,0.0304,0.028339,0.000779559,0.0254685,1,0.075,4.5,114,487,295,171,1,12,0.978256,0.793735,0.000179637
858,0,1,0.9,2.56081,0,0.875492,0.0431516,0,1,1,1,1,1,1,1,0,0,0,0,0,1,0.297076,0.75,0.1,2.23071,2.60912,2.74625,3,1,1,1,4.5,33,35,1,0.148532,0.282456,0.630137,0.882162,1,0.1,0.436051,2.97523,2,0.468373,1,2,0.65,0.65,1,0.0221619,0.270116,1,1,1,1,1,0.3145,1,210,3.43599,1.16773,0.959577,1,10,0.0129694,1.27625,0,0.23497,0,0.0273272,0,0,0,1,0.5,2.32498,0.671868,0.1,0.408685,0.1,0.25,0.25,10,0.348731,0.1,0.1,0.241479,0.0304,0.028339,0.000779559,0.0254685,1,0.075,4.5,114,487,295,171,1,12,1,0.863472,0.000179637
859,0,1,0.9,0.9,0,0.987681,0.0378245,0,1,1,1,1,1,1,0.35507,0,0,0,0,0,0.160422,0.50357,0.75,0.1,2.23071,2.60912,2.74625,3,1,1,1,4.5,33,35,1,0.148532,0.282456,0.630137,0.882162,1,0.1,0.436051,2.97523,2,0.468373,1,2,0.65,0.65,1,0.00192826,4.37439,1,1,1,1,1,0.109891,1,210,3.43599,1.16773,0.959577,1,10,0.0081675,2.83325,0,0.629988,0,14.3741,0,0,0,1,0.5,2.32498,0.671868,0.1,0.408685,0.1,0.25,0.25,10,0.348731,0.1,0.1,0.241479,0.0304,0.028339,0.000779559,0.0254685,1,0.075,4.5,114,487,295,171,1,12,0.888713,1,0.00119048
860,0,1,0.9,0.9,0,1.01961,0.0453027,0,1,1,1,1,1,1,1,0,0,0,0,0,1,1,0.75,0.1,2.23071,2.60912,2.74625,3,1,1,1,4.5,33,35,1,0.148532,0.282456,0.630137,0.882162,1,0.1,0.436051,2.97523,2,0.468373,1,2,0.65,0.65,1,0.000774389,0.712623,1,1,1,1,1,0.114053,1,210,3.43599,1.16773,0.959577,1,10,0.0983854,1.16996,0,4.22827,0,0.0096004,0,0,0,1,0.5,2.32498,0.671868,0.1,0.408685,0.1,0.25,0.25,10,0.348731,0.1,0.1,0.241479,0.0304,0.028339,0.000779559,0.0254685,1,0.075,4.5,114,487,295,171,1,12,0.809174,0.887988,0.00916667
861,0,1,0.9,2.4496,0,0.856609,0.0348138,0,1,1,1,1,1,1,0.446426,0,0,0,0,0,0.300842,0.0283394,0.75,0.1,2.23071,2.60912,2.74625,3,1,1,1,4.5,33,35,1,0.148532,0.282456,0.630137,0.882162,1,0.1,0.436051,2.97523,2,0.468373,1,2,0.65,0.65,1,0.0396618,0.977342,1,1,1,1,1,0.019483,1,210,3.43599,1.16773,0.959577,1,10,0.0453801,1.10103,0,0.023079,0,0.128175,0,0,0,1,0.5,2.32498,0.671868,0.1,0.408685,0.1,0.25,0.25,10,0.348731,0.1,0.1,0.241479,0.0304,0.028339,0.000779559,0.0254685,1,0.075,4.5,114,487,295,171,1,12,1,0.925022,0
862,0,1,0.9,1.23008,0,1.02133,0.0455534,0,1,1,1,1,1,1,0.142327,0,0,0,0,0,1,0.96963,0.75,0.1,2.23071,2.60912,2.74625,3,1,1,1,4.5,33,35,1,0.148532,0.282456,0.630137,0.882162,1,0.1,0.436051,2.97523,2,0.468373,1,2,0.65,0.65,1,0.00574359,2.99395,1,1,1,1,1,1.22152,1.22152,210,3.43599,1.16773,0.959577,1,10,0.00804261,4.48585,0,0.527312,0,0.062135,0,0,0,1,0.5,2.32498,0.671868,0.1,0.408685,0.1,0.25,0.25,10,0.348731,0.1,0.1,0.241479,0.0304,0.028339,0.000779559,0.0254685,1,0.075,4.5,114,487,295,171,1,12,0.964216,0.835307,6.48645e-13
863,0,1,0.9,0.9,0,0.959524,0.0433804,0,1,1,1,1,1,1,0.222149,0,0,0,0,0,0.114576,1,0.75,0.1,2.23071,2.60912,2.74625,3,1,1,1,4.5,33,35,1,0.148532,0.282456,0.630137,0.882162,1,0.1,0.436051,2.97523,2,0.468373,1,2,0.65,0.65,1,0.00343413,0.287351,1,1,1,1,1,0.269775,1,210,3.43599,1.16773,0.959577,1,10,0.0548677,2.57579,0,0.711409,0,0.0991635,0,0,0,1,0.5,2.32498,0.671868,0.1,0.408685,0.1,0.25,0.25,10,0.348731,0.1,0.1,0.241479,0.0304,0.028339,0.000779559,0.0254685,1,0.075,4.5,114,487,295,171,1,12,1,0.955596,0
864,0,1,0.9,0.9,0,1.07165,0.0460467,0,1,1,1,1,1,1,0.248738,0,0,0,0,0,0.319903,0.318442,0.75,0.1,2.23071,2.60912,2.74625,3,1,1,1,4.5,33,35,1,0.148532,0.282456,0.630137,0.882162,1,0.1,0.436051,2.97523,2,0.468373,1,2,0.65,0.65,1,0.0915243,0.472814,1,1,1,1,1,0.02786,1,210,3.43599,1.16773,0.959577,1,10,0.110195,0.264771,0,0.0751408,0,0.0289044,0,0,0,1,0.5,2.32498,0.671868,0.1,0.408685,0.1,0.25,0.25,10,0.348731,0.1,0.1,0.241479,0.0304,0.028339,0.000779559,0.0254685,1,0.075,4.5,114,487,295,171,1,12,1,1,4.0572e-09
865,0,1,0.9,0.944312,0,0.834208,0.0392807,0,1,1,1,1,1,1,0.809098,0,0,0,0,0,0.409772,1,0.75,0.1,2.23071,2.60912,2.74625,3,1,1,1,4.5,33,35,1,0.148532,0.282456,0.630137,0.882162,1,0.1,0.436051,2.97523,2,0.468373,1,2,0.65,0.65,1,0.106567,5.86334,1,1,1,1,1,1.26897,1.26897,210,3.43599,1.16773,0.959577,1,10,0.185166,0.858577,0,0.658322,0,0.000425713,0,0,0,1,0.5,2.32498,0.671868,0.1,0.408685,0.1,0.25,0.25,10,0.348731,0.1,0.1,0.241479,0.0304,0.028339,0.000779559,0.0254685,1,0.075,4.5,114,487,295,171,1,12,0.894219,1,1.59762e-13
866,0,1,0.9,1.94197,0,1.06236,0.0403684,0,1,1,1,1,1,1,0.36243,0,0,0,0,0,0.42342,0.104058,0.75,0.1,2.23071,2.60912,2.74625,3,1,1,1,4.5,33,35,1,0.148532,0.282456,0.630137,0.882162,1,0.1,0.436051,2.97523,2,0.468373,1,2,0.65,0.65,1,0.00321128,0.747454,1,1,1,1,1,0.00251553,1,210,3.43599,1.16773,0.959577,1,10,0.259925,13.3073,0,0.481523,0,0.0376299,0,0,0,1,0.5,2.32498,0.671868,0.1,0.408685,0.1,0.25,0.25,10,0.348731,0.1,0.1,0.241479,0.0304,0.028339,0.000779559,0.0254685,1,0.075,4.5,114,487,295,171,1,12,0.982431,0.936319,0
867,0,1,0.9,0.9,0,0.940799,0.0382038,0,1,1,1,1,1,1,0.0509775,0,0,0,0,0,0.0574961,0.363191,0.75,0.1,2.23071,2.60912,2.74625,3,1,1,1,4.5,33,35,1,0.148532,0.282456,0.630137,0.882162,1,0.1,0.436051,2.97523,2,0.468373,1,2,0.65,0.65,1,0.00898961,1.09003,1,1,1,1,1,0.00578161,1,210,3.43599,1.16773,0.959577,1,10,0.0722324,0.789199,0,5.41629,0,0.00157017,0,0,0,1,0.5,2.32498,0.671868,0.1,0.408685,0.1,0.25,0.25,10,0.348731,0.1,0.1,0.241479,0.0304,0.028339,0.000779559,0.0254685,1,0.075,4.5,114,487,295,171,1,12,1,0.922177,0.000179637
868,0,1,0.9,1.53396,0,0.954202,0.0413349,0,1,1,1,1,1,1,0.582097,0,0,0,0,0,0.531883,0.266019,0.75,0.1,2.23071,2.60912,2.74625,3,1,1,1,4.5,33,35,1,0.148532,0.282456,0.630137,0.882162,1,0.1,0.436051,2.97523,2,0.468373,1,2,0.65,0.65,1,0.00112211,0.593962,1,1,1,1,1,0.00285814,1,210,3.43599,1.16773,0.959577,1,10,0.346912,4.05252,0,0.110472,0,0.129562,0,0,0,1,0.5,2.32498,0.671868,0.1,0.408685,0.1,0.25,0.25,10,0.348731,0.1,0.1,0.241479,0.0304,0.028339,0.000779559,0.0254685,1,0.075,4.5,114,487,295,171,1,12,0.879953,0.886718,5.19942e-14
869,0,1,0.9,5.72584,0,0.998658,0.0485088,0,1,1,1,1,1,1,0.587434,0,0,0,0,0,1,1,0.75,0.1,2.23071,2.60912,2.74625,3,1,1,1,4.5,33,35,1,0.148532,0.282456,0.630137,0.882162,1,0.1,0.436051,2.97523,2,0.468373,1,2,0.65,0.65,1,0.000761081,1.13853,1,1,1,1,1,0.000727272,1,210,3.43599,1.16773,0.959577,1,10,0.0535995,2.098,0,0.0986503,0,0.146901,0,0,0,1,0.5,2.32498,0.671868,0.1,0.408685,0.1,0.25,0.25,10,0.348731,0.1,0.1,0.241479,0.0304,0.028339,0.000779559,0.0254685,1,0.075,4.5,114,487,295,171,1,12,0.889293,0.989164,0.00960555
870,0,1,0.9,0.9,0,1.02105,0.0343258,0,1,1,1,1,1,1,0.603646,0,0,0,0,0,1,0.275299,0.75,0.1,2.23071,2.60912,2.74625,3,1,1,1,4.5,33,35,1,0.148532,0.282456,0.630137,0.882162,1,0.1,0.436051,2.97523,2,0.468373,1,2,0.65,0.65,1,0.00469764,0.869264,1,1,1,1,1,0.346545,1,210,3.43599,1.16773,0.959577,1,10,0.0179122,1.87984,0,20.7457,0,0.00453917,0,0,0,1,0.5,2.32498,0.671868,0.1,0.408685,0.1,0.25,0.25,10,0.348731,0.1,0.1,0.241479,0.0304,0.028339,0.000779559,0.0254685,1,0.075,4.5,114,487,295,171,1,12,1,0.857423,0.000179637
871,0,1,0.9,0.9,0,0.971734,0.0403611,0,1,1,1,1,1,1,0.469854,0,0,0,0,0,1,0.0619644,0.75,0.1,2.23071,2.60912,2.74625,3,1,1,1,4.5,33,35,1,0.148532,0.282456,0.630137,0.882162,1,0.1,0.436051,2.97523,2,0.468373,1,2,0.65,0.65,1,0.000882284,2.36763,1,1,1,1,1,0.0200059,1,210,3.43599,1.16773,0.959577,1,10,0.0551388,0.622082,0,0.0980445,0,10.6619,0,0,0,1,0.5,2.32498,0.671868,0.1,0.408685,0.1,0.25,0.25,10,0.348731,0.1,0.1,0.241479,0.0304,0.028339,0.000779559,0.0254685,1,0.075,4.5,114,487,295,171,1,12,1,0.742113,0
872,0,1,0.9,3.2715,0,0.846047,0.0391227,0,1,1,1,1,1,1,1,0,0,0,0,0,0.421641,0.243002,0.75,0.1,2.23071,2.60912,2.74625,3,1,1,1,4.5,33,35,1,0.148532,0.282456,0.630137,0.882162,1,0.1,0.436051,2.97523,2,0.468373,1,2,0.65,0.65,1,0.0925697,2.04974,1,1,1,1,1,0.00385009,1,210,3.43599,1.16773,0.959577,1,10,0.101025,3.80566,0,15.154,0,0.0509468,0,0,0,1,0.5,2.32498,0.671868,0.1,0.408685,0.1,0.25,0.25,10,0.348731,0.1,0.1,0.241479,0.0304,0.028339,0.000779559,0.0254685,1,0.075,4.5,114,487,295,171,1,12,1,0.860066,8.35473e-15
873,0,1,0.9,1.19981,0,1.08619,0.0392281,0,1,1,1,1,1,1,0.198918,0,0,0,0,0,0.202829,1,0.75,0.1,2.23071,2.60912,2.74625,3,1,1,1,4.5,33,35,1,0.148532,0.282456,0.630137,0.882162,1,0.1,0.436051,2.97523,2,0.468373,1,2,0.65,0.65,1,2.32021e-05,1.18951,1,1,1,1,1,0.044117,1,210,3.43599,1.16773,0.959577,1,10,0.0621534,0.802195,0,2.0679,0,0.0258433,0,0,0,1,0.5,2.32498,0.671868,0.1,0.408685,0.1,0.25,0.25,10,0.348731,0.1,0.1,0.241479,0.0304,0.028339,0.000779559,0.0254685,1,0.075,4.5,114,487,295,171,1,12,1,0.99316,0.000179637
874,0,1,0.9,1.86307,0,0.845659,0.0394523,0,1,1,1,1,1,1,0.241774,0,0,0,0,0,0.320447,1,0.75,0.1,2.23071,2.60912,2.74625,3,1,1,1,4.5,33,35,1,0.148532,0.282456,0.630137,0.882162,1,0.1,0.436051,2.97523,2,0.468373,1,2,0.65,0.65,1,0.0671967,1.98722,1,1,1,1,1,0.0112165,1,210,3.43599,1.16773,0.959577,1,10,0.033483,17.9071,0,0.754162,0,0.0784234,0,0,0,1,0.5,2.32498,0.671868,0.1,0.408685,0.1,0.25,0.25,10,0.348731,0.1,0.1,0.241479,0.0304,0.028339,0.000779559,0.0254685,1,0.075,4.5,114,487,295,171,1,12,1,0.973916,2.18521e-13
875,0,1,0.9,3.50491,0,0.984581,0.043982,0,1,1,1,1,1,1,0.221455,0,0,0,0,0,0.203032,1,0.75,0.1,2.23071,2.60912,2.74625,3,1,1,1,4.5,33,35,1,0.148532,0.282456,0.630137,0.882162,1,0.1,0.436051,2.97523,2,0.468373,1,2,0.65,0.65,1,0.0126345,0.166736,1,1,1,1,1,0.251427,1,210,3.43599,1.16773,0.959577,1,10,0.0603515,0.678495,0,0.0322947,0,0.0358263,0,0,0,1,0.5,2.32498,0.671868,0.1,0.408685,0.1,0.25,0.25,10,0.348731,0.1,0.1,0.241479,0.0304,0.028339,0.000779559,0.0254685,1,0.075,4.5,114,487,295,171,1,12,1,0.846147,0.000179637
876,0,1,0.9,1.45854,0,0.969182,0.0362948,0,1,1,1,1,1,1,0.780155,0,0,0,0,0,0.272849,0.204637,0.75,0.1,2.23071,2.60912,2.74625,3,1,1,1,4.5,33,35,1,0.148532,0.282456,0.630137,0.882162,1,0.1,0.436051,2.97523,2,0.468373,1,2,0.65,0.65,1,0.0564255,0.392618,1,1,1,1,1,0.306235,1,210,3.43599,1.16773,0.959577,1,10,0.0492344,1.68728,0,1.56501,0,0.178647,0,0,0,1,0.5,2.32498,0.671868,0.1,0.408685,0.1,0.25,0.25,10,0.348731,0.1,0.1,0.241479,0.0304,0.028339,0.000779559,0.0254685,1,0.075,4.5,114,487,295,171,1,12,1,0.939392,0
877,0,1,0.9,0.9,0,1.01103,0.040923,0,1,1,1,1,1,1,0.259464,0,0,0,0,0,0.0590671,0.743088,0.75,0.1,2.23071,2.60912,2.74625,3,1,1,1,4.5,33,35,1,0.148532,0.282456,0.630137,0.882162,1,0.1,0.436051,2.97523,2,0.468373,1,2,0.65,0.65,1,0.0944652,5.52369,1,1,1,1,1,0.534624,1,210,3.43599,1.16773,0.959577,1,10,0.0254458,0.877696,0,4.36322,0,1.14417,0,0,0,1,0.5,2.32498,0.671868,0.1,0.408685,0.1,0.25,0.25,10,0.348731,0.1,0.1,0.241479,0.0304,0.028339,0.000779559,0.0254685,1,0.075,4.5,114,487,295,171,1,12,0.790883,0.988304,0.00119048
878,0,1,0.9,0.9,0,0.949533,0.038817,0,1,1,1,1,1,1,1,0,0,0,0,0,1,0.213595,0.75,0.1,2.23071,2.60912,2.74625,3,1,1,1,4.5,33,35,1,0.148532,0.282456,0.630137,0.882162,1,0.1,0.436051,2.97523,2,0.468373,1,2,0.65,0.65,1,0.83408,2.67476,1,1,1,1,1,4.24132,4.24132,210,3.43599,1.16773,0.959577,1,10,0.237041,1.76231,0,0.206034,0,0.0139816,0,0,0,1,0.5,2.32498,0.671868,0.1,0.408685,0.1,0.25,0.25,10,0.348731,0.1,0.1,0.241479,0.0304,0.028339,0.000779559,0.0254685,1,0.075,4.5,114,487,295,171,1,12,1,0.925282,8.35473e-15
879,0,1,0.9,2.62153,0,0.985368,0.0385011,0,1,1,1,1,1,1,1,0,0,0,0,0,1,0.619486,0.75,0.1,2.23071,2.60912,2.74625,3,1,1,1,4.5,33,35,1,0.148532,0.282456,0.630137,0.882162,1,0.1,0.436051,2.97523,2,0.468373,1,2,0.65,0.65,1,0.0146014,2.40134,1,1,1,1,1,1.17111,1.17111,210,3.43599,1.16773,0.959577,1,10,0.109756,2.42487,0,0.0469301,0,0.214682,0,0,0,1,0.5,2.32498,0.671868,0.1,0.408685,0.1,0.25,0.25,10,0.348731,0.1,0.1,0.241479,0.0304,0.028339,0.000779559,0.0254685,1,0.075,4.5,114,487,295,171,1,12,1,0.817899,0
880,0,1,0.9,0.9,0,0.952682,0.0408161,0,1,1,1,1,1,1,0.49398,0,0,0,0,0,0.396681,1,0.75,0.1,2.23071,2.60912,2.74625,3,1,1,1,4.5,33,35,1,0.148532,0.282456,0.630137,0.882162,1,0.1,0.436051,2.97523,2,0.468373,1,2,0.65,0.65,1,0.000511702,2.91798,1,1,1,1,1,0.255859,1,210,3.43599,1.16773,0.959577,1,10,0.236767,0.36202,0,0.437605,0,0.592223,0,0,0,1,0.5,2.32498,0.671868,0.1,0.408685,0.1,0.25,0.25,10,0.348731,0.1,0.1,0.241479,0.0304,0.028339,0.000779559,0.0254685,1,0.075,4.5,114,487,295,171,1,12,1,0.825181,0
881,0,1,0.9,0.966484,0,0.962948,0.0391576,0,1,1,1,1,1,1,1,0,0,0,0,0,0.39625,0.263637,0.75,0.1,2.23071,2.60912,2.74625,3,1,1,1,4.5,33,35,1,0.148532,0.282456,0.630137,0.882162,1,0.1,0.436051,2.97523,2,0.468373,1,2,0.65,0.65,1,0.0105829,2.18639,1,1,1,1,1,0.0473173,1,210,3.43599,1.16773,0.959577,1,10,0.079185,1.53328,0,0.447506,0,0.667674,0,0,0,1,0.5,2.32498,0.671868,0.1,0.408685,0.1,0.25,0.25,10,0.348731,0.1,0.1,0.241479,0.0304,0.028339,0.000779559,0.0254685,1,0.075,4.5,114,487,295,171,1,12,1,0.89033,5.19942e-14
882,0,1,0.9,1.79231,0,0.853013,0.0340808,0,1,1,1,1,1,1,1,0,0,0,0,0,1,1,0.75,0.1,2.23071,2.60912,2.74625,3,1,1,1,4.5,33,35,1,0.148532,0.282456,0.630137,0.882162,1,0.1,0.436051,2.97523,2,0.468373,1,2,0.65,0.65,1,0.011769,2.85494,1,1,1,1,1,0.00301289,1,210,3.43599,1.16773,0.959577,1,10,0.0125482,1.95422,0,17.6016,0,0.0512538,0,0,0,1,0.5,2.32498,0.671868,0.1,0.408685,0.1,0.25,0.25,10,0.348731,0.1,0.1,0.241479,0.0304,0.028339,0.000779559,0.0254685,1,0.075,4.5,114,487,295,171,1,12,1,0.87545,1.60209e-13
883,0,1,0.9,1.76454,0,1.01171,0.0415312,0,1,1,1,1,1,1,0.659194,0,0,0,0,0,0.451237,1,0.75,0.1,2.23071,2.60912,2.74625,3,1,1,1,4.5,33,35,1,0.148532,0.282456,0.630137,0.882162,1,0.1,0.436051,2.97523,2,0.468373,1,2,0.65,0.65,1,0.011954,2.01749,1,1,1,1,1,0.0203271,1,210,3.43599,1.16773,0.959577,1,10,0.473747,0.592518,0,0.0102733,0,0.320318,0,0,0,1,0.5,2.32498,0.671868,0.1,0.408685,0.1,0.25,0.25,10,0.348731,0.1,0.1,0.241479,0.0304,0.028339,0.000779559,0.0254685,1,0.075,4.5,114,487,295,171,1,12,0.878674,1,4.01339e-13
884,0,1,0.9,0.9,0,1.03894,0.03051,0,1,1,1,1,1,1,0.698864,0,0,0,0,0,0.615628,0.210807,0.75,0.1,2.23071,2.60912,2.74625,3,1,1,1,4.5,33,35,1,0.148532,0.282456,0.630137,0.882162,1,0.1,0.436051,2.97523,2,0.468373,1,2,0.65,0.65,1,0.00635584,0.625819,1,1,1,1,1,0.00225124,1,210,3.43599,1.16773,0.959577,1,10,0.018242,4.26014,0,0.10975,0,0.0108127,0,0,0,1,0.5,2.32498,0.671868,0.1,0.408685,0.1,0.25,0.25,10,0.348731,0.1,0.1,0.241479,0.0304,0.028339,0.000779559,0.0254685,1,0.075,4.5,114,487,295,171,1,12,0.813447,1,0
885,0,1,0.9,1.23107,0,0.918342,0.0364033,0,1,1,1,1,1,1,1,0,0,0,0,0,0.172846,0.1076,0.75,0.1,2.23071,2.60912,2.74625,3,1,1,1,4.5,33,35,1,0.148532,0.282456,0.630137,0.882162,1,0.1,0.436051,2.97523,2,0.468373,1,2,0.65,0.65,1,0.021011,5.13649,1,1,1,1,1,0.0331502,1,210,3.43599,1.16773,0.959577,1,10,0.188368,2.72808,0,1.71645,0,0.238555,0,0,0,1,0.5,2.32498,0.671868,0.1,0.408685,0.1,0.25,0.25,10,0.348731,0.1,0.1,0.241479,0.0304,0.028339,0.000779559,0.0254685,1,0.075,4.5,114,487,295,171,1,12,0.892251,0.877537,0.00119048
886,0,1,0.9,1.12954,0,1.12533,0.0397109,0,1,1,1,1,1,1,1,0,0,0,0,0,0.338641,1,0.75,0.1,2.23071,2.60912,2.74625,3,1,1,1,4.5,33,35,1,0.148532,0.282456,0.630137,0.882162,1,0.1,0.436051,2.97523,2,0.468373,1,2,0.65,0.65,1,0.00178302,3.05251,1,1,1,1,1,0.0535011,1,210,3.43599,1.16773,0.959577,1,10,0.0464888,4.14484,0,0.763691,0,0.0757602,0,0,0,1,0.5,2.32498,0.671868,0.1,0.408685,0.1,0.25,0.25,10,0.348731,0.1,0.1,0.241479,0.0304,0.028339,0.000779559,0.0254685,1,0.075,4.5,114,487,295,171,1,12,1,0.846929,2.08e-13
887,0,1,0.9,0.9,0,0.969591,0.0354018,0,1,1,1,1,1,1,0.762799,0,0,0,0,0,0.226008,0.242712,0.75,0.1,2.23071,2.60912,2.74625,3,1,1,1,4.5,33,35,1,0.148532,0.282456,0.630137,0.882162,1,0.1,0.436051,2.97523,2,0.468373,1,2,0.65,0.65,1,0.0109254,3.75392,1,1,1,1,1,0.2248,1,210,3.43599,1.16773,0.959577,1,10,0.0729802,2.72037,0,0.363409,0,0.145643,0,0,0,1,0.5,2.32498,0.671868,0.1,0.408685,0.1,0.25,0.25,10,0.348731,0.1,0.1,0.241479,0.0304,0.028339,0.000779559,0.0254685,1,0.075,4.5,114,487,295,171,1,12,1,0.811471,0
888,0,1,0.9,0.9,0,1.18987,0.0383259,0,1,1,1,1,1,1,0.206645,0,0,0,0,0,0.114381,0.787419,0.75,0.1,2.23071,2.60912,2.74625,3,1,1,1,4.5,33,35,1,0.148532,0.282456,0.630137,0.882162,1,0.1,0.436051,2.97523,2,0.468373,1,2,0.65,0.65,1,0.00476761,4.7713,1,1,1,1,1,0.0969158,1,210,3.43599,1.16773,0.959577,1,10,0.086966,1.33106,0,6.07109,0,0.000681289,0,0,0,1,0.5,2.32498,0.671868,0.1,0.408685,0.1,0.25,0.25,10,0.348731,0.1,0.1,0.241479,0.0304,0.028339,0.000779559,0.0254685,1,0.075,4.5,114,487,295,171,1,12,0.95,0.920149,5.43993e-13
889,0,1,0.9,1.17268,0,0.89434,0.0409321,0,1,1,1,1,1,1,0.0932748,0,0,0,0,0,1,1,0.75,0.1,2.23071,2.60912,2.74625,3,1,1,1,4.5,33,35,1,0.148532,0.282456,0.630137,0.882162,1,0.1,0.436051,2.97523,2,0.468373,1,2,0.65,0.65,1,0.0101037,0.828119,1,1,1,1,1,0.00754015,1,210,3.43599,1.16773,0.959577,1,10,0.017299,0.322867,0,0.0701768,0,0.0155468,0,0,0,1,0.5,2.32498,0.671868,0.1,0.408685,0.1,0.25,0.25,10,0.348731,0.1,0.1,0.241479,0.0304,0.028339,0.000779559,0.0254685,1,0.075,4.5,114,487,295,171,1,12,1,0.894689,0.000179637
890,0,1,0.9,0.9,0,0.789789,0.038615,0,1,1,1,1,1,1,0.378411,0,0,0,0,0,1,0.517192,0.75,0.1,2.23071,2.60912,2.74625,3,1,1,1,4.5,33,35,1,0.148532,0.282456,0.630137,0.882162,1,0.1,0.436051,2.97523,2,0.468373,1,2,0.65,0.65,1,0.000836582,0.974977,1,1,1,1,1,0.240283,1,210,3.43599,1.16773,0.959577,1,10,0.00703609,1.24246,0,0.637775,0,0.109288,0,0,0,1,0.5,2.32498,0.671868,0.1,0.408685,0.1,0.25,0.25,10,0.348731,0.1,0.1,0.241479,0.0304,0.028339,0.000779559,0.0254685,1,0.075,4.5,114,487,295,171,1,12,0.838172,0.82105,2.08e-13
891,0,1,0.9,2.63818,0,0.902827,0.0368859,0,1,1,1,1,1,1,0.312567,0,0,0,0,0,0.0544202,0.453381,0.75,0.1,2.23071,2.60912,2.74625,3,1,1,1,4.5,33,35,1,0.148532,0.282456,0.630137,0.882162,1,0.1,0.436051,2.97523,2,0.468373,1,2,0.65,0.65,1,0.00633022,0.862599,1,1,1,1,1,0.00105727,1,210,3.43599,1.16773,0.959577,1,10,0.0153264,0.440438,0,0.189114,0,0.128819,0,0,0,1,0.5,2.32498,0.671868,0.1,0.408685,0.1,0.25,0.25,10,0.348731,0.1,0.1,0.241479,0.0304,0.028339,0.000779559,0.0254685,1,0.075,4.5,114,487,295,171,1,12,0.980295,0.775952,0.000179637
892,0,1,0.9,0.9,0,0.841964,0.0402353,0,1,1,1,1,1,1,0.643076,0,0,0,0,0,0.409245,0.603635,0.75,0.1,2.23071,2.60912,2.74625,3,1,1,1,4.5,33,35,1,0.148532,0.282456,0.630137,0.882162,1,0.1,0.436051,2.97523,2,0.468373,1,2,0.65,0.65,1,0.00196073,0.127924,1,1,1,1,1,0.0164908,1,210,3.43599,1.16773,0.959577,1,10,0.0046438,1.83464,0,1.00702,0,0.138556,0,0,0,1,0.5,2.32498,0.671868,0.1,0.408685,0.1,0.25,0.25,10,0.348731,0.1,0.1,0.241479,0.0304,0.028339,0.000779559,0.0254685,1,0.075,4.5,114,487,295,171,1,12,0.972324,0.862089,4.0572e-09
893,0,1,0.9,1.06085,0,1.03709,0.0384714,0,1,1,1,1,1,1,0.319226,0,0,0,0,0,0.142917,0.336964,0.75,0.1,2.23071,2.60912,2.74625,3,1,1,1,4.5,33,35,1,0.148532,0.282456,0.630137,0.882162,1,0.1,0.436051,2.97523,2,0.468373,1,2,0.65,0.65,1,0.000808162,6.04313,1,1,1,1,1,0.192043,1,210,3.43599,1.16773,0.959577,1,10,0.0949757,0.907851,0,0.029687,0,0.0235209,0,0,0,1,0.5,2.32498,0.671868,0.1,0.408685,0.1,0.25,0.25,10,0.348731,0.1,0.1,0.241479,0.0304,0.028339,0.000779559,0.0254685,1,0.075,4.5,114,487,295,171,1,12,0.971733,0.734484,0
894,0,1,0.9,1.54858,0,1.12307,0.0421847,0,1,1,1,1,1,1,0.219902,0,0,0,0,0,0.459442,0.771814,0.75,0.1,2.23071,2.60912,2.74625,3,1,1,1,4.5,33,35,1,0.148532,0.282456,0.630137,0.882162,1,0.1,0.436051,2.97523,2,0.468373,1,2,0.65,0.65,1,0.000335591,2.06215,1,1,1,1,1,0.331079,1,210,3.43599,1.16773,0.959577,1,10,0.0294722,1.44618,0,0.681565,0,0.0911076,0,0,0,1,0.5,2.32498,0.671868,0.1,0.408685,0.1,0.25,0.25,10,0.348731,0.1,0.1,0.241479,0.0304,0.028339,0.000779559,0.0254685,1,0.075,4.5,114,487,295,171,1,12,0.827234,0.946799,0.00263158
895,0,1,0.9,1.55262,0,0.964991,0.0377459,0,1,1,1,1,1,1,0.500643,0,0,0,0,0,0.486101,1,0.75,0.1,2.23071,2.60912,2.74625,3,1,1,1,4.5,33,35,1,0.148532,0.282456,0.630137,0.882162,1,0.1,0.436051,2.97523,2,0.468373,1,2,0.65,0.65,1,0.0050905,6.32477,1,1,1,1,1,0.0022693,1,210,3.43599,1.16773,0.959577,1,10,0.0614035,1.58378,0,1.05379,0,0.895101,0,0,0,1,0.5,2.32498,0.671868,0.1,0.408685,0.1,0.25,0.25,10,0.348731,0.1,0.1,0.241479,0.0304,0.028339,0.000779559,0.0254685,1,0.075,4.5,114,487,295,171,1,12,0.998728,0.945673,0.00119048
896,0,1,0.9,2.48611,0,0.985562,0.0393053,0,1,1,1,1,1,1,0.438528,0,0,0,0,0,1,1,0.75,0.1,2.23071,2.60912,2.74625,3,1,1,1,4.5,33,35,1,0.148532,0.282456,0.630137,0.882162,1,0.1,0.436051,2.97523,2,0.468373,1,2,0.65,0.65,1,0.000776296,1.0466,1,1,1,1,1,0.0244876,1,210,3.43599,1.16773,0.959577,1,10,0.0079898,14.0765,0,0.292196,0,0.104373,0,0,0,1,0.5,2.32498,0.671868,0.1,0.408685,0.1,0.25,0.25,10,0.348731,0.1,0.1,0.241479,0.0304,0.028339,0.000779559,0.0254685,1,0.075,4.5,114,487,295,171,1,12,0.989529,0.900017,0
897,0,1,0.9,1.04812,0,0.96769,0.0393068,0,1,1,1,1,1,1,0.187869,0,0,0,0,0,0.206224,1,0.75,0.1,2.23071,2.60912,2.74625,3,1,1,1,4.5,33,35,1,0.148532,0.282456,0.630137,0.882162,1,0.1,0.436051,2.97523,2,0.468373,1,2,0.65,0.65,1,0.0839848,5.20216,1,1,1,1,1,0.00637007,1,210,3.43599,1.16773,0.959577,1,10,0.00984751,0.802339,0,0.475818,0,0.14501,0,0,0,1,0.5,2.32498,0.671868,0.1,0.408685,0.1,0.25,0.25,10,0.348731,0.1,0.1,0.241479,0.0304,0.028339,0.000779559,0.0254685,1,0.075,4.5,114,487,295,171,1,12,1,0.931396,1.73294e-13
898,0,1,0.9,5.78165,0,1.11058,0.0376684,0,1,1,1,1,1,1,1,0,0,0,0,0,0.72549,0.592499,0.75,0.1,2.23071,2.60912,2.74625,3,1,1,1,4.5,33,35,1,0.148532,0.282456,0.630137,0.882162,1,0.1,0.436051,2.97523,2,0.468373,1,2,0.65,0.65,1,0.000432038,1.74631,1,1,1,1,1,0.301401,1,210,3.43599,1.16773,0.959577,1,10,0.105479,4.53861,0,0.102245,0,0.00858485,0,0,0,1,0.5,2.32498,0.671868,0.1,0.408685,0.1,0.25,0.25,10,0.348731,0.1,0.1,0.241479,0.0304,0.028339,0.000779559,0.0254685,1,0.075,4.5,114,487,295,171,1,12,0.972857,0.956214,1.73294e-13
899,0,1,0.9,0.9,0,1.19507,0.0402953,0,1,1,1,1,1,1,0.545769,0,0,0,0,0,1,0.682338,0.75,0.1,2.23071,2.60912,2.74625,3,1,1,1,4.5,33,35,1,0.148532,0.282456,0.630137,0.882162,1,0.1,0.436051,2.97523,2,0.468373,1,2,0.65,0.65,1,0.0776544,0.390368,1,1,1,1,1,1.39044,1.39044,210,3.43599,1.16773,0.959577,1,10,0.0122684,1.04631,0,1.11447,0,0.00502345,0,0,0,1,0.5,2.32498,0.671868,0.1,0.408685,0.1,0.25,0.25,10,0.348731,0.1,0.1,0.241479,0.0304,0.028339,0.000779559,0.0254685,1,0.075,4.5,114,487,295,171,1,12,1,0.731664,0
900,0,1,0.9,6.95662,0,0.893605,0.0324614,0,1,1,1,1,1,1,0.339641,0,0,0,0,0,0.568424,0.824575,0.75,0.1,2.23071,2.60912,2.74625,3,1,1,1,4.5,33,35,1,0.148532,0.282456,0.630137,0.882162,1,0.1,0.436051,2.97523,2,0.468373,1,2,0.65,0.65,1,0.0190435,1.3094,1,1,1,1,1,0.0137346,1,210,3.43599,1.16773,0.959577,1,10,0.0555184,0.427757,0,0.961838,0,0.461823,0,0,0,1,0.5,2.32498,0.671868,0.1,0.408685,0.1,0.25,0.25,10,0.348731,0.1,0.1,0.241479,0.0304,0.028339,0.000779559,0.0254685,1,0.075,4.5,114,487,295,171,1,12,1,0.855651,1.23335e-08
901,0,1,0.9,2.03023,0,1.12453,0.0411788,0,1,1,1,1,1,1,0.223782,0,0,0,0,0,0.278023,0.328851,0.75,0.1,2.23071,2.60912,2.74625,3,1,1,1,4.5,33,35,1,0.148532,0.282456,0.630137,0.882162,1,0.1,0.436051,2.97523,2,0.468373,1,2,0.65,0.65,1,0.00828302,2.85148,1,1,1,1,1,0.00806333,1,210,3.43599,1.16773,0.959577,1,10,0.0129165,4.76481,0,0.000394203,0,0.0040853,0,0,0,1,0.5,2.32498,0.671868,0.1,0.408685,0.1,0.25,0.25,10,0.348731,0.1,0.1,0.241479,0.0304,0.028339,0.000779559,0.0254685,1,0.075,4.5,114,487,295,171,1,12,0.930357,0.770053,6.93088e-09
902,0,1,0.9,0.9,0,0.989445,0.0457517,0,1,1,1,1,1,1,0.380593,0,0,0,0,0,0.748133,0.615619,0.75,0.1,2.23071,2.60912,2.74625,3,1,1,1,4.5,33,35,1,0.148532,0.282456,0.630137,0.882162,1,0.1,0.436051,2.97523,2,0.468373,1,2,0.65,0.65,1,0.00626746,2.98151,1,1,1,1,1,0.0134554,1,210,3.43599,1.16773,0.959577,1,10,0.107818,0.26663,0,0.177755,0,0.295665,0,0,0,1,0.5,2.32498,0.671868,0.1,0.408685,0.1,0.25,0.25,10,0.348731,0.1,0.1,0.241479,0.0304,0.028339,0.000779559,0.0254685,1,0.075,4.5,114,487,295,171,1,12,0.993774,1,0.000179637
903,0,1,0.9,1.4214,0,1.00922,0.0433897,0,1,1,1,1,1,1,0.460724,0,0,0,0,0,1,0.16693,0.75,0.1,2.23071,2.60912,2.74625,3,1,1,1,4.5,33,35,1,0.148532,0.282456,0.630137,0.882162,1,0.1,0.436051,2.97523,2,0.468373,1,2,0.65,0.65,1,2.98806,2.98806,1,1,1,1,1,1.3773,1.3773,210,3.43599,1.16773,0.959577,1,10,0.0670827,2.50222,0,0.509617,0,0.939211,0,0,0,1,0.5,2.32498,0.671868,0.1,0.408685,0.1,0.25,0.25,10,0.348731,0.1,0.1,0.241479,0.0304,0.028339,0.000779559,0.0254685,1,0.075,4.5,114,487,295,171,1,12,1,0.873454,0.00263158
904,0,1,0.9,1.83007,0,1.21596,0.0449013,0,1,1,1,1,1,1,0.405985,0,0,0,0,0,0.193091,0.317209,0.75,0.1,2.23071,2.60912,2.74625,3,1,1,1,4.5,33,35,1,0.148532,0.282456,0.630137,0.882162,1,0.1,0.436051,2.97523,2,0.468373,1,2,0.65,0.65,1,0.00366406,8.75577,1,1,1,1,1,0.017576,1,210,3.43599,1.16773,0.959577,1,10,0.494226,0.543246,0,0.0858386,0,0.0470572,0,0,0,1,0.5,2.32498,0.671868,0.1,0.408685,0.1,0.25,0.25,10,0.348731,0.1,0.1,0.241479,0.0304,0.028339,0.000779559,0.0254685,1,0.075,4.5,114,487,295,171,1,12,1,0.825383,0.00263158
905,0,1,0.9,0.9,0,0.908502,0.0394283,0,1,1,1,1,1,1,0.226668,0,0,0,0,0,0.616742,0.347796,0.75,0.1,2.23071,2.60912,2.74625,3,1,1,1,4.5,33,35,1,0.148532,0.282456,0.630137,0.882162,1,0.1,0.436051,2.97523,2,0.468373,1,2,0.65,0.65,1,0.00845844,1.29757,1,1,1,1,1,0.0450188,1,210,3.43599,1.16773,0.959577,1,10,0.362652,1.9303,0,0.0293108,0,0.00913908,0,0,0,1,0.5,2.32498,0.671868,0.1,0.408685,0.1,0.25,0.25,10,0.348731,0.1,0.1,0.241479,0.0304,0.028339,0.000779559,0.0254685,1,0.075,4.5,114,487,295,171,1,12,1,0.943994,0
906,0,1,0.9,0.9,0,1.04652,0.0338395,0,1,1,1,1,1,1,0.884925,0,0,0,0,0,1,1,0.75,0.1,2.23071,2.60912,2.74625,3,1,1,1,4.5,33,35,1,0.148532,0.282456,0.630137,0.882162,1,0.1,0.436051,2.97523,2,0.468373,1,2,0.65,0.65,1,0.105114,0.402883,1,1,1,1,1,0.00304205,1,210,3.43599,1.16773,0.959577,1,10,0.136448,15.3847,0,0.167281,0,0.0304351,0,0,0,1,0.5,2.32498,0.671868,0.1,0.408685,0.1,0.25,0.25,10,0.348731,0.1,0.1,0.241479,0.0304,0.028339,0.000779559,0.0254685,1,0.075,4.5,114,487,295,171,1,12,1,0.944244,0
907,0,1,0.9,1.70199,0,0.925592,0.0397407,0,1,1,1,1,1,1,0.257949,0,0,0,0,0,0.119673,0.234748,0.75,0.1,2.23071,2.60912,2.74625,3,1,1,1,4.5,33,35,1,0.148532,0.282456,0.630137,0.882162,1,0.1,0.436051,2.97523,2,0.468373,1,2,0.65,0.65,1,0.00099593,3.44495,1,1,1,1,1,0.243109,1,210,3.43599,1.16773,0.959577,1,10,0.0610894,12.2914,0,10.3777,0,0.132399,0,0,0,1,0.5,2.32498,0.671868,0.1,0.408685,0.1,0.25,0.25,10,0.348731,0.1,0.1,0.241479,0.0304,0.028339,0.000779559,0.0254685,1,0.075,4.5,114,487,295,171,1,12,1,0.97993,0.00119048
908,0,1,0.9,0.9,0,0.915821,0.0433072,0,1,1,1,1,1,1,0.253417,0,0,0,0,0,0.365932,0.201569,0.75,0.1,2.23071,2.60912,2.74625,3,1,1,1,4.5,33,35,1,0.148532,0.282456,0.630137,0.882162,1,0.1,0.436051,2.97523,2,0.468373,1,2,0.65,0.65,1,0.00774172,0.83341,1,1,1,1,1,0.620989,1,210,3.43599,1.16773,0.959577,1,10,0.288035,2.74444,0,1.56096,0,0.0778404,0,0,0,1,0.5,2.32498,0.671868,0.1,0.408685,0.1,0.25,0.25,10,0.348731,0.1,0.1,0.241479,0.0304,0.028339,0.000779559,0.0254685,1,0.075,4.5,114,487,295,171,1,12,1,0.966075,0
909,0,1,0.9,0.9,0,0.949717,0.0372378,0,1,1,1,1,1,1,0.587265,0,0,0,0,0,0.803864,1,0.75,0.1,2.23071,2.60912,2.74625,3,1,1,1,4.5,33,35,1,0.148532,0.282456,0.630137,0.882162,1,0.1,0.436051,2.97523,2,0.468373,1,2,0.65,0.65,1,0.00280228,0.387909,1,1,1,1,1,0.0682384,1,210,3.43599,1.16773,0.959577,1,10,0.0567299,2.69873,0,0.602292,0,0.706532,0,0,0,1,0.5,2.32498,0.671868,0.1,0.408685,0.1,0.25,0.25,10,0.348731,0.1,0.1,0.241479,0.0304,0.028339,0.000779559,0.0254685,1,0.075,4.5,114,487,295,171,1,12,1,0.956475,0
910,0,1,0.9,9.1562,0,1.05974,0.052178,0,1,1,1,1,1,1,0.64517,0,0,0,0,0,0.612249,0.393581,0.75,0.1,2.23071,2.60912,2.74625,3,1,1,1,4.5,33,35,1,0.148532,0.282456,0.630137,0.882162,1,0.1,0.436051,2.97523,2,0.468373,1,2,0.65,0.65,1,0.187567,0.688,1,1,1,1,1,0.00146322,1,210,3.43599,1.16773,0.959577,1,10,0.048141,1.12065,0,3.30103,0,0.0106599,0,0,0,1,0.5,2.32498,0.671868,0.1,0.408685,0.1,0.25,0.25,10,0.348731,0.1,0.1,0.241479,0.0304,0.028339,0.000779559,0.0254685,1,0.075,4.5,114,487,295,171,1,12,0.802147,0.860209,0.0171524
911,0,1,0.9,0.9,0,1.10793,0.0409254,0,1,1,1,1,1,1,1,0,0,0,0,0,0.279299,1,0.75,0.1,2.23071,2.60912,2.74625,3,1,1,1,4.5,33,35,1,0.148532,0.282456,0.630137,0.882162,1,0.1,0.436051,2.97523,2,0.468373,1,2,0.65,0.65,1,0.000732498,3.80315,1,1,1,1,1,0.00369552,1,210,3.43599,1.16773,0.959577,1,10,0.0809875,1.02639,0,0.532204,0,0.503373,0,0,0,1,0.5,2.32498,0.671868,0.1,0.408685,0.1,0.25,0.25,10,0.348731,0.1,0.1,0.241479,0.0304,0.028339,0.000779559,0.0254685,1,0.075,4.5,114,487,295,171,1,12,0.899236,0.871909,2.08e-13
912,0,1,0.9,1.12628,0,1.12496,0.0346206,0,1,1,1,1,1,1,0.471534,0,0,0,0,0,0.20223,0.5802,0.75,0.1,2.23071,2.60912,2.74625,3,1,1,1,4.5,33,35,1,0.148532,0.282456,0.630137,0.882162,1,0.1,0.436051,2.97523,2,0.468373,1,2,0.65,0.65,1,0.0124353,0.391582,1,1,1,1,1,0.0115141,1,210,3.43599,1.16773,0.959577,1,10,0.0911608,3.59407,0,0.0943194,0,2.04158,0,0,0,1,0.5,2.32498,0.671868,0.1,0.408685,0.1,0.25,0.25,10,0.348731,0.1,0.1,0.241479,0.0304,0.028339,0.000779559,0.0254685,1,0.075,4.5,114,487,295,171,1,12,1,0.782042,0
913,0,1,0.9,3.50392,0,0.857225,0.0375055,0,1,1,1,1,1,1,0.453059,0,0,0,0,0,0.303227,0.626327,0.75,0.1,2.23071,2.60912,2.74625,3,1,1,1,4.5,33,35,1,0.148532,0.282456,0.630137,0.882162,1,0.1,0.436051,2.97523,2,0.468373,1,2,0.65,0.65,1,0.0108907,0.890299,1,1,1,1,1,0.0894756,1,210,3.43599,1.16773,0.959577,1,10,0.0167673,0.583068,0,0.0188753,0,2.17012,0,0,0,1,0.5,2.32498,0.671868,0.1,0.408685,0.1,0.25,0.25,10,0.348731,0.1,0.1,0.241479,0.0304,0.028339,0.000779559,0.0254685,1,0.075,4.5,114,487,295,171,1,12,0.956359,0.894886,0
914,0,1,0.9,0.9,0,0.984803,0.0355153,0,1,1,1,1,1,1,0.500662,0,0,0,0,0,1,1,0.75,0.1,2.23071,2.60912,2.74625,3,1,1,1,4.5,33,35,1,0.148532,0.282456,0.630137,0.882162,1,0.1,0.436051,2.97523,2,0.468373,1,2,0.65,0.65,1,0.0164485,1.15792,1,1,1,1,1,0.00392335,1,210,3.43599,1.16773,0.959577,1,10,0.0255254,1.26345,0,1.9209,0,0.245406,0,0,0,1,0.5,2.32498,0.671868,0.1,0.408685,0.1,0.25,0.25,10,0.348731,0.1,0.1,0.241479,0.0304,0.028339,0.000779559,0.0254685,1,0.075,4.5,114,487,295,171,1,12,1,0.873594,0
915,0,1,0.9,0.9,0,1.25716,0.0435487,0,1,1,1,1,1,1,1,0,0,0,0,0,0.438494,0.335526,0.75,0.1,2.23071,2.60912,2.74625,3,1,1,1,4.5,33,35,1,0.148532,0.282456,0.630137,0.882162,1,0.1,0.436051,2.97523,2,0.468373,1,2,0.65,0.65,1,0.00994512,2.90337,1,1,1,1,1,0.0146765,1,210,3.43599,1.16773,0.959577,1,10,0.186539,14.4685,0,0.0794255,0,0.0296207,0,0,0,1,0.5,2.32498,0.671868,0.1,0.408685,0.1,0.25,0.25,10,0.348731,0.1,0.1,0.241479,0.0304,0.028339,0.000779559,0.0254685,1,0.075,4.5,114,487,295,171,1,12,1,1,0.00263158
916,0,1,0.9,1.87126,0,0.984885,0.0375378,0,1,1,1,1,1,1,0.288912,0,0,0,0,0,0.11662,1,0.75,0.1,2.23071,2.60912,2.74625,3,1,1,1,4.5,33,35,1,0.148532,0.282456,0.630137,0.882162,1,0.1,0.436051,2.97523,2,0.468373,1,2,0.65,0.65,1,0.0155739,2.28465,1,1,1,1,1,0.0107203,1,210,3.43599,1.16773,0.959577,1,10,0.167469,1.62971,0,0.101232,0,0.487207,0,0,0,1,0.5,2.32498,0.671868,0.1,0.408685,0.1,0.25,0.25,10,0.348731,0.1,0.1,0.241479,0.0304,0.028339,0.000779559,0.0254685,1,0.075,4.5,114,487,295,171,1,12,0.991822,0.864834,5.19942e-14
917,0,1,0.9,0.9,0,0.916053,0.041254,0,1,1,1,1,1,1,1,0,0,0,0,0,0.600704,0.304362,0.75,0.1,2.23071,2.60912,2.74625,3,1,1,1,4.5,33,35,1,0.148532,0.282456,0.630137,0.882162,1,0.1,0.436051,2.97523,2,0.468373,1,2,0.65,0.65,1,0.00120099,1.05815,1,1,1,1,1,0.0395389,1,210,3.43599,1.16773,0.959577,1,10,0.106056,0.956928,0,0.814383,0,0.263548,0,0,0,1,0.5,2.32498,0.671868,0.1,0.408685,0.1,0.25,0.25,10,0.348731,0.1,0.1,0.241479,0.0304,0.028339,0.000779559,0.0254685,1,0.075,4.5,114,487,295,171,1,12,0.869099,0.815001,5.19942e-14
918,0,1,0.9,0.9,0,0.912645,0.0332275,0,1,1,1,1,1,1,1,0,0,0,0,0,1,0.959028,0.75,0.1,2.23071,2.60912,2.74625,3,1,1,1,4.5,33,35,1,0.148532,0.282456,0.630137,0.882162,1,0.1,0.436051,2.97523,2,0.468373,1,2,0.65,0.65,1,0.00581861,0.377385,1,1,1,1,1,0.00624611,1,210,3.43599,1.16773,0.959577,1,10,0.0211538,0.186836,0,0.0907697,0,0.00260119,0,0,0,1,0.5,2.32498,0.671868,0.1,0.408685,0.1,0.25,0.25,10,0.348731,0.1,0.1,0.241479,0.0304,0.028339,0.000779559,0.0254685,1,0.075,4.5,114,487,295,171,1,12,1,0.800946,0.000179637
919,0,1,0.9,0.9,0,1.07838,0.0381151,0,1,1,1,1,1,1,0.0553808,0,0,0,0,0,0.993231,1,0.75,0.1,2.23071,2.60912,2.74625,3,1,1,1,4.5,33,35,1,0.148532,0.282456,0.630137,0.882162,1,0.1,0.436051,2.97523,2,0.468373,1,2,0.65,0.65,1,0.000286479,1.26114,1,1,1,1,1,0.880132,1,210,3.43599,1.16773,0.959577,1,10,0.0187018,1.18022,0,2.65518,0,0.0623706,0,0,0,1,0.5,2.32498,0.671868,0.1,0.408685,0.1,0.25,0.25,10,0.348731,0.1,0.1,0.241479,0.0304,0.028339,0.000779559,0.0254685,1,0.075,4.5,114,487,295,171,1,12,1,0.980868,0.000179637
920,0,1,0.9,5.13627,0,1.11498,0.0380486,0,1,1,1,1,1,1,0.266541,0,0,0,0,0,0.66717,1,0.75,0.1,2.23071,2.60912,2.74625,3,1,1,1,4.5,33,35,1,0.148532,0.282456,0.630137,0.882162,1,0.1,0.436051,2.97523,2,0.468373,1,2,0.65,0.65,1,0.00472582,0.714055,1,1,1,1,1,0.0112122,1,210,3.43599,1.16773,0.959577,1,10,0.0116641,1.00948,0,5.19272,0,0.194879,0,0,0,1,0.5,2.32498,0.671868,0.1,0.408685,0.1,0.25,0.25,10,0.348731,0.1,0.1,0.241479,0.0304,0.028339,0.000779559,0.0254685,1,0.075,4.5,114,487,295,171,1,12,0.984336,0.905465,0
921,0,1,0.9,9.49919,0,0.935765,0.0342045,0,1,1,1,1,1,1,1,0,0,0,0,0,0.366026,0.499814,0.75,0.1,2.23071,2.60912,2.74625,3,1,1,1,4.5,33,35,1,0.148532,0.282456,0.630137,0.882162,1,0.1,0.436051,2.97523,2,0.468373,1,2,0.65,0.65,1,0.0291029,2.89952,1,1,1,1,1,0.146366,1,210,3.43599,1.16773,0.959577,1,10,0.130754,0.986385,0,0.200894,0,0.0715575,0,0,0,1,0.5,2.32498,0.671868,0.1,0.408685,0.1,0.25,0.25,10,0.348731,0.1,0.1,0.241479,0.0304,0.028339,0.000779559,0.0254685,1,0.075,4.5,114,487,295,171,1,12,1,1,0
922,0,1,0.9,0.9,0,1.06392,0.0415373,0,1,1,1,1,1,1,1,0,0,0,0,0,0.211986,0.281663,0.75,0.1,2.23071,2.60912,2.74625,3,1,1,1,4.5,33,35,1,0.148532,0.282456,0.630137,0.882162,1,0.1,0.436051,2.97523,2,0.468373,1,2,0.65,0.65,1,0.0121318,2.19469,1,1,1,1,1,0.276077,1,210,3.43599,1.16773,0.959577,1,10,0.0189684,0.938066,0,0.00732236,0,0.52359,0,0,0,1,0.5,2.32498,0.671868,0.1,0.408685,0.1,0.25,0.25,10,0.348731,0.1,0.1,0.241479,0.0304,0.028339,0.000779559,0.0254685,1,0.075,4.5,114,487,295,171,1,12,0.966359,0.910762,4.04524e-13
923,0,1,0.9,0.9,0,0.906971,0.0450555,0,1,1,1,1,1,1,0.385161,0,0,0,0,0,1,0.574546,0.75,0.1,2.23071,2.60912,2.74625,3,1,1,1,4.5,33,35,1,0.148532,0.282456,0.630137,0.882162,1,0.1,0.436051,2.97523,2,0.468373,1,2,0.65,0.65,1,0.00149832,0.31433,1,1,1,1,1,0.0762817,1,210,3.43599,1.16773,0.959577,1,10,0.112805,1.5352,0,2.6033,0,0.00952984,0,0,0,1,0.5,2.32498,0.671868,0.1,0.408685,0.1,0.25,0.25,10,0.348731,0.1,0.1,0.241479,0.0304,0.028339,0.000779559,0.0254685,1,0.075,4.5,114,487,295,171,1,12,0.988108,0.950868,0.000179637
924,0,1,0.9,1.03993,0,1.193,0.0479181,0,1,1,1,1,1,1,1,0,0,0,0,0,0.392529,0.794561,0.75,0.1,2.23071,2.60912,2.74625,3,1,1,1,4.5,33,35,1,0.148532,0.282456,0.630137,0.882162,1,0.1,0.436051,2.97523,2,0.468373,1,2,0.65,0.65,1,0.0502655,1.18344,1,1,1,1,1,4.72996,4.72996,210,3.43599,1.16773,0.959577,1,10,0.0967652,5.31514,0,0.276666,0,0.027442,0,0,0,1,0.5,2.32498,0.671868,0.1,0.408685,0.1,0.25,0.25,10,0.348731,0.1,0.1,0.241479,0.0304,0.028339,0.000779559,0.0254685,1,0.075,4.5,114,487,295,171,1,12,0.834432,0.954563,0.00916667
925,0,1,0.9,1.54069,0,1.06608,0.0415188,0,1,1,1,1,1,1,1,0,0,0,0,0,0.28565,0.581045,0.75,0.1,2.23071,2.60912,2.74625,3,1,1,1,4.5,33,35,1,0.148532,0.282456,0.630137,0.882162,1,0.1,0.436051,2.97523,2,0.468373,1,2,0.65,0.65,1,0.0011596,0.664315,1,1,1,1,1,0.012309,1,210,3.43599,1.16773,0.959577,1,10,0.061498,0.501542,0,0.763805,0,0.00775355,0,0,0,1,0.5,2.32498,0.671868,0.1,0.408685,0.1,0.25,0.25,10,0.348731,0.1,0.1,0.241479,0.0304,0.028339,0.000779559,0.0254685,1,0.075,4.5,114,487,295,171,1,12,0.915717,0.772103,0.0044812
926,0,1,0.9,0.9,0,1.05708,0.0463159,0,1,1,1,1,1,1,1,0,0,0,0,0,0.630566,1,0.75,0.1,2.23071,2.60912,2.74625,3,1,1,1,4.5,33,35,1,0.148532,0.282456,0.630137,0.882162,1,0.1,0.436051,2.97523,2,0.468373,1,2,0.65,0.65,1,0.000320517,0.706638,1,1,1,1,1,0.0186582,1,210,3.43599,1.16773,0.959577,1,10,0.0650063,1.71745,0,0.0119597,0,0.00567822,0,0,0,1,0.5,2.32498,0.671868,0.1,0.408685,0.1,0.25,0.25,10,0.348731,0.1,0.1,0.241479,0.0304,0.028339,0.000779559,0.0254685,1,0.075,4.5,114,487,295,171,1,12,0.912593,0.915867,0.000179637
927,0,1,0.9,1.65172,0,1.01578,0.0362779,0,1,1,1,1,1,1,0.518339,0,0,0,0,0,0.436339,1,0.75,0.1,2.23071,2.60912,2.74625,3,1,1,1,4.5,33,35,1,0.148532,0.282456,0.630137,0.882162,1,0.1,0.436051,2.97523,2,0.468373,1,2,0.65,0.65,1,0.0684245,0.327016,1,1,1,1,1,0.162349,1,210,3.43599,1.16773,0.959577,1,10,0.434616,1.50411,0,0.500891,0,0.0590868,0,0,0,1,0.5,2.32498,0.671868,0.1,0.408685,0.1,0.25,0.25,10,0.348731,0.1,0.1,0.241479,0.0304,0.028339,0.000779559,0.0254685,1,0.075,4.5,114,487,295,171,1,12,0.949348,0.925985,2.18521e-13
928,0,1,0.9,1.26371,0,1.06554,0.0336375,0,1,1,1,1,1,1,0.812248,0,0,0,0,0,0.233145,0.123215,0.75,0.1,2.23071,2.60912,2.74625,3,1,1,1,4.5,33,35,1,0.148532,0.282456,0.630137,0.882162,1,0.1,0.436051,2.97523,2,0.468373,1,2,0.65,0.65,1,0.000883974,0.187713,1,1,1,1,1,3.52424,3.52424,210,3.43599,1.16773,0.959577,1,10,0.04476,0.463243,0,0.0591107,0,0.0587978,0,0,0,1,0.5,2.32498,0.671868,0.1,0.408685,0.1,0.25,0.25,10,0.348731,0.1,0.1,0.241479,0.0304,0.028339,0.000779559,0.0254685,1,0.075,4.5,114,487,295,171,1,12,0.908041,0.923383,0.00263158
929,0,1,0.9,1.65395,0,0.826937,0.0397169,0,1,1,1,1,1,1,0.415579,0,0,0,0,0,1,0.693429,0.75,0.1,2.23071,2.60912,2.74625,3,1,1,1,4.5,33,35,1,0.148532,0.282456,0.630137,0.882162,1,0.1,0.436051,2.97523,2,0.468373,1,2,0.65,0.65,1,0.00296579,0.963718,1,1,1,1,1,0.100628,1,210,3.43599,1.16773,0.959577,1,10,0.0142983,7.64468,0,10.6826,0,0.606182,0,0,0,1,0.5,2.32498,0.671868,0.1,0.408685,0.1,0.25,0.25,10,0.348731,0.1,0.1,0.241479,0.0304,0.028339,0.000779559,0.0254685,1,0.075,4.5,114,487,295,171,1,12,0.931178,0.889342,0
930,0,1,0.9,0.9,0,1.06308,0.0383397,0,1,1,1,1,1,1,0.136855,0,0,0,0,0,0.636377,0.112239,0.75,0.1,2.23071,2.60912,2.74625,3,1,1,1,4.5,33,35,1,0.148532,0.282456,0.630137,0.882162,1,0.1,0.436051,2.97523,2,0.468373,1,2,0.65,0.65,1,0.0403124,0.476772,1,1,1,1,1,0.000325347,1,210,3.43599,1.16773,0.959577,1,10,0.014272,6.68932,0,1.55401,0,0.280589,0,0,0,1,0.5,2.32498,0.671868,0.1,0.408685,0.1,0.25,0.25,10,0.348731,0.1,0.1,0.241479,0.0304,0.028339,0.000779559,0.0254685,1,0.075,4.5,114,487,295,171,1,12,0.851874,0.888645,2.08e-13
931,0,1,0.9,0.9,0,0.957618,0.0414073,0,1,1,1,1,1,1,0.145601,0,0,0,0,0,1,1,0.75,0.1,2.23071,2.60912,2.74625,3,1,1,1,4.5,33,35,1,0.148532,0.282456,0.630137,0.882162,1,0.1,0.436051,2.97523,2,0.468373,1,2,0.65,0.65,1,0.000328276,0.533062,1,1,1,1,1,0.448048,1,210,3.43599,1.16773,0.959577,1,10,0.254352,3.17107,0,0.0266498,0,0.225999,0,0,0,1,0.5,2.32498,0.671868,0.1,0.408685,0.1,0.25,0.25,10,0.348731,0.1,0.1,0.241479,0.0304,0.028339,0.000779559,0.0254685,1,0.075,4.5,114,487,295,171,1,12,0.91914,0.774453,0
932,0,1,0.9,4.71536,0,0.843073,0.0446929,0,1,1,1,1,1,1,0.180475,0,0,0,0,0,0.152777,0.155022,0.75,0.1,2.23071,2.60912,2.74625,3,1,1,1,4.5,33,35,1,0.148532,0.282456,0.630137,0.882162,1,0.1,0.436051,2.97523,2,0.468373,1,2,0.65,0.65,1,0.00371747,3.70031,1,1,1,1,1,0.0547549,1,210,3.43599,1.16773,0.959577,1,10,0.076232,1.12886,0,0.0198918,0,0.442235,0,0,0,1,0.5,2.32498,0.671868,0.1,0.408685,0.1,0.25,0.25,10,0.348731,0.1,0.1,0.241479,0.0304,0.028339,0.000779559,0.0254685,1,0.075,4.5,114,487,295,171,1,12,0.924935,0.879758,4.01339e-13
933,0,1,0.9,0.9,0,1.06891,0.0417251,0,1,1,1,1,1,1,1,0,0,0,0,0,0.599679,1,0.75,0.1,2.23071,2.60912,2.74625,3,1,1,1,4.5,33,35,1,0.148532,0.282456,0.630137,0.882162,1,0.1,0.436051,2.97523,2,0.468373,1,2,0.65,0.65,1,0.0029515,1.8617,1,1,1,1,1,0.267786,1,210,3.43599,1.16773,0.959577,1,10,0.0377168,0.501933,0,1.47865,0,0.640784,0,0,0,1,0.5,2.32498,0.671868,0.1,0.408685,0.1,0.25,0.25,10,0.348731,0.1,0.1,0.241479,0.0304,0.028339,0.000779559,0.0254685,1,0.075,4.5,114,487,295,171,1,12,0.804093,0.881121,0.00263158
934,0,1,0.9,0.9,0,1.00946,0.029179,0,1,1,1,1,1,1,0.462623,0,0,0,0,0,1,1,0.75,0.1,2.23071,2.60912,2.74625,3,1,1,1,4.5,33,35,1,0.148532,0.282456,0.630137,0.882162,1,0.1,0.436051,2.97523,2,0.468373,1,2,0.65,0.65,1,0.00387559,4.4647,1,1,1,1,1,0.574622,1,210,3.43599,1.16773,0.959577,1,10,0.0786125,2.62372,0,0.220928,0,0.0123575,0,0,0,1,0.5,2.32498,0.671868,0.1,0.408685,0.1,0.25,0.25,10,0.348731,0.1,0.1,0.241479,0.0304,0.028339,0.000779559,0.0254685,1,0.075,4.5,114,487,295,171,1,12,1,1,0
935,0,1,0.9,1.67155,0,0.899843,0.0404747,0,1,1,1,1,1,1,1,0,0,0,0,0,0.300776,1,0.75,0.1,2.23071,2.60912,2.74625,3,1,1,1,4.5,33,35,1,0.148532,0.282456,0.630137,0.882162,1,0.1,0.436051,2.97523,2,0.468373,1,2,0.65,0.65,1,0.00640691,0.950466,1,1,1,1,1,0.00365247,1,210,3.43599,1.16773,0.959577,1,10,0.00907802,2.84787,0,0.517132,0,4.19992,0,0,0,1,0.5,2.32498,0.671868,0.1,0.408685,0.1,0.25,0.25,10,0.348731,0.1,0.1,0.241479,0.0304,0.028339,0.000779559,0.0254685,1,0.075,4.5,114,487,295,171,1,12,0.931902,0.852649,0
936,0,1,0.9,3.83157,0,0.969323,0.0425772,0,1,1,1,1,1,1,0.88819,0,0,0,0,0,1,0.223122,0.75,0.1,2.23071,2.60912,2.74625,3,1,1,1,4.5,33,35,1,0.148532,0.282456,0.630137,0.882162,1,0.1,0.436051,2.97523,2,0.468373,1,2,0.65,0.65,1,2.04032e-06,4.50229,1,1,1,1,1,0.0241514,1,210,3.43599,1.16773,0.959577,1,10,0.0143201,1.58598,0,1.1784,0,36.6819,0,0,0,1,0.5,2.32498,0.671868,0.1,0.408685,0.1,0.25,0.25,10,0.348731,0.1,0.1,0.241479,0.0304,0.028339,0.000779559,0.0254685,1,0.075,4.5,114,487,295,171,1,12,1,0.836224,0.00263158
937,0,1,0.9,1.50139,0,1.10112,0.0402313,0,1,1,1,1,1,1,0.440775,0,0,0,0,0,0.2827,1,0.75,0.1,2.23071,2.60912,2.74625,3,1,1,1,4.5,33,35,1,0.148532,0.282456,0.630137,0.882162,1,0.1,0.436051,2.97523,2,0.468373,1,2,0.65,0.65,1,0.00193364,1.78038,1,1,1,1,1,0.0564914,1,210,3.43599,1.16773,0.959577,1,10,0.00876323,0.36984,0,0.0587627,0,0.264861,0,0,0,1,0.5,2.32498,0.671868,0.1,0.408685,0.1,0.25,0.25,10,0.348731,0.1,0.1,0.241479,0.0304,0.028339,0.000779559,0.0254685,1,0.075,4.5,114,487,295,171,1,12,1,0.836998,0.000179637
938,0,1,0.9,1.32584,0,0.970767,0.0485659,0,1,1,1,1,1,1,0.447059,0,0,0,0,0,0.2432,1,0.75,0.1,2.23071,2.60912,2.74625,3,1,1,1,4.5,33,35,1,0.148532,0.282456,0.630137,0.882162,1,0.1,0.436051,2.97523,2,0.468373,1,2,0.65,0.65,1,0.0261568,0.944537,1,1,1,1,1,0.0218896,1,210,3.43599,1.16773,0.959577,1,10,0.143453,8.22406,0,1.44256,0,0.0609321,0,0,0,1,0.5,2.32498,0.671868,0.1,0.408685,0.1,0.25,0.25,10,0.348731,0.1,0.1,0.241479,0.0304,0.028339,0.000779559,0.0254685,1,0.075,4.5,114,487,295,171,1,12,0.870151,0.930326,0.00960555
939,0,1,0.9,0.9,0,0.956581,0.0404797,0,1,1,1,1,1,1,0.942193,0,0,0,0,0,0.273608,0.513664,0.75,0.1,2.23071,2.60912,2.74625,3,1,1,1,4.5,33,35,1,0.148532,0.282456,0.630137,0.882162,1,0.1,0.436051,2.97523,2,0.468373,1,2,0.65,0.65,1,0.06783,0.317163,1,1,1,1,1,0.175314,1,210,3.43599,1.16773,0.959577,1,10,0.0812315,0.356138,0,0.0321104,0,0.0489826,0,0,0,1,0.5,2.32498,0.671868,0.1,0.408685,0.1,0.25,0.25,10,0.348731,0.1,0.1,0.241479,0.0304,0.028339,0.000779559,0.0254685,1,0.075,4.5,114,487,295,171,1,12,0.968018,0.788213,0
940,0,1,0.9,1.46525,0,0.868494,0.0481262,0,1,1,1,1,1,1,0.563542,0,0,0,0,0,0.311631,0.283355,0.75,0.1,2.23071,2.60912,2.74625,3,1,1,1,4.5,33,35,1,0.148532,0.282456,0.630137,0.882162,1,0.1,0.436051,2.97523,2,0.468373,1,2,0.65,0.65,1,0.435512,2.00034,1,1,1,1,1,0.366409,1,210,3.43599,1.16773,0.959577,1,10,0.0271041,2.18903,0,0.371722,0,0.110925,0,0,0,1,0.5,2.32498,0.671868,0.1,0.408685,0.1,0.25,0.25,10,0.348731,0.1,0.1,0.241479,0.0304,0.028339,0.000779559,0.0254685,1,0.075,4.5,114,487,295,171,1,12,1,1,6.94327e-09
941,0,1,0.9,2.96945,0,0.951114,0.0431264,0,1,1,1,1,1,1,0.380816,0,0,0,0,0,0.504709,0.285339,0.75,0.1,2.23071,2.60912,2.74625,3,1,1,1,4.5,33,35,1,0.148532,0.282456,0.630137,0.882162,1,0.1,0.436051,2.97523,2,0.468373,1,2,0.65,0.65,1,0.000558176,0.693892,1,1,1,1,1,0.149365,1,210,3.43599,1.16773,0.959577,1,10,0.0258811,1.12749,0,0.0243881,0,0.00852237,0,0,0,1,0.5,2.32498,0.671868,0.1,0.408685,0.1,0.25,0.25,10,0.348731,0.1,0.1,0.241479,0.0304,0.028339,0.000779559,0.0254685,1,0.075,4.5,114,487,295,171,1,12,1,0.849663,0.000179637
942,0,1,0.9,5.79432,0,1.03116,0.0434396,0,1,1,1,1,1,1,0.254365,0,0,0,0,0,0.340069,0.666225,0.75,0.1,2.23071,2.60912,2.74625,3,1,1,1,4.5,33,35,1,0.148532,0.282456,0.630137,0.882162,1,0.1,0.436051,2.97523,2,0.468373,1,2,0.65,0.65,1,0.000566696,0.36742,1,1,1,1,1,0.064091,1,210,3.43599,1.16773,0.959577,1,10,0.00799634,0.088504,0,2.32097,0,1.21757,0,0,0,1,0.5,2.32498,0.671868,0.1,0.408685,0.1,0.25,0.25,10,0.348731,0.1,0.1,0.241479,0.0304,0.028339,0.000779559,0.0254685,1,0.075,4.5,114,487,295,171,1,12,0.875379,0.949997,0.00707997
943,0,1,0.9,0.9,0,0.967443,0.0406277,0,1,1,1,1,1,1,0.207478,0,0,0,0,0,1,1,0.75,0.1,2.23071,2.60912,2.74625,3,1,1,1,4.5,33,35,1,0.148532,0.282456,0.630137,0.882162,1,0.1,0.436051,2.97523,2,0.468373,1,2,0.65,0.65,1,0.000740667,2.25307,1,1,1,1,1,0.0103486,1,210,3.43599,1.16773,0.959577,1,10,0.117228,1.69617,0,1.71099,0,0.0438651,0,0,0,1,0.5,2.32498,0.671868,0.1,0.408685,0.1,0.25,0.25,10,0.348731,0.1,0.1,0.241479,0.0304,0.028339,0.000779559,0.0254685,1,0.075,4.5,114,487,295,171,1,12,1,1,3.00021e-13
944,0,1,0.9,0.9,0,0.940543,0.0457438,0,1,1,1,1,1,1,1,0,0,0,0,0,0.2351,0.836056,0.75,0.1,2.23071,2.60912,2.74625,3,1,1,1,4.5,33,35,1,0.148532,0.282456,0.630137,0.882162,1,0.1,0.436051,2.97523,2,0.468373,1,2,0.65,0.65,1,0.00325385,1.1684,1,1,1,1,1,0.00977292,1,210,3.43599,1.16773,0.959577,1,10,0.102809,0.592174,0,2.60107,0,0.469949,0,0,0,1,0.5,2.32498,0.671868,0.1,0.408685,0.1,0.25,0.25,10,0.348731,0.1,0.1,0.241479,0.0304,0.028339,0.000779559,0.0254685,1,0.075,4.5,114,487,295,171,1,12,1,0.872174,0
945,0,1,0.9,2.2434,0,0.942714,0.0394967,0,1,1,1,1,1,1,0.755862,0,0,0,0,0,0.710267,0.295604,0.75,0.1,2.23071,2.60912,2.74625,3,1,1,1,4.5,33,35,1,0.148532,0.282456,0.630137,0.882162,1,0.1,0.436051,2.97523,2,0.468373,1,2,0.65,0.65,1,0.122198,2.91237,1,1,1,1,1,0.0146546,1,210,3.43599,1.16773,0.959577,1,10,0.0176057,3.95309,0,7.8736,0,0.18961,0,0,0,1,0.5,2.32498,0.671868,0.1,0.408685,0.1,0.25,0.25,10,0.348731,0.1,0.1,0.241479,0.0304,0.028339,0.000779559,0.0254685,1,0.075,4.5,114,487,295,171,1,12,1,0.976167,9.88619e-13
946,0,1,0.9,0.9,0,1.10143,0.0373312,0,1,1,1,1,1,1,0.579303,0,0,0,0,0,1,0.31572,0.75,0.1,2.23071,2.60912,2.74625,3,1,1,1,4.5,33,35,1,0.148532,0.282456,0.630137,0.882162,1,0.1,0.436051,2.97523,2,0.468373,1,2,0.65,0.65,1,0.0197943,0.474077,1,1,1,1,1,0.243422,1,210,3.43599,1.16773,0.959577,1,10,0.0786238,2.87833,0,0.419066,0,1.56705,0,0,0,1,0.5,2.32498,0.671868,0.1,0.408685,0.1,0.25,0.25,10,0.348731,0.1,0.1,0.241479,0.0304,0.028339,0.000779559,0.0254685,1,0.075,4.5,114,487,295,171,1,12,1,0.955171,0
947,0,1,0.9,1.52594,0,1.00749,0.0368107,0,1,1,1,1,1,1,1,0,0,0,0,0,0.164824,1,0.75,0.1,2.23071,2.60912,2.74625,3,1,1,1,4.5,33,35,1,0.148532,0.282456,0.630137,0.882162,1,0.1,0.436051,2.97523,2,0.468373,1,2,0.65,0.65,1,0.0233579,1.65443,1,1,1,1,1,0.155952,1,210,3.43599,1.16773,0.959577,1,10,0.0121878,0.280981,0,0.0145115,0,0.116604,0,0,0,1,0.5,2.32498,0.671868,0.1,0.408685,0.1,0.25,0.25,10,0.348731,0.1,0.1,0.241479,0.0304,0.028339,0.000779559,0.0254685,1,0.075,4.5,114,487,295,171,1,12,0.985565,0.932316,0.000179637
948,0,1,0.9,1.68892,0,1.07311,0.0422396,0,1,1,1,1,1,1,0.181826,0,0,0,0,0,0.122843,0.149184,0.75,0.1,2.23071,2.60912,2.74625,3,1,1,1,4.5,33,35,1,0.148532,0.282456,0.630137,0.882162,1,0.1,0.436051,2.97523,2,0.468373,1,2,0.65,0.65,1,0.0104115,1.2392,1,1,1,1,1,0.0725333,1,210,3.43599,1.16773,0.959577,1,10,0.0655756,0.963445,0,0.471729,0,0.0426281,0,0,0,1,0.5,2.32498,0.671868,0.1,0.408685,0.1,0.25,0.25,10,0.348731,0.1,0.1,0.241479,0.0304,0.028339,0.000779559,0.0254685,1,0.075,4.5,114,487,295,171,1,12,1,0.876947,0.000179637
949,0,1,0.9,0.9,0,0.946293,0.0420089,0,1,1,1,1,1,1,0.898588,0,0,0,0,0,0.03089,0.250639,0.75,0.1,2.23071,2.60912,2.74625,3,1,1,1,4.5,33,35,1,0.148532,0.282456,0.630137,0.882162,1,0.1,0.436051,2.97523,2,0.468373,1,2,0.65,0.65,1,0.0102798,0.15461,1,1,1,1,1,0.00336837,1,210,3.43599,1.16773,0.959577,1,10,0.0983673,1.7695,0,13.6401,0,0.0124098,0,0,0,1,0.5,2.32498,0.671868,0.1,0.408685,0.1,0.25,0.25,10,0.348731,0.1,0.1,0.241479,0.0304,0.028339,0.000779559,0.0254685,1,0.075,4.5,114,487,295,171,1,12,0.973057,0.973334,0.000179637
950,0,1,0.9,1.08585,0,1.21318,0.0360976,0,1,1,1,1,1,1,1,0,0,0,0,0,0.324063,1,0.75,0.1,2.23071,2.60912,2.74625,3,1,1,1,4.5,33,35,1,0.148532,0.282456,0.630137,0.882162,1,0.1,0.436051,2.97523,2,0.468373,1,2,0.65,0.65,1,0.00174137,1.53176,1,1,1,1,1,0.0410164,1,210,3.43599,1.16773,0.959577,1,10,0.0108236,1.84419,0,20.6601,0,0.130073,0,0,0,1,0.5,2.32498,0.671868,0.1,0.408685,0.1,0.25,0.25,10,0.348731,0.1,0.1,0.241479,0.0304,0.028339,0.000779559,0.0254685,1,0.075,4.5,114,487,295,171,1,12,1,0.948569,0
951,0,1,0.9,1.24523,0,1.16552,0.0425419,0,1,1,1,1,1,1,0.150245,0,0,0,0,0,0.837721,0.423629,0.75,0.1,2.23071,2.60912,2.74625,3,1,1,1,4.5,33,35,1,0.148532,0.282456,0.630137,0.882162,1,0.1,0.436051,2.97523,2,0.468373,1,2,0.65,0.65,1,0.0197101,0.39414,1,1,1,1,1,0.135661,1,210,3.43599,1.16773,0.959577,1,10,0.0499123,6.27448,0,0.612193,0,0.484001,0,0,0,1,0.5,2.32498,0.671868,0.1,0.408685,0.1,0.25,0.25,10,0.348731,0.1,0.1,0.241479,0.0304,0.028339,0.000779559,0.0254685,1,0.075,4.5,114,487,295,171,1,12,0.868658,0.719678,4.01339e-13
952,0,1,0.9,5.05372,0,0.980326,0.045796,0,1,1,1,1,1,1,1,0,0,0,0,0,1,1,0.75,0.1,2.23071,2.60912,2.74625,3,1,1,1,4.5,33,35,1,0.148532,0.282456,0.630137,0.882162,1,0.1,0.436051,2.97523,2,0.468373,1,2,0.65,0.65,1,0.000678679,1.47024,1,1,1,1,1,0.00543738,1,210,3.43599,1.16773,0.959577,1,10,0.00384374,0.561747,0,2.22412,0,0.175449,0,0,0,1,0.5,2.32498,0.671868,0.1,0.408685,0.1,0.25,0.25,10,0.348731,0.1,0.1,0.241479,0.0304,0.028339,0.000779559,0.0254685,1,0.075,4.5,114,487,295,171,1,12,0.956691,0.848948,0.000179637
953,0,1,0.9,0.9,0,1.17025,0.0453987,0,1,1,1,1,1,1,1,0,0,0,0,0,0.267861,0.182462,0.75,0.1,2.23071,2.60912,2.74625,3,1,1,1,4.5,33,35,1,0.148532,0.282456,0.630137,0.882162,1,0.1,0.436051,2.97523,2,0.468373,1,2,0.65,0.65,1,0.0668346,3.70718,1,1,1,1,1,0.741715,1,210,3.43599,1.16773,0.959577,1,10,0.0097118,1.55843,0,0.303099,0,0.168393,0,0,0,1,0.5,2.32498,0.671868,0.1,0.408685,0.1,0.25,0.25,10,0.348731,0.1,0.1,0.241479,0.0304,0.028339,0.000779559,0.0254685,1,0.075,4.5,114,487,295,171,1,12,1,1,4.01339e-13
954,0,1,0.9,1.14704,0,1.08285,0.0385586,0,1,1,1,1,1,1,0.247631,0,0,0,0,0,0.518394,0.186062,0.75,0.1,2.23071,2.60912,2.74625,3,1,1,1,4.5,33,35,1,0.148532,0.282456,0.630137,0.882162,1,0.1,0.436051,2.97523,2,0.468373,1,2,0.65,0.65,1,0.00112327,0.46931,1,1,1,1,1,0.0746806,1,210,3.43599,1.16773,0.959577,1,10,0.0956224,1.73979,0,0.0313569,0,12.3187,0,0,0,1,0.5,2.32498,0.671868,0.1,0.408685,0.1,0.25,0.25,10,0.348731,0.1,0.1,0.241479,0.0304,0.028339,0.000779559,0.0254685,1,0.075,4.5,114,487,295,171,1,12,1,0.944659,0
955,0,1,0.9,0.9,0,0.896906,0.0364454,0,1,1,1,1,1,1,0.568928,0,0,0,0,0,0.175335,0.124777,0.75,0.1,2.23071,2.60912,2.74625,3,1,1,1,4.5,33,35,1,0.148532,0.282456,0.630137,0.882162,1,0.1,0.436051,2.97523,2,0.468373,1,2,0.65,0.65,1,0.000724268,3.48207,1,1,1,1,1,0.00219104,1,210,3.43599,1.16773,0.959577,1,10,0.0477486,0.618448,0,1.12758,0,0.289744,0,0,0,1,0.5,2.32498,0.671868,0.1,0.408685,0.1,0.25,0.25,10,0.348731,0.1,0.1,0.241479,0.0304,0.028339,0.000779559,0.0254685,1,0.075,4.5,114,487,295,171,1,12,1,0.824691,0
956,0,1,0.9,0.9,0,0.759459,0.0356586,0,1,1,1,1,1,1,0.270226,0,0,0,0,0,0.383816,0.0885783,0.75,0.1,2.23071,2.60912,2.74625,3,1,1,1,4.5,33,35,1,0.148532,0.282456,0.630137,0.882162,1,0.1,0.436051,2.97523,2,0.468373,1,2,0.65,0.65,1,0.000569971,1.99492,1,1,1,1,1,0.0732399,1,210,3.43599,1.16773,0.959577,1,10,0.0493086,4.67624,0,0.337558,0,0.506088,0,0,0,1,0.5,2.32498,0.671868,0.1,0.408685,0.1,0.25,0.25,10,0.348731,0.1,0.1,0.241479,0.0304,0.028339,0.000779559,0.0254685,1,0.075,4.5,114,487,295,171,1,12,0.967121,0.841293,0
957,0,1,0.9,3.97406,0,0.925611,0.0435397,0,1,1,1,1,1,1,0.250085,0,0,0,0,0,0.821838,0.53875,0.75,0.1,2.23071,2.60912,2.74625,3,1,1,1,4.5,33,35,1,0.148532,0.282456,0.630137,0.882162,1,0.1,0.436051,2.97523,2,0.468373,1,2,0.65,0.65,1,0.00097924,0.180327,1,1,1,1,1,0.00204323,1,210,3.43599,1.16773,0.959577,1,10,0.0278058,0.374709,0,0.0516832,0,0.0282288,0,0,0,1,0.5,2.32498,0.671868,0.1,0.408685,0.1,0.25,0.25,10,0.348731,0.1,0.1,0.241479,0.0304,0.028339,0.000779559,0.0254685,1,0.075,4.5,114,487,295,171,1,12,0.998834,0.968867,0.000179637
958,0,1,0.9,1.219,0,0.943436,0.0396284,0,1,1,1,1,1,1,0.529401,0,0,0,0,0,0.189869,0.223477,0.75,0.1,2.23071,2.60912,2.74625,3,1,1,1,4.5,33,35,1,0.148532,0.282456,0.630137,0.882162,1,0.1,0.436051,2.97523,2,0.468373,1,2,0.65,0.65,1,0.00318476,0.536961,1,1,1,1,1,0.0329461,1,210,3.43599,1.16773,0.959577,1,10,0.00889732,2.68511,0,0.175884,0,2.53434,0,0,0,1,0.5,2.32498,0.671868,0.1,0.408685,0.1,0.25,0.25,10,0.348731,0.1,0.1,0.241479,0.0304,0.028339,0.000779559,0.0254685,1,0.075,4.5,114,487,295,171,1,12,1,0.87179,0
959,0,1,0.9,0.9,0,1.03148,0.0397502,0,1,1,1,1,1,1,0.757163,0,0,0,0,0,0.188315,1,0.75,0.1,2.23071,2.60912,2.74625,3,1,1,1,4.5,33,35,1,0.148532,0.282456,0.630137,0.882162,1,0.1,0.436051,2.97523,2,0.468373,1,2,0.65,0.65,1,0.00511105,0.50881,1,1,1,1,1,0.323159,1,210,3.43599,1.16773,0.959577,1,10,0.0737955,0.626423,0,0.746267,0,0.0537913,0,0,0,1,0.5,2.32498,0.671868,0.1,0.408685,0.1,0.25,0.25,10,0.348731,0.1,0.1,0.241479,0.0304,0.028339,0.000779559,0.0254685,1,0.075,4.5,114,487,295,171,1,12,0.985049,0.942597,0.000179637
960,0,1,0.9,2.42471,0,0.862425,0.0366671,0,1,1,1,1,1,1,0.47172,0,0,0,0,0,0.0603031,0.0614347,0.75,0.1,2.23071,2.60912,2.74625,3,1,1,1,4.5,33,35,1,0.148532,0.282456,0.630137,0.882162,1,0.1,0.436051,2.97523,2,0.468373,1,2,0.65,0.65,1,0.00145299,0.417186,1,1,1,1,1,0.0125482,1,210,3.43599,1.16773,0.959577,1,10,0.0131104,2.46148,0,0.0730138,0,0.0346587,0,0,0,1,0.5,2.32498,0.671868,0.1,0.408685,0.1,0.25,0.25,10,0.348731,0.1,0.1,0.241479,0.0304,0.028339,0.000779559,0.0254685,1,0.075,4.5,114,487,295,171,1,12,1,0.94079,0
961,0,1,0.9,0.9,0,1.08739,0.0416855,0,1,1,1,1,1,1,1,0,0,0,0,0,0.431985,0.927829,0.75,0.1,2.23071,2.60912,2.74625,3,1,1,1,4.5,33,35,1,0.148532,0.282456,0.630137,0.882162,1,0.1,0.436051,2.97523,2,0.468373,1,2,0.65,0.65,1,0.000246191,0.955718,1,1,1,1,1,0.0043036,1,210,3.43599,1.16773,0.959577,1,10,0.0059444,0.577462,0,43.3852,0,0.0741774,0,0,0,1,0.5,2.32498,0.671868,0.1,0.408685,0.1,0.25,0.25,10,0.348731,0.1,0.1,0.241479,0.0304,0.028339,0.000779559,0.0254685,1,0.075,4.5,114,487,295,171,1,12,0.933164,0.907222,0.0044812
962,0,1,0.9,0.9,0,0.945469,0.0401629,0,1,1,1,1,1,1,0.378591,0,0,0,0,0,1,0.74997,0.75,0.1,2.23071,2.60912,2.74625,3,1,1,1,4.5,33,35,1,0.148532,0.282456,0.630137,0.882162,1,0.1,0.436051,2.97523,2,0.468373,1,2,0.65,0.65,1,0.000739721,3.13461,1,1,1,1,1,0.00592171,1,210,3.43599,1.16773,0.959577,1,10,0.0244144,2.03876,0,0.0644369,0,0.338819,0,0,0,1,0.5,2.32498,0.671868,0.1,0.408685,0.1,0.25,0.25,10,0.348731,0.1,0.1,0.241479,0.0304,0.028339,0.000779559,0.0254685,1,0.075,4.5,114,487,295,171,1,12,0.980573,0.825593,0
963,0,1,0.9,0.9,0,1.01069,0.041361,0,1,1,1,1,1,1,1,0,0,0,0,0,0.0893438,1,0.75,0.1,2.23071,2.60912,2.74625,3,1,1,1,4.5,33,35,1,0.148532,0.282456,0.630137,0.882162,1,0.1,0.436051,2.97523,2,0.468373,1,2,0.65,0.65,1,0.000483351,2.58754,1,1,1,1,1,0.0763196,1,210,3.43599,1.16773,0.959577,1,10,0.237751,0.237751,0,0.103575,0,0.103172,0,0,0,1,0.5,2.32498,0.671868,0.1,0.408685,0.1,0.25,0.25,10,0.348731,0.1,0.1,0.241479,0.0304,0.028339,0.000779559,0.0254685,1,0.075,4.5,114,487,295,171,1,12,0.957966,0.888964,0
964,0,1,0.9,0.9,0,1.07568,0.0397695,0,1,1,1,1,1,1,0.105767,0,0,0,0,0,1,0.438549,0.75,0.1,2.23071,2.60912,2.74625,3,1,1,1,4.5,33,35,1,0.148532,0.282456,0.630137,0.882162,1,0.1,0.436051,2.97523,2,0.468373,1,2,0.65,0.65,1,0.0509755,0.753447,1,1,1,1,1,0.00257645,1,210,3.43599,1.16773,0.959577,1,10,0.152753,0.338406,0,6.99663,0,0.0024738,0,0,0,1,0.5,2.32498,0.671868,0.1,0.408685,0.1,0.25,0.25,10,0.348731,0.1,0.1,0.241479,0.0304,0.028339,0.000779559,0.0254685,1,0.075,4.5,114,487,295,171,1,12,1,1,0
965,0,1,0.9,0.9,0,1.12394,0.038841,0,1,1,1,1,1,1,1,0,0,0,0,0,1,0.547857,0.75,0.1,2.23071,2.60912,2.74625,3,1,1,1,4.5,33,35,1,0.148532,0.282456,0.630137,0.882162,1,0.1,0.436051,2.97523,2,0.468373,1,2,0.65,0.65,1,0.00107473,0.599821,1,1,1,1,1,25.9152,25.9152,210,3.43599,1.16773,0.959577,1,10,0.0104916,0.77667,0,0.0813102,0,0.209648,0,0,0,1,0.5,2.32498,0.671868,0.1,0.408685,0.1,0.25,0.25,10,0.348731,0.1,0.1,0.241479,0.0304,0.028339,0.000779559,0.0254685,1,0.075,4.5,114,487,295,171,1,12,1,0.958361,0.000179637
966,0,1,0.9,1.87012,0,1.04338,0.0446868,0,1,1,1,1,1,1,0.210005,0,0,0,0,0,0.488633,0.36277,0.75,0.1,2.23071,2.60912,2.74625,3,1,1,1,4.5,33,35,1,0.148532,0.282456,0.630137,0.882162,1,0.1,0.436051,2.97523,2,0.468373,1,2,0.65,0.65,1,0.119633,2.94845,1,1,1,1,1,0.0114468,1,210,3.43599,1.16773,0.959577,1,10,0.030805,1.78242,0,0.00580363,0,0.0817886,0,0,0,1,0.5,2.32498,0.671868,0.1,0.408685,0.1,0.25,0.25,10,0.348731,0.1,0.1,0.241479,0.0304,0.028339,0.000779559,0.0254685,1,0.075,4.5,114,487,295,171,1,12,0.964618,0.915492,2.00538e-13
967,0,1,0.9,0.9,0,0.906159,0.0392426,0,1,1,1,1,1,1,0.310279,0,0,0,0,0,0.448646,0.287274,0.75,0.1,2.23071,2.60912,2.74625,3,1,1,1,4.5,33,35,1,0.148532,0.282456,0.630137,0.882162,1,0.1,0.436051,2.97523,2,0.468373,1,2,0.65,0.65,1,0.00700909,0.891595,1,1,1,1,1,0.0561706,1,210,3.43599,1.16773,0.959577,1,10,0.0868709,1.73535,0,3.53644,0,0.0404259,0,0,0,1,0.5,2.32498,0.671868,0.1,0.408685,0.1,0.25,0.25,10,0.348731,0.1,0.1,0.241479,0.0304,0.028339,0.000779559,0.0254685,1,0.075,4.5,114,487,295,171,1,12,0.876152,1,7.05497e-14
968,0,1,0.9,0.9,0,1.10557,0.0404742,0,1,1,1,1,1,1,0.775229,0,0,0,0,0,0.564779,0.709212,0.75,0.1,2.23071,2.60912,2.74625,3,1,1,1,4.5,33,35,1,0.148532,0.282456,0.630137,0.882162,1,0.1,0.436051,2.97523,2,0.468373,1,2,0.65,0.65,1,0.00582199,0.989783,1,1,1,1,1,0.0033061,1,210,3.43599,1.16773,0.959577,1,10,0.0459774,1.44063,0,0.929167,0,0.256459,0,0,0,1,0.5,2.32498,0.671868,0.1,0.408685,0.1,0.25,0.25,10,0.348731,0.1,0.1,0.241479,0.0304,0.028339,0.000779559,0.0254685,1,0.075,4.5,114,487,295,171,1,12,1,1,0
969,0,1,0.9,0.9,0,0.981323,0.0370247,0,1,1,1,1,1,1,1,0,0,0,0,0,0.294832,0.254477,0.75,0.1,2.23071,2.60912,2.74625,3,1,1,1,4.5,33,35,1,0.148532,0.282456,0.630137,0.882162,1,0.1,0.436051,2.97523,2,0.468373,1,2,0.65,0.65,1,0.0354289,0.86511,1,1,1,1,1,0.119667,1,210,3.43599,1.16773,0.959577,1,10,0.00819638,0.619287,0,4.55556,0,0.00630429,0,0,0,1,0.5,2.32498,0.671868,0.1,0.408685,0.1,0.25,0.25,10,0.348731,0.1,0.1,0.241479,0.0304,0.028339,0.000779559,0.0254685,1,0.075,4.5,114,487,295,171,1,12,0.94845,1,6.94327e-09
970,0,1,0.9,1.93774,0,0.950029,0.045308,0,1,1,1,1,1,1,0.763135,0,0,0,0,0,0.654919,0.383222,0.75,0.1,2.23071,2.60912,2.74625,3,1,1,1,4.5,33,35,1,0.148532,0.282456,0.630137,0.882162,1,0.1,0.436051,2.97523,2,0.468373,1,2,0.65,0.65,1,0.00306298,0.974894,1,1,1,1,1,0.0103807,1,210,3.43599,1.16773,0.959577,1,10,0.0368105,0.922277,0,0.0874604,0,0.011504,0,0,0,1,0.5,2.32498,0.671868,0.1,0.408685,0.1,0.25,0.25,10,0.348731,0.1,0.1,0.241479,0.0304,0.028339,0.000779559,0.0254685,1,0.075,4.5,114,487,295,171,1,12,0.972944,0.749501,0.000179637
971,0,1,0.9,1.37819,0,1.0386,0.0429776,0,1,1,1,1,1,1,1,0,0,0,0,0,1,0.699578,0.75,0.1,2.23071,2.60912,2.74625,3,1,1,1,4.5,33,35,1,0.148532,0.282456,0.630137,0.882162,1,0.1,0.436051,2.97523,2,0.468373,1,2,0.65,0.65,1,0.00566724,0.165832,1,1,1,1,1,0.615641,1,210,3.43599,1.16773,0.959577,1,10,0.120764,0.335535,0,0.374289,0,0.139916,0,0,0,1,0.5,2.32498,0.671868,0.1,0.408685,0.1,0.25,0.25,10,0.348731,0.1,0.1,0.241479,0.0304,0.028339,0.000779559,0.0254685,1,0.075,4.5,114,487,295,171,1,12,1,1,0.000179637
972,0,1,0.9,0.9,0,0.993843,0.0360065,0,1,1,1,1,1,1,0.508283,0,0,0,0,0,0.484572,1,0.75,0.1,2.23071,2.60912,2.74625,3,1,1,1,4.5,33,35,1,0.148532,0.282456,0.630137,0.882162,1,0.1,0.436051,2.97523,2,0.468373,1,2,0.65,0.65,1,0.116147,2.89939,1,1,1,1,1,0.0422118,1,210,3.43599,1.16773,0.959577,1,10,0.0433819,0.421853,0,0.0236278,0,1.50428,0,0,0,1,0.5,2.32498,0.671868,0.1,0.408685,0.1,0.25,0.25,10,0.348731,0.1,0.1,0.241479,0.0304,0.028339,0.000779559,0.0254685,1,0.075,4.5,114,487,295,171,1,12,1,0.97525,0
973,0,1,0.9,1.40063,0,0.908695,0.0401868,0,1,1,1,1,1,1,0.372659,0,0,0,0,0,0.754866,0.434704,0.75,0.1,2.23071,2.60912,2.74625,3,1,1,1,4.5,33,35,1,0.148532,0.282456,0.630137,0.882162,1,0.1,0.436051,2.97523,2,0.468373,1,2,0.65,0.65,1,0.00200665,0.816161,1,1,1,1,1,0.0478698,1,210,3.43599,1.16773,0.959577,1,10,0.0941892,0.105075,0,1.70323,0,0.0461332,0,0,0,1,0.5,2.32498,0.671868,0.1,0.408685,0.1,0.25,0.25,10,0.348731,0.1,0.1,0.241479,0.0304,0.028339,0.000779559,0.0254685,1,0.075,4.5,114,487,295,171,1,12,1,0.828901,0.000179637
974,0,1,0.9,3.2156,0,1.12539,0.034218,0,1,1,1,1,1,1,0.565614,0,0,0,0,0,0.362123,0.243242,0.75,0.1,2.23071,2.60912,2.74625,3,1,1,1,4.5,33,35,1,0.148532,0.282456,0.630137,0.882162,1,0.1,0.436051,2.97523,2,0.468373,1,2,0.65,0.65,1,0.0849946,0.460516,1,1,1,1,1,0.403069,1,210,3.43599,1.16773,0.959577,1,10,0.0455168,1.79825,0,0.793012,0,0.0145242,0,0,0,1,0.5,2.32498,0.671868,0.1,0.408685,0.1,0.25,0.25,10,0.348731,0.1,0.1,0.241479,0.0304,0.028339,0.000779559,0.0254685,1,0.075,4.5,114,487,295,171,1,12,1,0.799444,0
975,0,1,0.9,0.9,0,0.995021,0.0388274,0,1,1,1,1,1,1,0.220582,0,0,0,0,0,0.988327,0.773095,0.75,0.1,2.23071,2.60912,2.74625,3,1,1,1,4.5,33,35,1,0.148532,0.282456,0.630137,0.882162,1,0.1,0.436051,2.97523,2,0.468373,1,2,0.65,0.65,1,0.110718,0.580828,1,1,1,1,1,0.0403645,1,210,3.43599,1.16773,0.959577,1,10,0.0785972,1.72591,0,0.0636343,0,0.00823897,0,0,0,1,0.5,2.32498,0.671868,0.1,0.408685,0.1,0.25,0.25,10,0.348731,0.1,0.1,0.241479,0.0304,0.028339,0.000779559,0.0254685,1,0.075,4.5,114,487,295,171,1,12,1,0.829151,0
976,0,1,0.9,0.9,0,1.02811,0.0373009,0,1,1,1,1,1,1,0.871606,0,0,0,0,0,1,0.435119,0.75,0.1,2.23071,2.60912,2.74625,3,1,1,1,4.5,33,35,1,0.148532,0.282456,0.630137,0.882162,1,0.1,0.436051,2.97523,2,0.468373,1,2,0.65,0.65,1,0.000727998,7.09934,1,1,1,1,1,0.245206,1,210,3.43599,1.16773,0.959577,1,10,0.166192,1.87961,0,0.0213962,0,0.0236775,0,0,0,1,0.5,2.32498,0.671868,0.1,0.408685,0.1,0.25,0.25,10,0.348731,0.1,0.1,0.241479,0.0304,0.028339,0.000779559,0.0254685,1,0.075,4.5,114,487,295,171,1,12,1,0.892142,2.33032e-13
977,0,1,0.9,0.9,0,0.841986,0.0376631,0,1,1,1,1,1,1,0.336108,0,0,0,0,0,1,0.294735,0.75,0.1,2.23071,2.60912,2.74625,3,1,1,1,4.5,33,35,1,0.148532,0.282456,0.630137,0.882162,1,0.1,0.436051,2.97523,2,0.468373,1,2,0.65,0.65,1,0.36716,0.672412,1,1,1,1,1,0.00401058,1,210,3.43599,1.16773,0.959577,1,10,0.201089,0.448675,0,1.79779,0,0.0400141,0,0,0,1,0.5,2.32498,0.671868,0.1,0.408685,0.1,0.25,0.25,10,0.348731,0.1,0.1,0.241479,0.0304,0.028339,0.000779559,0.0254685,1,0.075,4.5,114,487,295,171,1,12,0.997244,0.934543,0
978,0,1,0.9,2.99699,0,0.953249,0.0337192,0,1,1,1,1,1,1,0.150266,0,0,0,0,0,0.150002,0.199098,0.75,0.1,2.23071,2.60912,2.74625,3,1,1,1,4.5,33,35,1,0.148532,0.282456,0.630137,0.882162,1,0.1,0.436051,2.97523,2,0.468373,1,2,0.65,0.65,1,0.102031,1.30681,1,1,1,1,1,0.0623142,1,210,3.43599,1.16773,0.959577,1,10,0.0433206,2.06501,0,0.0320303,0,0.130343,0,0,0,1,0.5,2.32498,0.671868,0.1,0.408685,0.1,0.25,0.25,10,0.348731,0.1,0.1,0.241479,0.0304,0.028339,0.000779559,0.0254685,1,0.075,4.5,114,487,295,171,1,12,1,0.972194,0
979,0,1,0.9,0.9,0,0.97785,0.0380897,0,1,1,1,1,1,1,0.643042,0,0,0,0,0,0.570321,0.144487,0.75,0.1,2.23071,2.60912,2.74625,3,1,1,1,4.5,33,35,1,0.148532,0.282456,0.630137,0.882162,1,0.1,0.436051,2.97523,2,0.468373,1,2,0.65,0.65,1,0.0460705,0.230322,1,1,1,1,1,0.358317,1,210,3.43599,1.16773,0.959577,1,10,0.0436677,2.15462,0,0.223976,0,0.00372143,0,0,0,1,0.5,2.32498,0.671868,0.1,0.408685,0.1,0.25,0.25,10,0.348731,0.1,0.1,0.241479,0.0304,0.028339,0.000779559,0.0254685,1,0.075,4.5,114,487,295,171,1,12,0.90456,1,0
980,0,1,0.9,0.9,0,0.96694,0.0367794,0,1,1,1,1,1,1,0.330755,0,0,0,0,0,0.244759,0.224388,0.75,0.1,2.23071,2.60912,2.74625,3,1,1,1,4.5,33,35,1,0.148532,0.282456,0.630137,0.882162,1,0.1,0.436051,2.97523,2,0.468373,1,2,0.65,0.65,1,0.0063409,0.626221,1,1,1,1,1,0.0946119,1,210,3.43599,1.16773,0.959577,1,10,0.00565271,1.8003,0,0.101823,0,0.618635,0,0,0,1,0.5,2.32498,0.671868,0.1,0.408685,0.1,0.25,0.25,10,0.348731,0.1,0.1,0.241479,0.0304,0.028339,0.000779559,0.0254685,1,0.075,4.5,114,487,295,171,1,12,0.955604,0.816722,0
981,0,1,0.9,0.9,0,1.31993,0.0354854,0,1,1,1,1,1,1,1,0,0,0,0,0,0.357194,0.254095,0.75,0.1,2.23071,2.60912,2.74625,3,1,1,1,4.5,33,35,1,0.148532,0.282456,0.630137,0.882162,1,0.1,0.436051,2.97523,2,0.468373,1,2,0.65,0.65,1,0.00862914,1.91331,1,1,1,1,1,0.0744273,1,210,3.43599,1.16773,0.959577,1,10,0.21574,17.8347,0,0.12161,0,0.0972202,0,0,0,1,0.5,2.32498,0.671868,0.1,0.408685,0.1,0.25,0.25,10,0.348731,0.1,0.1,0.241479,0.0304,0.028339,0.000779559,0.0254685,1,0.075,4.5,114,487,295,171,1,12,1,0.972051,0.00119048
982,0,1,0.9,0.9,0,0.939362,0.043738,0,1,1,1,1,1,1,0.326466,0,0,0,0,0,1,0.328067,0.75,0.1,2.23071,2.60912,2.74625,3,1,1,1,4.5,33,35,1,0.148532,0.282456,0.630137,0.882162,1,0.1,0.436051,2.97523,2,0.468373,1,2,0.65,0.65,1,0.026125,1.09727,1,1,1,1,1,0.0937188,1,210,3.43599,1.16773,0.959577,1,10,0.0474674,0.604874,0,0.00366609,0,0.0218524,0,0,0,1,0.5,2.32498,0.671868,0.1,0.408685,0.1,0.25,0.25,10,0.348731,0.1,0.1,0.241479,0.0304,0.028339,0.000779559,0.0254685,1,0.075,4.5,114,487,295,171,1,12,1,1,0.000179637
983,0,1,0.9,0.9,0,1.17533,0.0360859,0,1,1,1,1,1,1,0.95104,0,0,0,0,0,0.142981,1,0.75,0.1,2.23071,2.60912,2.74625,3,1,1,1,4.5,33,35,1,0.148532,0.282456,0.630137,0.882162,1,0.1,0.436051,2.97523,2,0.468373,1,2,0.65,0.65,1,0.0253601,1.66517,1,1,1,1,1,7.09202,7.09202,210,3.43599,1.16773,0.959577,1,10,0.069014,1.23494,0,0.0599014,0,0.273331,0,0,0,1,0.5,2.32498,0.671868,0.1,0.408685,0.1,0.25,0.25,10,0.348731,0.1,0.1,0.241479,0.0304,0.028339,0.000779559,0.0254685,1,0.075,4.5,114,487,295,171,1,12,0.926067,0.928305,9.88619e-13
984,0,1,0.9,1.2357,0,1.36159,0.0377722,0,1,1,1,1,1,1,1,0,0,0,0,0,1,0.196069,0.75,0.1,2.23071,2.60912,2.74625,3,1,1,1,4.5,33,35,1,0.148532,0.282456,0.630137,0.882162,1,0.1,0.436051,2.97523,2,0.468373,1,2,0.65,0.65,1,1.12072,1.12072,1,1,1,1,1,0.0061506,1,210,3.43599,1.16773,0.959577,1,10,0.0272636,0.385387,0,0.97364,0,0.0874708,0,0,0,1,0.5,2.32498,0.671868,0.1,0.408685,0.1,0.25,0.25,10,0.348731,0.1,0.1,0.241479,0.0304,0.028339,0.000779559,0.0254685,1,0.075,4.5,114,487,295,171,1,12,0.936862,0.842069,7.05497e-14
985,0,1,0.9,1.12953,0,1.01125,0.0383025,0,1,1,1,1,1,1,0.0646699,0,0,0,0,0,0.735735,0.621002,0.75,0.1,2.23071,2.60912,2.74625,3,1,1,1,4.5,33,35,1,0.148532,0.282456,0.630137,0.882162,1,0.1,0.436051,2.97523,2,0.468373,1,2,0.65,0.65,1,0.00221388,0.68187,1,1,1,1,1,0.213686,1,210,3.43599,1.16773,0.959577,1,10,0.151656,5.16419,0,1.5108,0,0.341986,0,0,0,1,0.5,2.32498,0.671868,0.1,0.408685,0.1,0.25,0.25,10,0.348731,0.1,0.1,0.241479,0.0304,0.028339,0.000779559,0.0254685,1,0.075,4.5,114,487,295,171,1,12,1,0.939942,0
986,0,1,0.9,0.9,0,0.909616,0.0403374,0,1,1,1,1,1,1,0.216011,0,0,0,0,0,0.335589,0.734454,0.75,0.1,2.23071,2.60912,2.74625,3,1,1,1,4.5,33,35,1,0.148532,0.282456,0.630137,0.882162,1,0.1,0.436051,2.97523,2,0.468373,1,2,0.65,0.65,1,0.00558538,1.22882,1,1,1,1,1,0.029015,1,210,3.43599,1.16773,0.959577,1,10,0.0838216,7.98892,0,0.365984,0,0.00149898,0,0,0,1,0.5,2.32498,0.671868,0.1,0.408685,0.1,0.25,0.25,10,0.348731,0.1,0.1,0.241479,0.0304,0.028339,0.000779559,0.0254685,1,0.075,4.5,114,487,295,171,1,12,1,0.953429,0.000179637
987,0,1,0.9,2.96338,0,0.855183,0.0408647,0,1,1,1,1,1,1,0.679223,0,0,0,0,0,0.721961,0.29708,0.75,0.1,2.23071,2.60912,2.74625,3,1,1,1,4.5,33,35,1,0.148532,0.282456,0.630137,0.882162,1,0.1,0.436051,2.97523,2,0.468373,1,2,0.65,0.65,1,0.0478317,1.14249,1,1,1,1,1,0.107105,1,210,3.43599,1.16773,0.959577,1,10,0.0600826,0.311409,0,4.67176,0,0.0397397,0,0,0,1,0.5,2.32498,0.671868,0.1,0.408685,0.1,0.25,0.25,10,0.348731,0.1,0.1,0.241479,0.0304,0.028339,0.000779559,0.0254685,1,0.075,4.5,114,487,295,171,1,12,0.854367,0.85444,6.48645e-13
988,0,1,0.9,3.13727,0,1.03472,0.0378889,0,1,1,1,1,1,1,1,0,0,0,0,0,1,0.123549,0.75,0.1,2.23071,2.60912,2.74625,3,1,1,1,4.5,33,35,1,0.148532,0.282456,0.630137,0.882162,1,0.1,0.436051,2.97523,2,0.468373,1,2,0.65,0.65,1,0.0291784,0.314764,1,1,1,1,1,0.00721544,1,210,3.43599,1.16773,0.959577,1,10,0.0716291,1.31485,0,0.0567939,0,1.62386,0,0,0,1,0.5,2.32498,0.671868,0.1,0.408685,0.1,0.25,0.25,10,0.348731,0.1,0.1,0.241479,0.0304,0.028339,0.000779559,0.0254685,1,0.075,4.5,114,487,295,171,1,12,0.907408,0.876087,5.19942e-14
989,0,1,0.9,0.9,0,0.907168,0.0376158,0,1,1,1,1,1,1,0.696995,0,0,0,0,0,1,1,0.75,0.1,2.23071,2.60912,2.74625,3,1,1,1,4.5,33,35,1,0.148532,0.282456,0.630137,0.882162,1,0.1,0.436051,2.97523,2,0.468373,1,2,0.65,0.65,1,0.00122343,2.45592,1,1,1,1,1,0.0684605,1,210,3.43599,1.16773,0.959577,1,10,0.0125109,10.7561,0,0.601483,0,0.138628,0,0,0,1,0.5,2.32498,0.671868,0.1,0.408685,0.1,0.25,0.25,10,0.348731,0.1,0.1,0.241479,0.0304,0.028339,0.000779559,0.0254685,1,0.075,4.5,114,487,295,171,1,12,1,1,5.19942e-14
990,0,1,0.9,0.9,0,1.15291,0.0431523,0,1,1,1,1,1,1,0.102221,0,0,0,0,0,0.357521,1,0.75,0.1,2.23071,2.60912,2.74625,3,1,1,1,4.5,33,35,1,0.148532,0.282456,0.630137,0.882162,1,0.1,0.436051,2.97523,2,0.468373,1,2,0.65,0.65,1,0.0030685,26.7669,1,1,1,1,1,0.124586,1,210,3.43599,1.16773,0.959577,1,10,0.0893577,1.80474,0,0.514097,0,0.011832,0,0,0,1,0.5,2.32498,0.671868,0.1,0.408685,0.1,0.25,0.25,10,0.348731,0.1,0.1,0.241479,0.0304,0.028339,0.000779559,0.0254685,1,0.075,4.5,114,487,295,171,1,12,0.915546,0.851456,0
991,0,1,0.9,1.11664,0,0.928651,0.0375359,0,1,1,1,1,1,1,0.777044,0,0,0,0,0,0.714007,0.999168,0.75,0.1,2.23071,2.60912,2.74625,3,1,1,1,4.5,33,35,1,0.148532,0.282456,0.630137,0.882162,1,0.1,0.436051,2.97523,2,0.468373,1,2,0.65,0.65,1,0.0126133,0.537754,1,1,1,1,1,0.00915896,1,210,3.43599,1.16773,0.959577,1,10,0.04727,1.58615,0,0.111566,0,0.138874,0,0,0,1,0.5,2.32498,0.671868,0.1,0.408685,0.1,0.25,0.25,10,0.348731,0.1,0.1,0.241479,0.0304,0.028339,0.000779559,0.0254685,1,0.075,4.5,114,487,295,171,1,12,1,0.853946,0
992,0,1,0.9,0.9,0,0.980379,0.0406356,0,1,1,1,1,1,1,1,0,0,0,0,0,0.753456,0.263584,0.75,0.1,2.23071,2.60912,2.74625,3,1,1,1,4.5,33,35,1,0.148532,0.282456,0.630137,0.882162,1,0.1,0.436051,2.97523,2,0.468373,1,2,0.65,0.65,1,0.109415,2.11857,1,1,1,1,1,0.0319412,1,210,3.43599,1.16773,0.959577,1,10,0.0937619,2.77657,0,0.00482299,0,1.00979,0,0,0,1,0.5,2.32498,0.671868,0.1,0.408685,0.1,0.25,0.25,10,0.348731,0.1,0.1,0.241479,0.0304,0.028339,0.000779559,0.0254685,1,0.075,4.5,114,487,295,171,1,12,1,0.822176,5.19942e-14
993,0,1,0.9,0.908869,0,0.983546,0.0418538,0,1,1,1,1,1,1,0.106694,0,0,0,0,0,0.202195,1,0.75,0.1,2.23071,2.60912,2.74625,3,1,1,1,4.5,33,35,1,0.148532,0.282456,0.630137,0.882162,1,0.1,0.436051,2.97523,2,0.468373,1,2,0.65,0.65,1,0.0157333,0.110404,1,1,1,1,1,1.57357,1.57357,210,3.43599,1.16773,0.959577,1,10,0.0290058,2.9658,0,0.107449,0,0.0653213,0,0,0,1,0.5,2.32498,0.671868,0.1,0.408685,0.1,0.25,0.25,10,0.348731,0.1,0.1,0.241479,0.0304,0.028339,0.000779559,0.0254685,1,0.075,4.5,114,487,295,171,1,12,1,0.823441,0
994,0,1,0.9,0.9,0,0.9721,0.0441154,0,1,1,1,1,1,1,0.0769718,0,0,0,0,0,0.183567,0.714539,0.75,0.1,2.23071,2.60912,2.74625,3,1,1,1,4.5,33,35,1,0.148532,0.282456,0.630137,0.882162,1,0.1,0.436051,2.97523,2,0.468373,1,2,0.65,0.65,1,0.916893,2.12608,1,1,1,1,1,1.13175,1.13175,210,3.43599,1.16773,0.959577,1,10,0.0495754,0.49558,0,0.134742,0,0.0125434,0,0,0,1,0.5,2.32498,0.671868,0.1,0.408685,0.1,0.25,0.25,10,0.348731,0.1,0.1,0.241479,0.0304,0.028339,0.000779559,0.0254685,1,0.075,4.5,114,487,295,171,1,12,0.996857,0.935649,0
995,0,1,0.9,3.70131,0,1.08343,0.0433211,0,1,1,1,1,1,1,0.387778,0,0,0,0,0,1,0.161151,0.75,0.1,2.23071,2.60912,2.74625,3,1,1,1,4.5,33,35,1,0.148532,0.282456,0.630137,0.882162,1,0.1,0.436051,2.97523,2,0.468373,1,2,0.65,0.65,1,0.00549625,3.16248,1,1,1,1,1,0.0136675,1,210,3.43599,1.16773,0.959577,1,10,0.110199,1.94833,0,0.475135,0,0.0832701,0,0,0,1,0.5,2.32498,0.671868,0.1,0.408685,0.1,0.25,0.25,10,0.348731,0.1,0.1,0.241479,0.0304,0.028339,0.000779559,0.0254685,1,0.075,4.5,114,487,295,171,1,12,1,0.883457,7.84038e-14
996,0,1,0.9,1.7549,0,1.05415,0.0420137,0,1,1,1,1,1,1,1,0,0,0,0,0,0.283091,0.213171,0.75,0.1,2.23071,2.60912,2.74625,3,1,1,1,4.5,33,35,1,0.148532,0.282456,0.630137,0.882162,1,0.1,0.436051,2.97523,2,0.468373,1,2,0.65,0.65,1,0.0128561,0.751758,1,1,1,1,1,0.0376896,1,210,3.43599,1.16773,0.959577,1,10,0.0681688,0.878315,0,0.34554,0,0.0495098,0,0,0,1,0.5,2.32498,0.671868,0.1,0.408685,0.1,0.25,0.25,10,0.348731,0.1,0.1,0.241479,0.0304,0.028339,0.000779559,0.0254685,1,0.075,4.5,114,487,295,171,1,12,0.883221,0.915383,0.00960555
997,0,1,0.9,3.10133,0,0.971633,0.0438155,0,1,1,1,1,1,1,1,0,0,0,0,0,0.213136,1,0.75,0.1,2.23071,2.60912,2.74625,3,1,1,1,4.5,33,35,1,0.148532,0.282456,0.630137,0.882162,1,0.1,0.436051,2.97523,2,0.468373,1,2,0.65,0.65,1,0.0047231,1.36101,1,1,1,1,1,0.478173,1,210,3.43599,1.16773,0.959577,1,10,0.0136841,0.338325,0,3.98193,0,0.185316,0,0,0,1,0.5,2.32498,0.671868,0.1,0.408685,0.1,0.25,0.25,10,0.348731,0.1,0.1,0.241479,0.0304,0.028339,0.000779559,0.0254685,1,0.075,4.5,114,487,295,171,1,12,0.995355,1,0.000179637
998,0,1,0.9,1.36333,0,0.87019,0.0421984,0,1,1,1,1,1,1,1,0,0,0,0,0,0.522128,0.0657418,0.75,0.1,2.23071,2.60912,2.74625,3,1,1,1,4.5,33,35,1,0.148532,0.282456,0.630137,0.882162,1,0.1,0.436051,2.97523,2,0.468373,1,2,0.65,0.65,1,0.00388029,1.54349,1,1,1,1,1,0.0366289,1,210,3.43599,1.16773,0.959577,1,10,0.13858,0.45905,0,11.0389,0,0.0756788,0,0,0,1,0.5,2.32498,0.671868,0.1,0.408685,0.1,0.25,0.25,10,0.348731,0.1,0.1,0.241479,0.0304,0.028339,0.000779559,0.0254685,1,0.075,4.5,114,487,295,171,1,12,1,1,0.000179637
999,0,1,0.9,1.59511,0,0.973635,0.0435039,0,1,1,1,1,1,1,1,0,0,0,0,0,0.332507,0.311986,0.75,0.1,2.23071,2.60912,2.74625,3,1,1,1,4.5,33,35,1,0.148532,0.282456,0.630137,0.882162,1,0.1,0.436051,2.97523,2,0.468373,1,2,0.65,0.65,1,0.0456576,4.43618,1,1,1,1,1,0.00217384,1,210,3.43599,1.16773,0.959577,1,10,0.177733,1.56018,0,0.00175079,0,4.33898,0,0,0,1,0.5,2.32498,0.671868,0.1,0.408685,0.1,0.25,0.25,10,0.348731,0.1,0.1,0.241479,0.0304,0.028339,0.000779559,0.0254685,1,0.075,4.5,114,487,295,171,1,12,1,1,0.00263158
1000,0,1,0.9,0.9,0,1.14192,0.042158,0,1,1,1,1,1,1,0.755576,0,0,0,0,0,0.881829,1,0.75,0.1,2.23071,2.60912,2.74625,3,1,1,1,4.5,33,35,1,0.148532,0.282456,0.630137,0.882162,1,0.1,0.436051,2.97523,2,0.468373,1,2,0.65,0.65,1,0.0115772,2.33511,1,1,1,1,1,0.0991199,1,210,3.43599,1.16773,0.959577,1,10,0.0867427,1.11403,0,0.0337169,0,0.58526,0,0,0,1,0.5,2.32498,0.671868,0.1,0.408685,0.1,0.25,0.25,10,0.348731,0.1,0.1,0.241479,0.0304,0.028339,0.000779559,0.0254685,1,0.075,4.5,114,487,295,171,1,12,1,0.955722,5.26041e-13
